[0m14:23:16.457202 [debug] [MainThread]: Sending event: {'category': 'dbt', 'action': 'invocation', 'label': 'start', 'context': [<snowplow_tracker.self_describing_json.SelfDescribingJson object at 0x107da5df0>, <snowplow_tracker.self_describing_json.SelfDescribingJson object at 0x11247b820>, <snowplow_tracker.self_describing_json.SelfDescribingJson object at 0x11247bb20>]}


============================== 14:23:16.459907 | 06a44aff-32bb-4b2f-af9e-d90a1b1d20d7 ==============================
[0m14:23:16.459907 [info ] [MainThread]: Running with dbt=1.10.22
[0m14:23:16.460268 [debug] [MainThread]: running dbt with arguments {'printer_width': '80', 'indirect_selection': 'eager', 'write_json': 'True', 'log_cache_events': 'False', 'partial_parse': 'True', 'cache_selected_only': 'False', 'warn_error': 'None', 'fail_fast': 'False', 'version_check': 'True', 'log_path': '/Users/nicholaschong/Projects/7shifts_summit_project/seven_shifts_project/logs', 'debug': 'False', 'profiles_dir': '/Users/nicholaschong/.dbt', 'use_colors': 'True', 'use_experimental_parser': 'False', 'no_print': 'None', 'quiet': 'False', 'empty': 'None', 'warn_error_options': 'WarnErrorOptionsV2(error=[], warn=[], silence=[])', 'introspect': 'True', 'log_format': 'default', 'static_parser': 'True', 'target_path': 'None', 'invocation_command': 'dbt debug', 'send_anonymous_usage_stats': 'True'}
[0m14:23:16.468538 [info ] [MainThread]: dbt version: 1.10.22
[0m14:23:16.468808 [info ] [MainThread]: python version: 3.9.6
[0m14:23:16.469013 [info ] [MainThread]: python path: /Users/nicholaschong/Projects/7shifts_summit_project/venv/bin/python3
[0m14:23:16.469209 [info ] [MainThread]: os info: macOS-15.6.1-arm64-arm-64bit
[0m14:23:16.471784 [info ] [MainThread]: target not specified in profile 'seven_shifts_project', using 'default'
[0m14:23:16.472220 [info ] [MainThread]: Using profiles dir at /Users/nicholaschong/.dbt
[0m14:23:16.472473 [info ] [MainThread]: Using profiles.yml file at /Users/nicholaschong/.dbt/profiles.yml
[0m14:23:16.477722 [info ] [MainThread]: Using dbt_project.yml file at /Users/nicholaschong/Projects/7shifts_summit_project/seven_shifts_project/dbt_project.yml
[0m14:23:16.572312 [info ] [MainThread]: Configuration:
[0m14:23:16.572636 [info ] [MainThread]:   profiles.yml file [[31mERROR invalid[0m]
[0m14:23:16.572850 [info ] [MainThread]:   dbt_project.yml file [[32mOK found and valid[0m]
[0m14:23:16.573038 [info ] [MainThread]: Required dependencies:
[0m14:23:16.573291 [debug] [MainThread]: Executing "git --help"
[0m14:23:16.589962 [debug] [MainThread]: STDOUT: "b"usage: git [-v | --version] [-h | --help] [-C <path>] [-c <name>=<value>]\n           [--exec-path[=<path>]] [--html-path] [--man-path] [--info-path]\n           [-p | --paginate | -P | --no-pager] [--no-replace-objects] [--no-lazy-fetch]\n           [--no-optional-locks] [--no-advice] [--bare] [--git-dir=<path>]\n           [--work-tree=<path>] [--namespace=<name>] [--config-env=<name>=<envvar>]\n           <command> [<args>]\n\nThese are common Git commands used in various situations:\n\nstart a working area (see also: git help tutorial)\n   clone      Clone a repository into a new directory\n   init       Create an empty Git repository or reinitialize an existing one\n\nwork on the current change (see also: git help everyday)\n   add        Add file contents to the index\n   mv         Move or rename a file, a directory, or a symlink\n   restore    Restore working tree files\n   rm         Remove files from the working tree and from the index\n\nexamine the history and state (see also: git help revisions)\n   bisect     Use binary search to find the commit that introduced a bug\n   diff       Show changes between commits, commit and working tree, etc\n   grep       Print lines matching a pattern\n   log        Show commit logs\n   show       Show various types of objects\n   status     Show the working tree status\n\ngrow, mark and tweak your common history\n   backfill   Download missing objects in a partial clone\n   branch     List, create, or delete branches\n   commit     Record changes to the repository\n   merge      Join two or more development histories together\n   rebase     Reapply commits on top of another base tip\n   reset      Reset current HEAD to the specified state\n   switch     Switch branches\n   tag        Create, list, delete or verify a tag object signed with GPG\n\ncollaborate (see also: git help workflows)\n   fetch      Download objects and refs from another repository\n   pull       Fetch from and integrate with another repository or a local branch\n   push       Update remote refs along with associated objects\n\n'git help -a' and 'git help -g' list available subcommands and some\nconcept guides. See 'git help <command>' or 'git help <concept>'\nto read about a specific subcommand or concept.\nSee 'git help git' for an overview of the system.\n""
[0m14:23:16.590827 [debug] [MainThread]: STDERR: "b''"
[0m14:23:16.591099 [info ] [MainThread]:  - git [[32mOK found[0m]

[0m14:23:16.591668 [info ] [MainThread]: Connection test skipped since no profile was found
[0m14:23:16.592004 [info ] [MainThread]: [31m1 check failed:[0m
[0m14:23:16.592269 [info ] [MainThread]: Profile loading failed for the following reason:
Runtime Error
  The profile 'seven_shifts_project' does not have a target named 'default'. The valid target names for this profile are:
   - dev
   - target


[0m14:23:16.594161 [debug] [MainThread]: Resource report: {"command_name": "debug", "command_success": false, "command_wall_clock_time": 0.18062566, "process_in_blocks": "0", "process_kernel_time": 0.105625, "process_mem_max_rss": "102629376", "process_out_blocks": "0", "process_user_time": 0.827634}
[0m14:23:16.594535 [debug] [MainThread]: Command `dbt debug` failed at 14:23:16.594465 after 0.18 seconds
[0m14:23:16.594891 [debug] [MainThread]: Sending event: {'category': 'dbt', 'action': 'invocation', 'label': 'end', 'context': [<snowplow_tracker.self_describing_json.SelfDescribingJson object at 0x107da5df0>, <snowplow_tracker.self_describing_json.SelfDescribingJson object at 0x110499220>, <snowplow_tracker.self_describing_json.SelfDescribingJson object at 0x114110bb0>]}
[0m14:23:16.595233 [debug] [MainThread]: Flushing usage events
[0m14:23:16.715878 [debug] [MainThread]: An error was encountered while trying to flush usage events
[0m14:24:31.301253 [debug] [MainThread]: Sending event: {'category': 'dbt', 'action': 'invocation', 'label': 'start', 'context': [<snowplow_tracker.self_describing_json.SelfDescribingJson object at 0x1036c6d60>, <snowplow_tracker.self_describing_json.SelfDescribingJson object at 0x104747790>, <snowplow_tracker.self_describing_json.SelfDescribingJson object at 0x104747a90>]}


============================== 14:24:31.304090 | adb3eac5-41fa-4ca4-900e-9a89aa5315ea ==============================
[0m14:24:31.304090 [info ] [MainThread]: Running with dbt=1.10.22
[0m14:24:31.304450 [debug] [MainThread]: running dbt with arguments {'printer_width': '80', 'indirect_selection': 'eager', 'log_cache_events': 'False', 'write_json': 'True', 'partial_parse': 'True', 'cache_selected_only': 'False', 'warn_error': 'None', 'debug': 'False', 'fail_fast': 'False', 'log_path': '/Users/nicholaschong/Projects/7shifts_summit_project/seven_shifts_project/logs', 'profiles_dir': '/Users/nicholaschong/.dbt', 'version_check': 'True', 'use_colors': 'True', 'use_experimental_parser': 'False', 'empty': 'None', 'quiet': 'False', 'no_print': 'None', 'log_format': 'default', 'invocation_command': 'dbt debug', 'warn_error_options': 'WarnErrorOptionsV2(error=[], warn=[], silence=[])', 'static_parser': 'True', 'target_path': 'None', 'introspect': 'True', 'send_anonymous_usage_stats': 'True'}
[0m14:24:31.313038 [info ] [MainThread]: dbt version: 1.10.22
[0m14:24:31.313324 [info ] [MainThread]: python version: 3.9.6
[0m14:24:31.313531 [info ] [MainThread]: python path: /Users/nicholaschong/Projects/7shifts_summit_project/venv/bin/python3
[0m14:24:31.313725 [info ] [MainThread]: os info: macOS-15.6.1-arm64-arm-64bit
[0m14:24:31.316317 [info ] [MainThread]: target not specified in profile 'seven_shifts_project', using 'default'
[0m14:24:31.316871 [info ] [MainThread]: Using profiles dir at /Users/nicholaschong/.dbt
[0m14:24:31.317078 [info ] [MainThread]: Using profiles.yml file at /Users/nicholaschong/.dbt/profiles.yml
[0m14:24:31.317264 [info ] [MainThread]: Using dbt_project.yml file at /Users/nicholaschong/Projects/7shifts_summit_project/seven_shifts_project/dbt_project.yml
[0m14:24:31.394780 [info ] [MainThread]: Configuration:
[0m14:24:31.395189 [info ] [MainThread]:   profiles.yml file [[31mERROR invalid[0m]
[0m14:24:31.395400 [info ] [MainThread]:   dbt_project.yml file [[32mOK found and valid[0m]
[0m14:24:31.395933 [info ] [MainThread]: Required dependencies:
[0m14:24:31.396209 [debug] [MainThread]: Executing "git --help"
[0m14:24:31.420970 [debug] [MainThread]: STDOUT: "b"usage: git [-v | --version] [-h | --help] [-C <path>] [-c <name>=<value>]\n           [--exec-path[=<path>]] [--html-path] [--man-path] [--info-path]\n           [-p | --paginate | -P | --no-pager] [--no-replace-objects] [--no-lazy-fetch]\n           [--no-optional-locks] [--no-advice] [--bare] [--git-dir=<path>]\n           [--work-tree=<path>] [--namespace=<name>] [--config-env=<name>=<envvar>]\n           <command> [<args>]\n\nThese are common Git commands used in various situations:\n\nstart a working area (see also: git help tutorial)\n   clone      Clone a repository into a new directory\n   init       Create an empty Git repository or reinitialize an existing one\n\nwork on the current change (see also: git help everyday)\n   add        Add file contents to the index\n   mv         Move or rename a file, a directory, or a symlink\n   restore    Restore working tree files\n   rm         Remove files from the working tree and from the index\n\nexamine the history and state (see also: git help revisions)\n   bisect     Use binary search to find the commit that introduced a bug\n   diff       Show changes between commits, commit and working tree, etc\n   grep       Print lines matching a pattern\n   log        Show commit logs\n   show       Show various types of objects\n   status     Show the working tree status\n\ngrow, mark and tweak your common history\n   backfill   Download missing objects in a partial clone\n   branch     List, create, or delete branches\n   commit     Record changes to the repository\n   merge      Join two or more development histories together\n   rebase     Reapply commits on top of another base tip\n   reset      Reset current HEAD to the specified state\n   switch     Switch branches\n   tag        Create, list, delete or verify a tag object signed with GPG\n\ncollaborate (see also: git help workflows)\n   fetch      Download objects and refs from another repository\n   pull       Fetch from and integrate with another repository or a local branch\n   push       Update remote refs along with associated objects\n\n'git help -a' and 'git help -g' list available subcommands and some\nconcept guides. See 'git help <command>' or 'git help <concept>'\nto read about a specific subcommand or concept.\nSee 'git help git' for an overview of the system.\n""
[0m14:24:31.421519 [debug] [MainThread]: STDERR: "b''"
[0m14:24:31.421792 [info ] [MainThread]:  - git [[32mOK found[0m]

[0m14:24:31.422027 [info ] [MainThread]: Connection test skipped since no profile was found
[0m14:24:31.422253 [info ] [MainThread]: [31m1 check failed:[0m
[0m14:24:31.422529 [info ] [MainThread]: Profile loading failed for the following reason:
Runtime Error
  The profile 'seven_shifts_project' does not have a target named 'default'. The valid target names for this profile are:
   - dev
   - target


[0m14:24:31.424963 [debug] [MainThread]: Resource report: {"command_name": "debug", "command_success": false, "command_wall_clock_time": 0.16718084, "process_in_blocks": "0", "process_kernel_time": 0.104306, "process_mem_max_rss": "102105088", "process_out_blocks": "0", "process_user_time": 0.82813}
[0m14:24:31.425301 [debug] [MainThread]: Command `dbt debug` failed at 14:24:31.425238 after 0.17 seconds
[0m14:24:31.425655 [debug] [MainThread]: Sending event: {'category': 'dbt', 'action': 'invocation', 'label': 'end', 'context': [<snowplow_tracker.self_describing_json.SelfDescribingJson object at 0x1036c6d60>, <snowplow_tracker.self_describing_json.SelfDescribingJson object at 0x103a61d00>, <snowplow_tracker.self_describing_json.SelfDescribingJson object at 0x104809f10>]}
[0m14:24:31.425972 [debug] [MainThread]: Flushing usage events
[0m14:24:31.628783 [debug] [MainThread]: An error was encountered while trying to flush usage events
[0m14:25:36.566928 [debug] [MainThread]: Sending event: {'category': 'dbt', 'action': 'invocation', 'label': 'start', 'context': [<snowplow_tracker.self_describing_json.SelfDescribingJson object at 0x105b15df0>, <snowplow_tracker.self_describing_json.SelfDescribingJson object at 0x106b97820>, <snowplow_tracker.self_describing_json.SelfDescribingJson object at 0x106b97b20>]}


============================== 14:25:36.569729 | 37a78483-526d-4e34-849e-19a6f7fb372c ==============================
[0m14:25:36.569729 [info ] [MainThread]: Running with dbt=1.10.22
[0m14:25:36.570111 [debug] [MainThread]: running dbt with arguments {'printer_width': '80', 'indirect_selection': 'eager', 'write_json': 'True', 'log_cache_events': 'False', 'partial_parse': 'True', 'cache_selected_only': 'False', 'warn_error': 'None', 'version_check': 'True', 'fail_fast': 'False', 'log_path': '/Users/nicholaschong/Projects/7shifts_summit_project/seven_shifts_project/logs', 'debug': 'False', 'profiles_dir': '/Users/nicholaschong/.dbt', 'use_colors': 'True', 'use_experimental_parser': 'False', 'empty': 'None', 'quiet': 'False', 'no_print': 'None', 'warn_error_options': 'WarnErrorOptionsV2(error=[], warn=[], silence=[])', 'invocation_command': 'dbt debug', 'log_format': 'default', 'introspect': 'True', 'target_path': 'None', 'static_parser': 'True', 'send_anonymous_usage_stats': 'True'}
[0m14:25:36.578448 [info ] [MainThread]: dbt version: 1.10.22
[0m14:25:36.578724 [info ] [MainThread]: python version: 3.9.6
[0m14:25:36.578968 [info ] [MainThread]: python path: /Users/nicholaschong/Projects/7shifts_summit_project/venv/bin/python3
[0m14:25:36.579207 [info ] [MainThread]: os info: macOS-15.6.1-arm64-arm-64bit
[0m14:25:36.595372 [info ] [MainThread]: Using profiles dir at /Users/nicholaschong/.dbt
[0m14:25:36.595666 [info ] [MainThread]: Using profiles.yml file at /Users/nicholaschong/.dbt/profiles.yml
[0m14:25:36.595870 [info ] [MainThread]: Using dbt_project.yml file at /Users/nicholaschong/Projects/7shifts_summit_project/seven_shifts_project/dbt_project.yml
[0m14:25:36.596317 [info ] [MainThread]: adapter type: sqlite
[0m14:25:36.596555 [info ] [MainThread]: adapter version: 1.10.0
[0m14:25:36.656878 [info ] [MainThread]: Configuration:
[0m14:25:36.657194 [info ] [MainThread]:   profiles.yml file [[32mOK found and valid[0m]
[0m14:25:36.657403 [info ] [MainThread]:   dbt_project.yml file [[32mOK found and valid[0m]
[0m14:25:36.657601 [info ] [MainThread]: Required dependencies:
[0m14:25:36.657834 [debug] [MainThread]: Executing "git --help"
[0m14:25:36.672726 [debug] [MainThread]: STDOUT: "b"usage: git [-v | --version] [-h | --help] [-C <path>] [-c <name>=<value>]\n           [--exec-path[=<path>]] [--html-path] [--man-path] [--info-path]\n           [-p | --paginate | -P | --no-pager] [--no-replace-objects] [--no-lazy-fetch]\n           [--no-optional-locks] [--no-advice] [--bare] [--git-dir=<path>]\n           [--work-tree=<path>] [--namespace=<name>] [--config-env=<name>=<envvar>]\n           <command> [<args>]\n\nThese are common Git commands used in various situations:\n\nstart a working area (see also: git help tutorial)\n   clone      Clone a repository into a new directory\n   init       Create an empty Git repository or reinitialize an existing one\n\nwork on the current change (see also: git help everyday)\n   add        Add file contents to the index\n   mv         Move or rename a file, a directory, or a symlink\n   restore    Restore working tree files\n   rm         Remove files from the working tree and from the index\n\nexamine the history and state (see also: git help revisions)\n   bisect     Use binary search to find the commit that introduced a bug\n   diff       Show changes between commits, commit and working tree, etc\n   grep       Print lines matching a pattern\n   log        Show commit logs\n   show       Show various types of objects\n   status     Show the working tree status\n\ngrow, mark and tweak your common history\n   backfill   Download missing objects in a partial clone\n   branch     List, create, or delete branches\n   commit     Record changes to the repository\n   merge      Join two or more development histories together\n   rebase     Reapply commits on top of another base tip\n   reset      Reset current HEAD to the specified state\n   switch     Switch branches\n   tag        Create, list, delete or verify a tag object signed with GPG\n\ncollaborate (see also: git help workflows)\n   fetch      Download objects and refs from another repository\n   pull       Fetch from and integrate with another repository or a local branch\n   push       Update remote refs along with associated objects\n\n'git help -a' and 'git help -g' list available subcommands and some\nconcept guides. See 'git help <command>' or 'git help <concept>'\nto read about a specific subcommand or concept.\nSee 'git help git' for an overview of the system.\n""
[0m14:25:36.673238 [debug] [MainThread]: STDERR: "b''"
[0m14:25:36.673491 [info ] [MainThread]:  - git [[32mOK found[0m]

[0m14:25:36.673719 [info ] [MainThread]: Connection:
[0m14:25:36.673948 [info ] [MainThread]:   database: main
[0m14:25:36.674141 [info ] [MainThread]:   schema: main
[0m14:25:36.674326 [info ] [MainThread]:   schemas_and_paths: {'main': '/Users/nicholaschong/Projects/7shifts_summit_project/data/7shifts_nyc_data.db'}
[0m14:25:36.674514 [info ] [MainThread]:   schema_directory: /Users/nicholaschong/Projects/7shifts_summit_project/data
[0m14:25:36.674901 [info ] [MainThread]: Registered adapter: sqlite=1.10.0
[0m14:25:36.743527 [debug] [MainThread]: Acquiring new sqlite connection 'debug'
[0m14:25:36.769559 [debug] [MainThread]: Using sqlite connection "debug"
[0m14:25:36.769792 [debug] [MainThread]: On debug: select 1 as id
[0m14:25:36.769970 [debug] [MainThread]: Opening a new connection, currently in state init
[0m14:25:36.771946 [debug] [MainThread]: SQL status: OK in 0.002 seconds
[0m14:25:36.772456 [debug] [MainThread]: On debug: Close
[0m14:25:36.772674 [info ] [MainThread]:   Connection test: [[32mOK connection ok[0m]

[0m14:25:36.772893 [info ] [MainThread]: [32mAll checks passed![0m
[0m14:25:36.774361 [debug] [MainThread]: Resource report: {"command_name": "debug", "command_success": true, "command_wall_clock_time": 0.25179037, "process_in_blocks": "0", "process_kernel_time": 0.14082, "process_mem_max_rss": "109150208", "process_out_blocks": "0", "process_user_time": 0.873688}
[0m14:25:36.774634 [debug] [MainThread]: Command `dbt debug` succeeded at 14:25:36.774578 after 0.25 seconds
[0m14:25:36.774831 [debug] [MainThread]: Connection 'debug' was properly closed.
[0m14:25:36.775029 [debug] [MainThread]: Sending event: {'category': 'dbt', 'action': 'invocation', 'label': 'end', 'context': [<snowplow_tracker.self_describing_json.SelfDescribingJson object at 0x105b15df0>, <snowplow_tracker.self_describing_json.SelfDescribingJson object at 0x106d56070>, <snowplow_tracker.self_describing_json.SelfDescribingJson object at 0x105e58040>]}
[0m14:25:36.775267 [debug] [MainThread]: Flushing usage events
[0m14:25:36.893703 [debug] [MainThread]: An error was encountered while trying to flush usage events
[0m14:37:27.099299 [debug] [MainThread]: Sending event: {'category': 'dbt', 'action': 'invocation', 'label': 'start', 'context': [<snowplow_tracker.self_describing_json.SelfDescribingJson object at 0x107ff9df0>, <snowplow_tracker.self_describing_json.SelfDescribingJson object at 0x109a88190>, <snowplow_tracker.self_describing_json.SelfDescribingJson object at 0x109a88490>]}


============================== 14:37:27.102116 | d29e8861-30e9-4e90-84e8-6b9734674718 ==============================
[0m14:37:27.102116 [info ] [MainThread]: Running with dbt=1.10.22
[0m14:37:27.102491 [debug] [MainThread]: running dbt with arguments {'printer_width': '80', 'indirect_selection': 'eager', 'write_json': 'True', 'log_cache_events': 'False', 'partial_parse': 'True', 'cache_selected_only': 'False', 'profiles_dir': '/Users/nicholaschong/.dbt', 'debug': 'False', 'warn_error': 'None', 'log_path': '/Users/nicholaschong/Projects/7shifts_summit_project/seven_shifts_project/logs', 'fail_fast': 'False', 'version_check': 'True', 'use_colors': 'True', 'use_experimental_parser': 'False', 'empty': 'False', 'quiet': 'False', 'no_print': 'None', 'log_format': 'default', 'invocation_command': 'dbt run', 'static_parser': 'True', 'introspect': 'True', 'target_path': 'None', 'warn_error_options': 'WarnErrorOptionsV2(error=[], warn=[], silence=[])', 'send_anonymous_usage_stats': 'True'}
[0m14:37:27.188208 [debug] [MainThread]: Sending event: {'category': 'dbt', 'action': 'project_id', 'label': 'd29e8861-30e9-4e90-84e8-6b9734674718', 'context': [<snowplow_tracker.self_describing_json.SelfDescribingJson object at 0x109cbdfa0>]}
[0m14:37:27.222001 [debug] [MainThread]: Sending event: {'category': 'dbt', 'action': 'adapter_info', 'label': 'd29e8861-30e9-4e90-84e8-6b9734674718', 'context': [<snowplow_tracker.self_describing_json.SelfDescribingJson object at 0x109a52280>]}
[0m14:37:27.222667 [info ] [MainThread]: Registered adapter: sqlite=1.10.0
[0m14:37:27.294631 [debug] [MainThread]: checksum: 04c83ee057a648a2f8e380c895ffead170732fa039f068d62b9d36aaeefaf7cc, vars: {}, profile: , target: , version: 1.10.22
[0m14:37:27.295116 [info ] [MainThread]: Unable to do partial parsing because saved manifest not found. Starting full parse.
[0m14:37:27.295365 [debug] [MainThread]: Sending event: {'category': 'dbt', 'action': 'partial_parser', 'label': 'd29e8861-30e9-4e90-84e8-6b9734674718', 'context': [<snowplow_tracker.self_describing_json.SelfDescribingJson object at 0x109c6e2e0>]}
[0m14:37:28.048314 [debug] [MainThread]: Sending event: {'category': 'dbt', 'action': 'load_project', 'label': 'd29e8861-30e9-4e90-84e8-6b9734674718', 'context': [<snowplow_tracker.self_describing_json.SelfDescribingJson object at 0x10a5b6130>]}
[0m14:37:28.108812 [debug] [MainThread]: Wrote artifact WritableManifest to /Users/nicholaschong/Projects/7shifts_summit_project/seven_shifts_project/target/manifest.json
[0m14:37:28.109937 [debug] [MainThread]: Wrote artifact SemanticManifest to /Users/nicholaschong/Projects/7shifts_summit_project/seven_shifts_project/target/semantic_manifest.json
[0m14:37:28.124825 [debug] [MainThread]: Sending event: {'category': 'dbt', 'action': 'resource_counts', 'label': 'd29e8861-30e9-4e90-84e8-6b9734674718', 'context': [<snowplow_tracker.self_describing_json.SelfDescribingJson object at 0x10a778370>]}
[0m14:37:28.125140 [info ] [MainThread]: Found 5 models, 4 data tests, 2 sources, 416 macros
[0m14:37:28.125389 [debug] [MainThread]: Sending event: {'category': 'dbt', 'action': 'runnable_timing', 'label': 'd29e8861-30e9-4e90-84e8-6b9734674718', 'context': [<snowplow_tracker.self_describing_json.SelfDescribingJson object at 0x10a3bc310>]}
[0m14:37:28.126422 [info ] [MainThread]: 
[0m14:37:28.126645 [info ] [MainThread]: Concurrency: 1 threads (target='dev')
[0m14:37:28.126850 [info ] [MainThread]: 
[0m14:37:28.127132 [debug] [MainThread]: Acquiring new sqlite connection 'master'
[0m14:37:28.130369 [debug] [ThreadPool]: Acquiring new sqlite connection 'list_main'
[0m14:37:28.191161 [debug] [ThreadPool]: Using sqlite connection "list_main"
[0m14:37:28.191509 [debug] [ThreadPool]: On list_main: BEGIN
[0m14:37:28.191722 [debug] [ThreadPool]: Opening a new connection, currently in state init
[0m14:37:28.194079 [debug] [ThreadPool]: SQL status: OK in 0.002 seconds
[0m14:37:28.194281 [debug] [ThreadPool]: Using sqlite connection "list_main"
[0m14:37:28.194457 [debug] [ThreadPool]: On list_main: /* {"app": "dbt", "dbt_version": "1.10.22", "profile_name": "seven_shifts_project", "target_name": "dev", "connection_name": "list_main"} */

        pragma database_list
    
[0m14:37:28.194647 [debug] [ThreadPool]: SQL status: OK in 0.000 seconds
[0m14:37:28.195297 [debug] [ThreadPool]: On list_main: ROLLBACK
[0m14:37:28.195478 [debug] [ThreadPool]: On list_main: Close
[0m14:37:28.196207 [debug] [ThreadPool]: Re-using an available connection from the pool (formerly list_main, now list_main_main)
[0m14:37:28.200829 [debug] [ThreadPool]: Using sqlite connection "list_main_main"
[0m14:37:28.201018 [debug] [ThreadPool]: On list_main_main: BEGIN
[0m14:37:28.201180 [debug] [ThreadPool]: Opening a new connection, currently in state closed
[0m14:37:28.201457 [debug] [ThreadPool]: SQL status: OK in 0.000 seconds
[0m14:37:28.201701 [debug] [ThreadPool]: Using sqlite connection "list_main_main"
[0m14:37:28.201905 [debug] [ThreadPool]: On list_main_main: /* {"app": "dbt", "dbt_version": "1.10.22", "profile_name": "seven_shifts_project", "target_name": "dev", "connection_name": "list_main_main"} */

        pragma database_list
    
[0m14:37:28.202104 [debug] [ThreadPool]: SQL status: OK in 0.000 seconds
[0m14:37:28.202802 [debug] [ThreadPool]: Using sqlite connection "list_main_main"
[0m14:37:28.202993 [debug] [ThreadPool]: On list_main_main: /* {"app": "dbt", "dbt_version": "1.10.22", "profile_name": "seven_shifts_project", "target_name": "dev", "connection_name": "list_main_main"} */

            SELECT
                'main' as database
                ,name
                ,'main' AS schema
                ,type as data_type
            FROM
                main.sqlite_master
            WHERE
                name NOT LIKE 'sqlite_%'
        
[0m14:37:28.203263 [debug] [ThreadPool]: SQL status: OK in 0.000 seconds
[0m14:37:28.203854 [debug] [ThreadPool]: On list_main_main: ROLLBACK
[0m14:37:28.204033 [debug] [ThreadPool]: On list_main_main: Close
[0m14:37:28.204589 [debug] [MainThread]: Sending event: {'category': 'dbt', 'action': 'runnable_timing', 'label': 'd29e8861-30e9-4e90-84e8-6b9734674718', 'context': [<snowplow_tracker.self_describing_json.SelfDescribingJson object at 0x10a70c9a0>]}
[0m14:37:28.204855 [debug] [MainThread]: Using sqlite connection "master"
[0m14:37:28.205019 [debug] [MainThread]: On master: BEGIN
[0m14:37:28.205173 [debug] [MainThread]: Opening a new connection, currently in state init
[0m14:37:28.205423 [debug] [MainThread]: SQL status: OK in 0.000 seconds
[0m14:37:28.205585 [debug] [MainThread]: On master: COMMIT
[0m14:37:28.205749 [debug] [MainThread]: Using sqlite connection "master"
[0m14:37:28.205904 [debug] [MainThread]: On master: COMMIT
[0m14:37:28.206066 [debug] [MainThread]: SQL status: OK in 0.000 seconds
[0m14:37:28.206226 [debug] [MainThread]: On master: Close
[0m14:37:28.208602 [debug] [Thread-1  ]: Began running node model.seven_shifts_project.my_first_dbt_model
[0m14:37:28.208908 [info ] [Thread-1  ]: 1 of 5 START sql table model main.my_first_dbt_model ........................... [RUN]
[0m14:37:28.209201 [debug] [Thread-1  ]: Re-using an available connection from the pool (formerly list_main_main, now model.seven_shifts_project.my_first_dbt_model)
[0m14:37:28.209419 [debug] [Thread-1  ]: Began compiling node model.seven_shifts_project.my_first_dbt_model
[0m14:37:28.214173 [debug] [Thread-1  ]: Writing injected SQL for node "model.seven_shifts_project.my_first_dbt_model"
[0m14:37:28.214786 [debug] [Thread-1  ]: Began executing node model.seven_shifts_project.my_first_dbt_model
[0m14:37:28.225511 [debug] [Thread-1  ]: Writing runtime sql for node "model.seven_shifts_project.my_first_dbt_model"
[0m14:37:28.226110 [debug] [Thread-1  ]: Using sqlite connection "model.seven_shifts_project.my_first_dbt_model"
[0m14:37:28.226335 [debug] [Thread-1  ]: On model.seven_shifts_project.my_first_dbt_model: BEGIN
[0m14:37:28.226529 [debug] [Thread-1  ]: Opening a new connection, currently in state closed
[0m14:37:28.226864 [debug] [Thread-1  ]: SQL status: OK in 0.000 seconds
[0m14:37:28.227058 [debug] [Thread-1  ]: Using sqlite connection "model.seven_shifts_project.my_first_dbt_model"
[0m14:37:28.227271 [debug] [Thread-1  ]: On model.seven_shifts_project.my_first_dbt_model: /* {"app": "dbt", "dbt_version": "1.10.22", "profile_name": "seven_shifts_project", "target_name": "dev", "node_id": "model.seven_shifts_project.my_first_dbt_model"} */

  
    
    
    create  table main."my_first_dbt_model"
    as
        /*
    Welcome to your first dbt model!
    Did you know that you can also configure models directly within SQL files?
    This will override configurations stated in dbt_project.yml

    Try changing "table" to "view" below
*/



with source_data as (

    select 1 as id
    union all
    select null as id

)

select *
from source_data

/*
    Uncomment the line below to remove records with null `id` values
*/

-- where id is not null

  
[0m14:37:28.227677 [debug] [Thread-1  ]: SQL status: OK in 0.000 seconds
[0m14:37:28.230830 [debug] [Thread-1  ]: On model.seven_shifts_project.my_first_dbt_model: COMMIT
[0m14:37:28.231050 [debug] [Thread-1  ]: Using sqlite connection "model.seven_shifts_project.my_first_dbt_model"
[0m14:37:28.231250 [debug] [Thread-1  ]: On model.seven_shifts_project.my_first_dbt_model: COMMIT
[0m14:37:28.231775 [debug] [Thread-1  ]: SQL status: OK in 0.000 seconds
[0m14:37:28.233386 [debug] [Thread-1  ]: On model.seven_shifts_project.my_first_dbt_model: Close
[0m14:37:28.234525 [debug] [Thread-1  ]: Sending event: {'category': 'dbt', 'action': 'run_model', 'label': 'd29e8861-30e9-4e90-84e8-6b9734674718', 'context': [<snowplow_tracker.self_describing_json.SelfDescribingJson object at 0x106415880>]}
[0m14:37:28.234933 [info ] [Thread-1  ]: 1 of 5 OK created sql table model main.my_first_dbt_model ...................... [[32mOK[0m in 0.02s]
[0m14:37:28.235293 [debug] [Thread-1  ]: Finished running node model.seven_shifts_project.my_first_dbt_model
[0m14:37:28.235539 [debug] [Thread-1  ]: Began running node model.seven_shifts_project.stg_companies
[0m14:37:28.235881 [info ] [Thread-1  ]: 2 of 5 START sql view model main.stg_companies ................................. [RUN]
[0m14:37:28.236233 [debug] [Thread-1  ]: Re-using an available connection from the pool (formerly model.seven_shifts_project.my_first_dbt_model, now model.seven_shifts_project.stg_companies)
[0m14:37:28.236468 [debug] [Thread-1  ]: Began compiling node model.seven_shifts_project.stg_companies
[0m14:37:28.239161 [debug] [Thread-1  ]: Writing injected SQL for node "model.seven_shifts_project.stg_companies"
[0m14:37:28.239562 [debug] [Thread-1  ]: Began executing node model.seven_shifts_project.stg_companies
[0m14:37:28.246432 [debug] [Thread-1  ]: Writing runtime sql for node "model.seven_shifts_project.stg_companies"
[0m14:37:28.246890 [debug] [Thread-1  ]: Using sqlite connection "model.seven_shifts_project.stg_companies"
[0m14:37:28.247107 [debug] [Thread-1  ]: On model.seven_shifts_project.stg_companies: BEGIN
[0m14:37:28.247300 [debug] [Thread-1  ]: Opening a new connection, currently in state closed
[0m14:37:28.247657 [debug] [Thread-1  ]: SQL status: OK in 0.000 seconds
[0m14:37:28.247869 [debug] [Thread-1  ]: Using sqlite connection "model.seven_shifts_project.stg_companies"
[0m14:37:28.248066 [debug] [Thread-1  ]: On model.seven_shifts_project.stg_companies: /* {"app": "dbt", "dbt_version": "1.10.22", "profile_name": "seven_shifts_project", "target_name": "dev", "node_id": "model.seven_shifts_project.stg_companies"} */

    
    create view main."stg_companies" as
    SELECT * FROM main."companies";
[0m14:37:28.248456 [debug] [Thread-1  ]: SQL status: OK in 0.000 seconds
[0m14:37:28.249119 [debug] [Thread-1  ]: On model.seven_shifts_project.stg_companies: COMMIT
[0m14:37:28.249326 [debug] [Thread-1  ]: Using sqlite connection "model.seven_shifts_project.stg_companies"
[0m14:37:28.249516 [debug] [Thread-1  ]: On model.seven_shifts_project.stg_companies: COMMIT
[0m14:37:28.249902 [debug] [Thread-1  ]: SQL status: OK in 0.000 seconds
[0m14:37:28.250310 [debug] [Thread-1  ]: On model.seven_shifts_project.stg_companies: Close
[0m14:37:28.250650 [debug] [Thread-1  ]: Sending event: {'category': 'dbt', 'action': 'run_model', 'label': 'd29e8861-30e9-4e90-84e8-6b9734674718', 'context': [<snowplow_tracker.self_describing_json.SelfDescribingJson object at 0x10a23fdc0>]}
[0m14:37:28.250986 [info ] [Thread-1  ]: 2 of 5 OK created sql view model main.stg_companies ............................ [[32mOK[0m in 0.01s]
[0m14:37:28.251314 [debug] [Thread-1  ]: Finished running node model.seven_shifts_project.stg_companies
[0m14:37:28.251566 [debug] [Thread-1  ]: Began running node model.seven_shifts_project.stg_locations
[0m14:37:28.251879 [info ] [Thread-1  ]: 3 of 5 START sql view model main.stg_locations ................................. [RUN]
[0m14:37:28.252146 [debug] [Thread-1  ]: Re-using an available connection from the pool (formerly model.seven_shifts_project.stg_companies, now model.seven_shifts_project.stg_locations)
[0m14:37:28.252363 [debug] [Thread-1  ]: Began compiling node model.seven_shifts_project.stg_locations
[0m14:37:28.254151 [debug] [Thread-1  ]: Writing injected SQL for node "model.seven_shifts_project.stg_locations"
[0m14:37:28.254483 [debug] [Thread-1  ]: Began executing node model.seven_shifts_project.stg_locations
[0m14:37:28.255998 [debug] [Thread-1  ]: Writing runtime sql for node "model.seven_shifts_project.stg_locations"
[0m14:37:28.256337 [debug] [Thread-1  ]: Using sqlite connection "model.seven_shifts_project.stg_locations"
[0m14:37:28.256544 [debug] [Thread-1  ]: On model.seven_shifts_project.stg_locations: BEGIN
[0m14:37:28.256727 [debug] [Thread-1  ]: Opening a new connection, currently in state closed
[0m14:37:28.257029 [debug] [Thread-1  ]: SQL status: OK in 0.000 seconds
[0m14:37:28.257389 [debug] [Thread-1  ]: Using sqlite connection "model.seven_shifts_project.stg_locations"
[0m14:37:28.257605 [debug] [Thread-1  ]: On model.seven_shifts_project.stg_locations: /* {"app": "dbt", "dbt_version": "1.10.22", "profile_name": "seven_shifts_project", "target_name": "dev", "node_id": "model.seven_shifts_project.stg_locations"} */

    
    create view main."stg_locations" as
    SELECT * FROM main."locations";
[0m14:37:28.258014 [debug] [Thread-1  ]: SQL status: OK in 0.000 seconds
[0m14:37:28.258743 [debug] [Thread-1  ]: On model.seven_shifts_project.stg_locations: COMMIT
[0m14:37:28.258958 [debug] [Thread-1  ]: Using sqlite connection "model.seven_shifts_project.stg_locations"
[0m14:37:28.259151 [debug] [Thread-1  ]: On model.seven_shifts_project.stg_locations: COMMIT
[0m14:37:28.259516 [debug] [Thread-1  ]: SQL status: OK in 0.000 seconds
[0m14:37:28.259877 [debug] [Thread-1  ]: On model.seven_shifts_project.stg_locations: Close
[0m14:37:28.260179 [debug] [Thread-1  ]: Sending event: {'category': 'dbt', 'action': 'run_model', 'label': 'd29e8861-30e9-4e90-84e8-6b9734674718', 'context': [<snowplow_tracker.self_describing_json.SelfDescribingJson object at 0x10a54ac70>]}
[0m14:37:28.260505 [info ] [Thread-1  ]: 3 of 5 OK created sql view model main.stg_locations ............................ [[32mOK[0m in 0.01s]
[0m14:37:28.260823 [debug] [Thread-1  ]: Finished running node model.seven_shifts_project.stg_locations
[0m14:37:28.261054 [debug] [Thread-1  ]: Began running node model.seven_shifts_project.my_second_dbt_model
[0m14:37:28.261369 [info ] [Thread-1  ]: 4 of 5 START sql view model main.my_second_dbt_model ........................... [RUN]
[0m14:37:28.261697 [debug] [Thread-1  ]: Re-using an available connection from the pool (formerly model.seven_shifts_project.stg_locations, now model.seven_shifts_project.my_second_dbt_model)
[0m14:37:28.261921 [debug] [Thread-1  ]: Began compiling node model.seven_shifts_project.my_second_dbt_model
[0m14:37:28.264503 [debug] [Thread-1  ]: Writing injected SQL for node "model.seven_shifts_project.my_second_dbt_model"
[0m14:37:28.264858 [debug] [Thread-1  ]: Began executing node model.seven_shifts_project.my_second_dbt_model
[0m14:37:28.266435 [debug] [Thread-1  ]: Writing runtime sql for node "model.seven_shifts_project.my_second_dbt_model"
[0m14:37:28.267025 [debug] [Thread-1  ]: Using sqlite connection "model.seven_shifts_project.my_second_dbt_model"
[0m14:37:28.267238 [debug] [Thread-1  ]: On model.seven_shifts_project.my_second_dbt_model: BEGIN
[0m14:37:28.267444 [debug] [Thread-1  ]: Opening a new connection, currently in state closed
[0m14:37:28.267750 [debug] [Thread-1  ]: SQL status: OK in 0.000 seconds
[0m14:37:28.267957 [debug] [Thread-1  ]: Using sqlite connection "model.seven_shifts_project.my_second_dbt_model"
[0m14:37:28.268167 [debug] [Thread-1  ]: On model.seven_shifts_project.my_second_dbt_model: /* {"app": "dbt", "dbt_version": "1.10.22", "profile_name": "seven_shifts_project", "target_name": "dev", "node_id": "model.seven_shifts_project.my_second_dbt_model"} */

    
    create view main."my_second_dbt_model" as
    -- Use the `ref` function to select from other models

select *
from main."my_first_dbt_model"
where id = 1;
[0m14:37:28.268606 [debug] [Thread-1  ]: SQL status: OK in 0.000 seconds
[0m14:37:28.269352 [debug] [Thread-1  ]: On model.seven_shifts_project.my_second_dbt_model: COMMIT
[0m14:37:28.269582 [debug] [Thread-1  ]: Using sqlite connection "model.seven_shifts_project.my_second_dbt_model"
[0m14:37:28.269788 [debug] [Thread-1  ]: On model.seven_shifts_project.my_second_dbt_model: COMMIT
[0m14:37:28.270186 [debug] [Thread-1  ]: SQL status: OK in 0.000 seconds
[0m14:37:28.270632 [debug] [Thread-1  ]: On model.seven_shifts_project.my_second_dbt_model: Close
[0m14:37:28.270992 [debug] [Thread-1  ]: Sending event: {'category': 'dbt', 'action': 'run_model', 'label': 'd29e8861-30e9-4e90-84e8-6b9734674718', 'context': [<snowplow_tracker.self_describing_json.SelfDescribingJson object at 0x10a300670>]}
[0m14:37:28.271329 [info ] [Thread-1  ]: 4 of 5 OK created sql view model main.my_second_dbt_model ...................... [[32mOK[0m in 0.01s]
[0m14:37:28.271648 [debug] [Thread-1  ]: Finished running node model.seven_shifts_project.my_second_dbt_model
[0m14:37:28.271886 [debug] [Thread-1  ]: Began running node model.seven_shifts_project.fct_vendor_signals
[0m14:37:28.272206 [info ] [Thread-1  ]: 5 of 5 START sql view model main.fct_vendor_signals ............................ [RUN]
[0m14:37:28.272473 [debug] [Thread-1  ]: Re-using an available connection from the pool (formerly model.seven_shifts_project.my_second_dbt_model, now model.seven_shifts_project.fct_vendor_signals)
[0m14:37:28.272689 [debug] [Thread-1  ]: Began compiling node model.seven_shifts_project.fct_vendor_signals
[0m14:37:28.275462 [debug] [Thread-1  ]: Writing injected SQL for node "model.seven_shifts_project.fct_vendor_signals"
[0m14:37:28.275848 [debug] [Thread-1  ]: Began executing node model.seven_shifts_project.fct_vendor_signals
[0m14:37:28.277360 [debug] [Thread-1  ]: Writing runtime sql for node "model.seven_shifts_project.fct_vendor_signals"
[0m14:37:28.277837 [debug] [Thread-1  ]: Using sqlite connection "model.seven_shifts_project.fct_vendor_signals"
[0m14:37:28.278051 [debug] [Thread-1  ]: On model.seven_shifts_project.fct_vendor_signals: BEGIN
[0m14:37:28.278256 [debug] [Thread-1  ]: Opening a new connection, currently in state closed
[0m14:37:28.278578 [debug] [Thread-1  ]: SQL status: OK in 0.000 seconds
[0m14:37:28.278783 [debug] [Thread-1  ]: Using sqlite connection "model.seven_shifts_project.fct_vendor_signals"
[0m14:37:28.279019 [debug] [Thread-1  ]: On model.seven_shifts_project.fct_vendor_signals: /* {"app": "dbt", "dbt_version": "1.10.22", "profile_name": "seven_shifts_project", "target_name": "dev", "node_id": "model.seven_shifts_project.fct_vendor_signals"} */

    
    create view main."fct_vendor_signals" as
    -- models/marts/fct_vendor_signals.sql

WITH base_companies AS (
    SELECT * FROM main."stg_companies"
),

base_locations AS (
    SELECT * FROM main."stg_locations"
),

aggregated AS (
    SELECT 
        c.account_id AS vendor_id,
        c.company_name AS vendor_name,
        c.website AS vendor_website,
        c.num_locations AS global_location_count,
        c.pos_vendor AS vendor_pos,
        
        SUM(
            CASE 
                WHEN l.city IN ('New York', 'Brooklyn', 'Queens', 'Bronx', 'Staten Island') THEN 1 
                ELSE 0 
            END
        ) AS total_nyc_locations,
        
        ROUND(
            AVG(
                CASE 
                    WHEN l.city IN ('New York', 'Brooklyn', 'Queens', 'Bronx', 'Staten Island') THEN l.review_rating 
                    ELSE NULL 
                END
            ), 1
        ) AS avg_nyc_rating,
        
        GROUP_CONCAT(DISTINCT l.cuisine_type) AS cuisines

    FROM base_companies c
    LEFT JOIN base_locations l ON c.account_id = l.account_id
    GROUP BY 1, 2, 3, 4, 5
)

SELECT * FROM aggregated;
[0m14:37:28.279533 [debug] [Thread-1  ]: SQL status: OK in 0.000 seconds
[0m14:37:28.280234 [debug] [Thread-1  ]: On model.seven_shifts_project.fct_vendor_signals: COMMIT
[0m14:37:28.280436 [debug] [Thread-1  ]: Using sqlite connection "model.seven_shifts_project.fct_vendor_signals"
[0m14:37:28.280640 [debug] [Thread-1  ]: On model.seven_shifts_project.fct_vendor_signals: COMMIT
[0m14:37:28.281007 [debug] [Thread-1  ]: SQL status: OK in 0.000 seconds
[0m14:37:28.281364 [debug] [Thread-1  ]: On model.seven_shifts_project.fct_vendor_signals: Close
[0m14:37:28.281669 [debug] [Thread-1  ]: Sending event: {'category': 'dbt', 'action': 'run_model', 'label': 'd29e8861-30e9-4e90-84e8-6b9734674718', 'context': [<snowplow_tracker.self_describing_json.SelfDescribingJson object at 0x10a70c520>]}
[0m14:37:28.281984 [info ] [Thread-1  ]: 5 of 5 OK created sql view model main.fct_vendor_signals ....................... [[32mOK[0m in 0.01s]
[0m14:37:28.282297 [debug] [Thread-1  ]: Finished running node model.seven_shifts_project.fct_vendor_signals
[0m14:37:28.282843 [debug] [MainThread]: Using sqlite connection "master"
[0m14:37:28.283038 [debug] [MainThread]: On master: BEGIN
[0m14:37:28.283203 [debug] [MainThread]: Opening a new connection, currently in state closed
[0m14:37:28.283501 [debug] [MainThread]: SQL status: OK in 0.000 seconds
[0m14:37:28.283678 [debug] [MainThread]: On master: COMMIT
[0m14:37:28.283841 [debug] [MainThread]: Using sqlite connection "master"
[0m14:37:28.284000 [debug] [MainThread]: On master: COMMIT
[0m14:37:28.284162 [debug] [MainThread]: SQL status: OK in 0.000 seconds
[0m14:37:28.284322 [debug] [MainThread]: On master: Close
[0m14:37:28.284538 [debug] [MainThread]: Connection 'master' was properly closed.
[0m14:37:28.284692 [debug] [MainThread]: Connection 'model.seven_shifts_project.fct_vendor_signals' was properly closed.
[0m14:37:28.284941 [info ] [MainThread]: 
[0m14:37:28.285144 [info ] [MainThread]: Finished running 1 table model, 4 view models in 0 hours 0 minutes and 0.16 seconds (0.16s).
[0m14:37:28.285798 [debug] [MainThread]: Command end result
[0m14:37:28.299743 [debug] [MainThread]: Wrote artifact WritableManifest to /Users/nicholaschong/Projects/7shifts_summit_project/seven_shifts_project/target/manifest.json
[0m14:37:28.300663 [debug] [MainThread]: Wrote artifact SemanticManifest to /Users/nicholaschong/Projects/7shifts_summit_project/seven_shifts_project/target/semantic_manifest.json
[0m14:37:28.305034 [debug] [MainThread]: Wrote artifact RunExecutionResult to /Users/nicholaschong/Projects/7shifts_summit_project/seven_shifts_project/target/run_results.json
[0m14:37:28.305248 [info ] [MainThread]: 
[0m14:37:28.305483 [info ] [MainThread]: [32mCompleted successfully[0m
[0m14:37:28.305675 [info ] [MainThread]: 
[0m14:37:28.305879 [info ] [MainThread]: Done. PASS=5 WARN=0 ERROR=0 SKIP=0 NO-OP=0 TOTAL=5
[0m14:37:28.307345 [debug] [MainThread]: Resource report: {"command_name": "run", "command_success": true, "command_wall_clock_time": 1.2512475, "process_in_blocks": "0", "process_kernel_time": 0.16664, "process_mem_max_rss": "126320640", "process_out_blocks": "0", "process_user_time": 1.850956}
[0m14:37:28.307584 [debug] [MainThread]: Command `dbt run` succeeded at 14:37:28.307541 after 1.25 seconds
[0m14:37:28.307800 [debug] [MainThread]: Sending event: {'category': 'dbt', 'action': 'invocation', 'label': 'end', 'context': [<snowplow_tracker.self_describing_json.SelfDescribingJson object at 0x107ff9df0>, <snowplow_tracker.self_describing_json.SelfDescribingJson object at 0x10a208a90>, <snowplow_tracker.self_describing_json.SelfDescribingJson object at 0x10a778c40>]}
[0m14:37:28.308023 [debug] [MainThread]: Flushing usage events
[0m14:37:28.581698 [debug] [MainThread]: An error was encountered while trying to flush usage events
[0m14:38:24.126232 [debug] [MainThread]: Sending event: {'category': 'dbt', 'action': 'invocation', 'label': 'start', 'context': [<snowplow_tracker.self_describing_json.SelfDescribingJson object at 0x107df9dc0>, <snowplow_tracker.self_describing_json.SelfDescribingJson object at 0x108e891f0>, <snowplow_tracker.self_describing_json.SelfDescribingJson object at 0x108e894f0>]}


============================== 14:38:24.129005 | 55bd99e4-cc0e-459b-9d5c-cce08f0e3dcc ==============================
[0m14:38:24.129005 [info ] [MainThread]: Running with dbt=1.10.22
[0m14:38:24.129367 [debug] [MainThread]: running dbt with arguments {'printer_width': '80', 'indirect_selection': 'eager', 'log_cache_events': 'False', 'write_json': 'True', 'partial_parse': 'True', 'cache_selected_only': 'False', 'warn_error': 'None', 'fail_fast': 'False', 'profiles_dir': '/Users/nicholaschong/.dbt', 'log_path': '/Users/nicholaschong/Projects/7shifts_summit_project/seven_shifts_project/logs', 'version_check': 'True', 'debug': 'False', 'use_colors': 'True', 'use_experimental_parser': 'False', 'empty': 'False', 'quiet': 'False', 'no_print': 'None', 'log_format': 'default', 'introspect': 'True', 'warn_error_options': 'WarnErrorOptionsV2(error=[], warn=[], silence=[])', 'invocation_command': 'dbt run', 'target_path': 'None', 'static_parser': 'True', 'send_anonymous_usage_stats': 'True'}
[0m14:38:24.208998 [debug] [MainThread]: Sending event: {'category': 'dbt', 'action': 'project_id', 'label': '55bd99e4-cc0e-459b-9d5c-cce08f0e3dcc', 'context': [<snowplow_tracker.self_describing_json.SelfDescribingJson object at 0x108e20eb0>]}
[0m14:38:24.242804 [debug] [MainThread]: Sending event: {'category': 'dbt', 'action': 'adapter_info', 'label': '55bd99e4-cc0e-459b-9d5c-cce08f0e3dcc', 'context': [<snowplow_tracker.self_describing_json.SelfDescribingJson object at 0x1086f51f0>]}
[0m14:38:24.243344 [info ] [MainThread]: Registered adapter: sqlite=1.10.0
[0m14:38:24.316740 [debug] [MainThread]: checksum: 04c83ee057a648a2f8e380c895ffead170732fa039f068d62b9d36aaeefaf7cc, vars: {}, profile: , target: , version: 1.10.22
[0m14:38:24.409600 [debug] [MainThread]: Partial parsing enabled: 2 files deleted, 0 files added, 0 files changed.
[0m14:38:24.409976 [debug] [MainThread]: Partial parsing: deleted file: seven_shifts_project://models/example/my_second_dbt_model.sql
[0m14:38:24.410186 [debug] [MainThread]: Partial parsing: deleted file: seven_shifts_project://models/example/my_first_dbt_model.sql
[0m14:38:24.451739 [warn ] [MainThread]: [[33mWARNING[0m]: Did not find matching node for patch with name 'my_second_dbt_model' in the 'models' section of file 'models/example/schema.yml'
[0m14:38:24.452518 [warn ] [MainThread]: [[33mWARNING[0m]: Did not find matching node for patch with name 'my_first_dbt_model' in the 'models' section of file 'models/example/schema.yml'
[0m14:38:24.505458 [warn ] [MainThread]: [[33mWARNING[0m]: Test 'test.seven_shifts_project.unique_my_second_dbt_model_id.57a0f8c493' (models/example/schema.yml) depends on a node named 'my_second_dbt_model' in package '' which was not found
[0m14:38:24.505802 [warn ] [MainThread]: [[33mWARNING[0m]: Test 'test.seven_shifts_project.not_null_my_second_dbt_model_id.151b76d778' (models/example/schema.yml) depends on a node named 'my_second_dbt_model' in package '' which was not found
[0m14:38:24.506046 [warn ] [MainThread]: [[33mWARNING[0m]: Test 'test.seven_shifts_project.unique_my_first_dbt_model_id.16e066b321' (models/example/schema.yml) depends on a node named 'my_first_dbt_model' in package '' which was not found
[0m14:38:24.506269 [warn ] [MainThread]: [[33mWARNING[0m]: Test 'test.seven_shifts_project.not_null_my_first_dbt_model_id.5fb22c2710' (models/example/schema.yml) depends on a node named 'my_first_dbt_model' in package '' which was not found
[0m14:38:24.592366 [debug] [MainThread]: Sending event: {'category': 'dbt', 'action': 'load_project', 'label': '55bd99e4-cc0e-459b-9d5c-cce08f0e3dcc', 'context': [<snowplow_tracker.self_describing_json.SelfDescribingJson object at 0x108f8bf10>]}
[0m14:38:24.651495 [debug] [MainThread]: Wrote artifact WritableManifest to /Users/nicholaschong/Projects/7shifts_summit_project/seven_shifts_project/target/manifest.json
[0m14:38:24.652691 [debug] [MainThread]: Wrote artifact SemanticManifest to /Users/nicholaschong/Projects/7shifts_summit_project/seven_shifts_project/target/semantic_manifest.json
[0m14:38:24.663339 [debug] [MainThread]: Sending event: {'category': 'dbt', 'action': 'resource_counts', 'label': '55bd99e4-cc0e-459b-9d5c-cce08f0e3dcc', 'context': [<snowplow_tracker.self_describing_json.SelfDescribingJson object at 0x10905e8b0>]}
[0m14:38:24.663635 [info ] [MainThread]: Found 3 models, 2 sources, 416 macros
[0m14:38:24.663860 [debug] [MainThread]: Sending event: {'category': 'dbt', 'action': 'runnable_timing', 'label': '55bd99e4-cc0e-459b-9d5c-cce08f0e3dcc', 'context': [<snowplow_tracker.self_describing_json.SelfDescribingJson object at 0x108f8bd00>]}
[0m14:38:24.664651 [info ] [MainThread]: 
[0m14:38:24.664870 [info ] [MainThread]: Concurrency: 1 threads (target='dev')
[0m14:38:24.665058 [info ] [MainThread]: 
[0m14:38:24.665347 [debug] [MainThread]: Acquiring new sqlite connection 'master'
[0m14:38:24.668561 [debug] [ThreadPool]: Acquiring new sqlite connection 'list_main'
[0m14:38:24.702422 [debug] [ThreadPool]: Using sqlite connection "list_main"
[0m14:38:24.702719 [debug] [ThreadPool]: On list_main: BEGIN
[0m14:38:24.702907 [debug] [ThreadPool]: Opening a new connection, currently in state init
[0m14:38:24.704951 [debug] [ThreadPool]: SQL status: OK in 0.002 seconds
[0m14:38:24.705162 [debug] [ThreadPool]: Using sqlite connection "list_main"
[0m14:38:24.705339 [debug] [ThreadPool]: On list_main: /* {"app": "dbt", "dbt_version": "1.10.22", "profile_name": "seven_shifts_project", "target_name": "dev", "connection_name": "list_main"} */

        pragma database_list
    
[0m14:38:24.705534 [debug] [ThreadPool]: SQL status: OK in 0.000 seconds
[0m14:38:24.706251 [debug] [ThreadPool]: On list_main: ROLLBACK
[0m14:38:24.706437 [debug] [ThreadPool]: On list_main: Close
[0m14:38:24.707128 [debug] [ThreadPool]: Re-using an available connection from the pool (formerly list_main, now list_main_main)
[0m14:38:24.712030 [debug] [ThreadPool]: Using sqlite connection "list_main_main"
[0m14:38:24.712234 [debug] [ThreadPool]: On list_main_main: BEGIN
[0m14:38:24.712403 [debug] [ThreadPool]: Opening a new connection, currently in state closed
[0m14:38:24.712687 [debug] [ThreadPool]: SQL status: OK in 0.000 seconds
[0m14:38:24.712855 [debug] [ThreadPool]: Using sqlite connection "list_main_main"
[0m14:38:24.713023 [debug] [ThreadPool]: On list_main_main: /* {"app": "dbt", "dbt_version": "1.10.22", "profile_name": "seven_shifts_project", "target_name": "dev", "connection_name": "list_main_main"} */

        pragma database_list
    
[0m14:38:24.713196 [debug] [ThreadPool]: SQL status: OK in 0.000 seconds
[0m14:38:24.713864 [debug] [ThreadPool]: Using sqlite connection "list_main_main"
[0m14:38:24.714050 [debug] [ThreadPool]: On list_main_main: /* {"app": "dbt", "dbt_version": "1.10.22", "profile_name": "seven_shifts_project", "target_name": "dev", "connection_name": "list_main_main"} */

            SELECT
                'main' as database
                ,name
                ,'main' AS schema
                ,type as data_type
            FROM
                main.sqlite_master
            WHERE
                name NOT LIKE 'sqlite_%'
        
[0m14:38:24.714380 [debug] [ThreadPool]: SQL status: OK in 0.000 seconds
[0m14:38:24.715009 [debug] [ThreadPool]: On list_main_main: ROLLBACK
[0m14:38:24.715195 [debug] [ThreadPool]: On list_main_main: Close
[0m14:38:24.716119 [debug] [MainThread]: Sending event: {'category': 'dbt', 'action': 'runnable_timing', 'label': '55bd99e4-cc0e-459b-9d5c-cce08f0e3dcc', 'context': [<snowplow_tracker.self_describing_json.SelfDescribingJson object at 0x109076d30>]}
[0m14:38:24.716387 [debug] [MainThread]: Using sqlite connection "master"
[0m14:38:24.716557 [debug] [MainThread]: On master: BEGIN
[0m14:38:24.716720 [debug] [MainThread]: Opening a new connection, currently in state init
[0m14:38:24.716978 [debug] [MainThread]: SQL status: OK in 0.000 seconds
[0m14:38:24.717147 [debug] [MainThread]: On master: COMMIT
[0m14:38:24.717310 [debug] [MainThread]: Using sqlite connection "master"
[0m14:38:24.717468 [debug] [MainThread]: On master: COMMIT
[0m14:38:24.717630 [debug] [MainThread]: SQL status: OK in 0.000 seconds
[0m14:38:24.717791 [debug] [MainThread]: On master: Close
[0m14:38:24.719033 [debug] [Thread-1  ]: Began running node model.seven_shifts_project.stg_companies
[0m14:38:24.719326 [info ] [Thread-1  ]: 1 of 3 START sql view model main.stg_companies ................................. [RUN]
[0m14:38:24.719591 [debug] [Thread-1  ]: Re-using an available connection from the pool (formerly list_main_main, now model.seven_shifts_project.stg_companies)
[0m14:38:24.719812 [debug] [Thread-1  ]: Began compiling node model.seven_shifts_project.stg_companies
[0m14:38:24.725854 [debug] [Thread-1  ]: Writing injected SQL for node "model.seven_shifts_project.stg_companies"
[0m14:38:24.726345 [debug] [Thread-1  ]: Began executing node model.seven_shifts_project.stg_companies
[0m14:38:24.736300 [debug] [Thread-1  ]: Using sqlite connection "model.seven_shifts_project.stg_companies"
[0m14:38:24.736550 [debug] [Thread-1  ]: On model.seven_shifts_project.stg_companies: /* {"app": "dbt", "dbt_version": "1.10.22", "profile_name": "seven_shifts_project", "target_name": "dev", "node_id": "model.seven_shifts_project.stg_companies"} */
drop view if exists "main"."stg_companies"
[0m14:38:24.737038 [debug] [Thread-1  ]: Opening a new connection, currently in state closed
[0m14:38:24.737977 [debug] [Thread-1  ]: SQL status: OK in 0.001 seconds
[0m14:38:24.740644 [debug] [Thread-1  ]: Writing runtime sql for node "model.seven_shifts_project.stg_companies"
[0m14:38:24.741329 [debug] [Thread-1  ]: Using sqlite connection "model.seven_shifts_project.stg_companies"
[0m14:38:24.741576 [debug] [Thread-1  ]: On model.seven_shifts_project.stg_companies: BEGIN
[0m14:38:24.744351 [debug] [Thread-1  ]: SQL status: OK in 0.000 seconds
[0m14:38:24.744586 [debug] [Thread-1  ]: Using sqlite connection "model.seven_shifts_project.stg_companies"
[0m14:38:24.744809 [debug] [Thread-1  ]: On model.seven_shifts_project.stg_companies: /* {"app": "dbt", "dbt_version": "1.10.22", "profile_name": "seven_shifts_project", "target_name": "dev", "node_id": "model.seven_shifts_project.stg_companies"} */

    
    create view main."stg_companies" as
    SELECT * FROM main."companies";
[0m14:38:24.745183 [debug] [Thread-1  ]: SQL status: OK in 0.000 seconds
[0m14:38:24.748306 [debug] [Thread-1  ]: On model.seven_shifts_project.stg_companies: COMMIT
[0m14:38:24.748525 [debug] [Thread-1  ]: Using sqlite connection "model.seven_shifts_project.stg_companies"
[0m14:38:24.748724 [debug] [Thread-1  ]: On model.seven_shifts_project.stg_companies: COMMIT
[0m14:38:24.749099 [debug] [Thread-1  ]: SQL status: OK in 0.000 seconds
[0m14:38:24.750700 [debug] [Thread-1  ]: On model.seven_shifts_project.stg_companies: Close
[0m14:38:24.751906 [debug] [Thread-1  ]: Sending event: {'category': 'dbt', 'action': 'run_model', 'label': '55bd99e4-cc0e-459b-9d5c-cce08f0e3dcc', 'context': [<snowplow_tracker.self_describing_json.SelfDescribingJson object at 0x10981bfd0>]}
[0m14:38:24.752297 [info ] [Thread-1  ]: 1 of 3 OK created sql view model main.stg_companies ............................ [[32mOK[0m in 0.03s]
[0m14:38:24.752637 [debug] [Thread-1  ]: Finished running node model.seven_shifts_project.stg_companies
[0m14:38:24.752885 [debug] [Thread-1  ]: Began running node model.seven_shifts_project.stg_locations
[0m14:38:24.753189 [info ] [Thread-1  ]: 2 of 3 START sql view model main.stg_locations ................................. [RUN]
[0m14:38:24.753459 [debug] [Thread-1  ]: Re-using an available connection from the pool (formerly model.seven_shifts_project.stg_companies, now model.seven_shifts_project.stg_locations)
[0m14:38:24.753678 [debug] [Thread-1  ]: Began compiling node model.seven_shifts_project.stg_locations
[0m14:38:24.756075 [debug] [Thread-1  ]: Writing injected SQL for node "model.seven_shifts_project.stg_locations"
[0m14:38:24.756440 [debug] [Thread-1  ]: Began executing node model.seven_shifts_project.stg_locations
[0m14:38:24.759416 [debug] [Thread-1  ]: Using sqlite connection "model.seven_shifts_project.stg_locations"
[0m14:38:24.759636 [debug] [Thread-1  ]: On model.seven_shifts_project.stg_locations: /* {"app": "dbt", "dbt_version": "1.10.22", "profile_name": "seven_shifts_project", "target_name": "dev", "node_id": "model.seven_shifts_project.stg_locations"} */
drop view if exists "main"."stg_locations"
[0m14:38:24.759832 [debug] [Thread-1  ]: Opening a new connection, currently in state closed
[0m14:38:24.760508 [debug] [Thread-1  ]: SQL status: OK in 0.001 seconds
[0m14:38:24.761200 [debug] [Thread-1  ]: Writing runtime sql for node "model.seven_shifts_project.stg_locations"
[0m14:38:24.761542 [debug] [Thread-1  ]: Using sqlite connection "model.seven_shifts_project.stg_locations"
[0m14:38:24.761764 [debug] [Thread-1  ]: On model.seven_shifts_project.stg_locations: BEGIN
[0m14:38:24.761977 [debug] [Thread-1  ]: SQL status: OK in 0.000 seconds
[0m14:38:24.762168 [debug] [Thread-1  ]: Using sqlite connection "model.seven_shifts_project.stg_locations"
[0m14:38:24.762359 [debug] [Thread-1  ]: On model.seven_shifts_project.stg_locations: /* {"app": "dbt", "dbt_version": "1.10.22", "profile_name": "seven_shifts_project", "target_name": "dev", "node_id": "model.seven_shifts_project.stg_locations"} */

    
    create view main."stg_locations" as
    SELECT * FROM main."locations";
[0m14:38:24.762685 [debug] [Thread-1  ]: SQL status: OK in 0.000 seconds
[0m14:38:24.763297 [debug] [Thread-1  ]: On model.seven_shifts_project.stg_locations: COMMIT
[0m14:38:24.763509 [debug] [Thread-1  ]: Using sqlite connection "model.seven_shifts_project.stg_locations"
[0m14:38:24.763714 [debug] [Thread-1  ]: On model.seven_shifts_project.stg_locations: COMMIT
[0m14:38:24.764063 [debug] [Thread-1  ]: SQL status: OK in 0.000 seconds
[0m14:38:24.764431 [debug] [Thread-1  ]: On model.seven_shifts_project.stg_locations: Close
[0m14:38:24.764749 [debug] [Thread-1  ]: Sending event: {'category': 'dbt', 'action': 'run_model', 'label': '55bd99e4-cc0e-459b-9d5c-cce08f0e3dcc', 'context': [<snowplow_tracker.self_describing_json.SelfDescribingJson object at 0x10981bfd0>]}
[0m14:38:24.765107 [info ] [Thread-1  ]: 2 of 3 OK created sql view model main.stg_locations ............................ [[32mOK[0m in 0.01s]
[0m14:38:24.765433 [debug] [Thread-1  ]: Finished running node model.seven_shifts_project.stg_locations
[0m14:38:24.765822 [debug] [Thread-1  ]: Began running node model.seven_shifts_project.fct_vendor_signals
[0m14:38:24.766142 [info ] [Thread-1  ]: 3 of 3 START sql view model main.fct_vendor_signals ............................ [RUN]
[0m14:38:24.766413 [debug] [Thread-1  ]: Re-using an available connection from the pool (formerly model.seven_shifts_project.stg_locations, now model.seven_shifts_project.fct_vendor_signals)
[0m14:38:24.766637 [debug] [Thread-1  ]: Began compiling node model.seven_shifts_project.fct_vendor_signals
[0m14:38:24.769630 [debug] [Thread-1  ]: Writing injected SQL for node "model.seven_shifts_project.fct_vendor_signals"
[0m14:38:24.770050 [debug] [Thread-1  ]: Began executing node model.seven_shifts_project.fct_vendor_signals
[0m14:38:24.773094 [debug] [Thread-1  ]: Using sqlite connection "model.seven_shifts_project.fct_vendor_signals"
[0m14:38:24.773334 [debug] [Thread-1  ]: On model.seven_shifts_project.fct_vendor_signals: /* {"app": "dbt", "dbt_version": "1.10.22", "profile_name": "seven_shifts_project", "target_name": "dev", "node_id": "model.seven_shifts_project.fct_vendor_signals"} */
drop view if exists "main"."fct_vendor_signals"
[0m14:38:24.773547 [debug] [Thread-1  ]: Opening a new connection, currently in state closed
[0m14:38:24.774270 [debug] [Thread-1  ]: SQL status: OK in 0.001 seconds
[0m14:38:24.774993 [debug] [Thread-1  ]: Writing runtime sql for node "model.seven_shifts_project.fct_vendor_signals"
[0m14:38:24.775333 [debug] [Thread-1  ]: Using sqlite connection "model.seven_shifts_project.fct_vendor_signals"
[0m14:38:24.775540 [debug] [Thread-1  ]: On model.seven_shifts_project.fct_vendor_signals: BEGIN
[0m14:38:24.775747 [debug] [Thread-1  ]: SQL status: OK in 0.000 seconds
[0m14:38:24.775945 [debug] [Thread-1  ]: Using sqlite connection "model.seven_shifts_project.fct_vendor_signals"
[0m14:38:24.776162 [debug] [Thread-1  ]: On model.seven_shifts_project.fct_vendor_signals: /* {"app": "dbt", "dbt_version": "1.10.22", "profile_name": "seven_shifts_project", "target_name": "dev", "node_id": "model.seven_shifts_project.fct_vendor_signals"} */

    
    create view main."fct_vendor_signals" as
    -- models/marts/fct_vendor_signals.sql

WITH base_companies AS (
    SELECT * FROM main."stg_companies"
),

base_locations AS (
    SELECT * FROM main."stg_locations"
),

aggregated AS (
    SELECT 
        c.account_id AS vendor_id,
        c.company_name AS vendor_name,
        c.website AS vendor_website,
        c.num_locations AS global_location_count,
        c.pos_vendor AS vendor_pos,
        
        SUM(
            CASE 
                WHEN l.city IN ('New York', 'Brooklyn', 'Queens', 'Bronx', 'Staten Island') THEN 1 
                ELSE 0 
            END
        ) AS total_nyc_locations,
        
        ROUND(
            AVG(
                CASE 
                    WHEN l.city IN ('New York', 'Brooklyn', 'Queens', 'Bronx', 'Staten Island') THEN l.review_rating 
                    ELSE NULL 
                END
            ), 1
        ) AS avg_nyc_rating,
        
        GROUP_CONCAT(DISTINCT l.cuisine_type) AS cuisines

    FROM base_companies c
    LEFT JOIN base_locations l ON c.account_id = l.account_id
    GROUP BY 1, 2, 3, 4, 5
)

SELECT * FROM aggregated;
[0m14:38:24.776563 [debug] [Thread-1  ]: SQL status: OK in 0.000 seconds
[0m14:38:24.777232 [debug] [Thread-1  ]: On model.seven_shifts_project.fct_vendor_signals: COMMIT
[0m14:38:24.777508 [debug] [Thread-1  ]: Using sqlite connection "model.seven_shifts_project.fct_vendor_signals"
[0m14:38:24.777715 [debug] [Thread-1  ]: On model.seven_shifts_project.fct_vendor_signals: COMMIT
[0m14:38:24.778068 [debug] [Thread-1  ]: SQL status: OK in 0.000 seconds
[0m14:38:24.778459 [debug] [Thread-1  ]: On model.seven_shifts_project.fct_vendor_signals: Close
[0m14:38:24.778813 [debug] [Thread-1  ]: Sending event: {'category': 'dbt', 'action': 'run_model', 'label': '55bd99e4-cc0e-459b-9d5c-cce08f0e3dcc', 'context': [<snowplow_tracker.self_describing_json.SelfDescribingJson object at 0x10949d910>]}
[0m14:38:24.779188 [info ] [Thread-1  ]: 3 of 3 OK created sql view model main.fct_vendor_signals ....................... [[32mOK[0m in 0.01s]
[0m14:38:24.779515 [debug] [Thread-1  ]: Finished running node model.seven_shifts_project.fct_vendor_signals
[0m14:38:24.780164 [debug] [MainThread]: Using sqlite connection "master"
[0m14:38:24.780353 [debug] [MainThread]: On master: BEGIN
[0m14:38:24.780514 [debug] [MainThread]: Opening a new connection, currently in state closed
[0m14:38:24.780781 [debug] [MainThread]: SQL status: OK in 0.000 seconds
[0m14:38:24.780944 [debug] [MainThread]: On master: COMMIT
[0m14:38:24.781106 [debug] [MainThread]: Using sqlite connection "master"
[0m14:38:24.781263 [debug] [MainThread]: On master: COMMIT
[0m14:38:24.781424 [debug] [MainThread]: SQL status: OK in 0.000 seconds
[0m14:38:24.781586 [debug] [MainThread]: On master: Close
[0m14:38:24.781794 [debug] [MainThread]: Connection 'master' was properly closed.
[0m14:38:24.781956 [debug] [MainThread]: Connection 'model.seven_shifts_project.fct_vendor_signals' was properly closed.
[0m14:38:24.782157 [info ] [MainThread]: 
[0m14:38:24.782357 [info ] [MainThread]: Finished running 3 view models in 0 hours 0 minutes and 0.12 seconds (0.12s).
[0m14:38:24.782870 [debug] [MainThread]: Command end result
[0m14:38:24.796476 [debug] [MainThread]: Wrote artifact WritableManifest to /Users/nicholaschong/Projects/7shifts_summit_project/seven_shifts_project/target/manifest.json
[0m14:38:24.797416 [debug] [MainThread]: Wrote artifact SemanticManifest to /Users/nicholaschong/Projects/7shifts_summit_project/seven_shifts_project/target/semantic_manifest.json
[0m14:38:24.801308 [debug] [MainThread]: Wrote artifact RunExecutionResult to /Users/nicholaschong/Projects/7shifts_summit_project/seven_shifts_project/target/run_results.json
[0m14:38:24.801519 [info ] [MainThread]: 
[0m14:38:24.801969 [info ] [MainThread]: [32mCompleted successfully[0m
[0m14:38:24.802186 [info ] [MainThread]: 
[0m14:38:24.802535 [info ] [MainThread]: Done. PASS=3 WARN=0 ERROR=0 SKIP=0 NO-OP=0 TOTAL=3
[0m14:38:24.804405 [debug] [MainThread]: Resource report: {"command_name": "run", "command_success": true, "command_wall_clock_time": 0.7214793, "process_in_blocks": "0", "process_kernel_time": 0.154215, "process_mem_max_rss": "120684544", "process_out_blocks": "0", "process_user_time": 1.32582}
[0m14:38:24.804666 [debug] [MainThread]: Command `dbt run` succeeded at 14:38:24.804620 after 0.72 seconds
[0m14:38:24.804890 [debug] [MainThread]: Sending event: {'category': 'dbt', 'action': 'invocation', 'label': 'end', 'context': [<snowplow_tracker.self_describing_json.SelfDescribingJson object at 0x107df9dc0>, <snowplow_tracker.self_describing_json.SelfDescribingJson object at 0x1093fe280>, <snowplow_tracker.self_describing_json.SelfDescribingJson object at 0x108e20af0>]}
[0m14:38:24.805114 [debug] [MainThread]: Flushing usage events
[0m14:38:24.920609 [debug] [MainThread]: An error was encountered while trying to flush usage events
[0m14:45:46.022553 [debug] [MainThread]: Sending event: {'category': 'dbt', 'action': 'invocation', 'label': 'start', 'context': [<snowplow_tracker.self_describing_json.SelfDescribingJson object at 0x10733ddc0>, <snowplow_tracker.self_describing_json.SelfDescribingJson object at 0x1083cd1f0>, <snowplow_tracker.self_describing_json.SelfDescribingJson object at 0x1083cd4f0>]}


============================== 14:45:46.025299 | 471d20b2-979c-41ae-9244-e040255c8968 ==============================
[0m14:45:46.025299 [info ] [MainThread]: Running with dbt=1.10.22
[0m14:45:46.025657 [debug] [MainThread]: running dbt with arguments {'printer_width': '80', 'indirect_selection': 'eager', 'write_json': 'True', 'log_cache_events': 'False', 'partial_parse': 'True', 'cache_selected_only': 'False', 'profiles_dir': '/Users/nicholaschong/.dbt', 'debug': 'False', 'warn_error': 'None', 'log_path': '/Users/nicholaschong/Projects/7shifts_summit_project/seven_shifts_project/logs', 'fail_fast': 'False', 'version_check': 'True', 'use_colors': 'True', 'use_experimental_parser': 'False', 'no_print': 'None', 'quiet': 'False', 'empty': 'False', 'warn_error_options': 'WarnErrorOptionsV2(error=[], warn=[], silence=[])', 'introspect': 'True', 'static_parser': 'True', 'log_format': 'default', 'target_path': 'None', 'invocation_command': 'dbt run', 'send_anonymous_usage_stats': 'True'}
[0m14:45:46.107510 [debug] [MainThread]: Sending event: {'category': 'dbt', 'action': 'project_id', 'label': '471d20b2-979c-41ae-9244-e040255c8968', 'context': [<snowplow_tracker.self_describing_json.SelfDescribingJson object at 0x108364eb0>]}
[0m14:45:46.141534 [debug] [MainThread]: Sending event: {'category': 'dbt', 'action': 'adapter_info', 'label': '471d20b2-979c-41ae-9244-e040255c8968', 'context': [<snowplow_tracker.self_describing_json.SelfDescribingJson object at 0x107c391f0>]}
[0m14:45:46.142050 [info ] [MainThread]: Registered adapter: sqlite=1.10.0
[0m14:45:46.213435 [debug] [MainThread]: checksum: 04c83ee057a648a2f8e380c895ffead170732fa039f068d62b9d36aaeefaf7cc, vars: {}, profile: , target: , version: 1.10.22
[0m14:45:46.303675 [debug] [MainThread]: Partial parsing enabled: 5 files deleted, 4 files added, 0 files changed.
[0m14:45:46.304018 [debug] [MainThread]: Partial parsing: added file: seven_shifts_project://models/marts/fct_vendor_signals.sql
[0m14:45:46.304265 [debug] [MainThread]: Partial parsing: added file: seven_shifts_project://models/staging/src_data.yml
[0m14:45:46.304469 [debug] [MainThread]: Partial parsing: added file: seven_shifts_project://models/staging/stg_locations.sql
[0m14:45:46.304663 [debug] [MainThread]: Partial parsing: added file: seven_shifts_project://models/staging/stg_companies.sql
[0m14:45:46.304885 [debug] [MainThread]: Partial parsing: deleted file: seven_shifts_project://models/example/staging/stg_locations.sql
[0m14:45:46.305054 [debug] [MainThread]: Partial parsing: deleted file: seven_shifts_project://models/example/marts/fct_vendor_signals.sql
[0m14:45:46.305221 [debug] [MainThread]: Partial parsing: deleted file: seven_shifts_project://models/example/staging/stg_companies.sql
[0m14:45:46.534118 [warn ] [MainThread]: [[33mWARNING[0m]: Configuration paths exist in your dbt_project.yml file which do not apply to any resources.
There are 1 unused configuration paths:
- models.seven_shifts_project.example
[0m14:45:46.540512 [debug] [MainThread]: Sending event: {'category': 'dbt', 'action': 'load_project', 'label': '471d20b2-979c-41ae-9244-e040255c8968', 'context': [<snowplow_tracker.self_describing_json.SelfDescribingJson object at 0x108b2c130>]}
[0m14:45:46.587837 [debug] [MainThread]: Wrote artifact WritableManifest to /Users/nicholaschong/Projects/7shifts_summit_project/seven_shifts_project/target/manifest.json
[0m14:45:46.589041 [debug] [MainThread]: Wrote artifact SemanticManifest to /Users/nicholaschong/Projects/7shifts_summit_project/seven_shifts_project/target/semantic_manifest.json
[0m14:45:46.600195 [debug] [MainThread]: Sending event: {'category': 'dbt', 'action': 'resource_counts', 'label': '471d20b2-979c-41ae-9244-e040255c8968', 'context': [<snowplow_tracker.self_describing_json.SelfDescribingJson object at 0x108b2cdc0>]}
[0m14:45:46.600515 [info ] [MainThread]: Found 3 models, 2 sources, 416 macros
[0m14:45:46.600736 [debug] [MainThread]: Sending event: {'category': 'dbt', 'action': 'runnable_timing', 'label': '471d20b2-979c-41ae-9244-e040255c8968', 'context': [<snowplow_tracker.self_describing_json.SelfDescribingJson object at 0x106d5a340>]}
[0m14:45:46.601715 [info ] [MainThread]: 
[0m14:45:46.601944 [info ] [MainThread]: Concurrency: 1 threads (target='dev')
[0m14:45:46.602136 [info ] [MainThread]: 
[0m14:45:46.602429 [debug] [MainThread]: Acquiring new sqlite connection 'master'
[0m14:45:46.605606 [debug] [ThreadPool]: Acquiring new sqlite connection 'list_main'
[0m14:45:46.638110 [debug] [ThreadPool]: Using sqlite connection "list_main"
[0m14:45:46.638380 [debug] [ThreadPool]: On list_main: BEGIN
[0m14:45:46.638568 [debug] [ThreadPool]: Opening a new connection, currently in state init
[0m14:45:46.640479 [debug] [ThreadPool]: SQL status: OK in 0.002 seconds
[0m14:45:46.640695 [debug] [ThreadPool]: Using sqlite connection "list_main"
[0m14:45:46.640878 [debug] [ThreadPool]: On list_main: /* {"app": "dbt", "dbt_version": "1.10.22", "profile_name": "seven_shifts_project", "target_name": "dev", "connection_name": "list_main"} */

        pragma database_list
    
[0m14:45:46.641070 [debug] [ThreadPool]: SQL status: OK in 0.000 seconds
[0m14:45:46.641764 [debug] [ThreadPool]: On list_main: ROLLBACK
[0m14:45:46.641946 [debug] [ThreadPool]: On list_main: Close
[0m14:45:46.642594 [debug] [ThreadPool]: Re-using an available connection from the pool (formerly list_main, now list_main_main)
[0m14:45:46.647345 [debug] [ThreadPool]: Using sqlite connection "list_main_main"
[0m14:45:46.647561 [debug] [ThreadPool]: On list_main_main: BEGIN
[0m14:45:46.647738 [debug] [ThreadPool]: Opening a new connection, currently in state closed
[0m14:45:46.648038 [debug] [ThreadPool]: SQL status: OK in 0.000 seconds
[0m14:45:46.648201 [debug] [ThreadPool]: Using sqlite connection "list_main_main"
[0m14:45:46.648364 [debug] [ThreadPool]: On list_main_main: /* {"app": "dbt", "dbt_version": "1.10.22", "profile_name": "seven_shifts_project", "target_name": "dev", "connection_name": "list_main_main"} */

        pragma database_list
    
[0m14:45:46.648534 [debug] [ThreadPool]: SQL status: OK in 0.000 seconds
[0m14:45:46.649255 [debug] [ThreadPool]: Using sqlite connection "list_main_main"
[0m14:45:46.649451 [debug] [ThreadPool]: On list_main_main: /* {"app": "dbt", "dbt_version": "1.10.22", "profile_name": "seven_shifts_project", "target_name": "dev", "connection_name": "list_main_main"} */

            SELECT
                'main' as database
                ,name
                ,'main' AS schema
                ,type as data_type
            FROM
                main.sqlite_master
            WHERE
                name NOT LIKE 'sqlite_%'
        
[0m14:45:46.649758 [debug] [ThreadPool]: SQL status: OK in 0.000 seconds
[0m14:45:46.650385 [debug] [ThreadPool]: On list_main_main: ROLLBACK
[0m14:45:46.650563 [debug] [ThreadPool]: On list_main_main: Close
[0m14:45:46.651438 [debug] [MainThread]: Sending event: {'category': 'dbt', 'action': 'runnable_timing', 'label': '471d20b2-979c-41ae-9244-e040255c8968', 'context': [<snowplow_tracker.self_describing_json.SelfDescribingJson object at 0x108a28730>]}
[0m14:45:46.651705 [debug] [MainThread]: Using sqlite connection "master"
[0m14:45:46.651884 [debug] [MainThread]: On master: BEGIN
[0m14:45:46.652048 [debug] [MainThread]: Opening a new connection, currently in state init
[0m14:45:46.652325 [debug] [MainThread]: SQL status: OK in 0.000 seconds
[0m14:45:46.652491 [debug] [MainThread]: On master: COMMIT
[0m14:45:46.652661 [debug] [MainThread]: Using sqlite connection "master"
[0m14:45:46.652827 [debug] [MainThread]: On master: COMMIT
[0m14:45:46.652996 [debug] [MainThread]: SQL status: OK in 0.000 seconds
[0m14:45:46.653158 [debug] [MainThread]: On master: Close
[0m14:45:46.654483 [debug] [Thread-1  ]: Began running node model.seven_shifts_project.stg_companies
[0m14:45:46.654756 [info ] [Thread-1  ]: 1 of 3 START sql view model main.stg_companies ................................. [RUN]
[0m14:45:46.655030 [debug] [Thread-1  ]: Re-using an available connection from the pool (formerly list_main_main, now model.seven_shifts_project.stg_companies)
[0m14:45:46.655233 [debug] [Thread-1  ]: Began compiling node model.seven_shifts_project.stg_companies
[0m14:45:46.661400 [debug] [Thread-1  ]: Writing injected SQL for node "model.seven_shifts_project.stg_companies"
[0m14:45:46.661905 [debug] [Thread-1  ]: Began executing node model.seven_shifts_project.stg_companies
[0m14:45:46.672312 [debug] [Thread-1  ]: Using sqlite connection "model.seven_shifts_project.stg_companies"
[0m14:45:46.672642 [debug] [Thread-1  ]: On model.seven_shifts_project.stg_companies: /* {"app": "dbt", "dbt_version": "1.10.22", "profile_name": "seven_shifts_project", "target_name": "dev", "node_id": "model.seven_shifts_project.stg_companies"} */
drop view if exists "main"."stg_companies"
[0m14:45:46.672844 [debug] [Thread-1  ]: Opening a new connection, currently in state closed
[0m14:45:46.673658 [debug] [Thread-1  ]: SQL status: OK in 0.001 seconds
[0m14:45:46.676025 [debug] [Thread-1  ]: Writing runtime sql for node "model.seven_shifts_project.stg_companies"
[0m14:45:46.676451 [debug] [Thread-1  ]: Using sqlite connection "model.seven_shifts_project.stg_companies"
[0m14:45:46.676665 [debug] [Thread-1  ]: On model.seven_shifts_project.stg_companies: BEGIN
[0m14:45:46.676866 [debug] [Thread-1  ]: SQL status: OK in 0.000 seconds
[0m14:45:46.677055 [debug] [Thread-1  ]: Using sqlite connection "model.seven_shifts_project.stg_companies"
[0m14:45:46.677268 [debug] [Thread-1  ]: On model.seven_shifts_project.stg_companies: /* {"app": "dbt", "dbt_version": "1.10.22", "profile_name": "seven_shifts_project", "target_name": "dev", "node_id": "model.seven_shifts_project.stg_companies"} */

    
    create view main."stg_companies" as
    SELECT * FROM main."companies";
[0m14:45:46.677640 [debug] [Thread-1  ]: SQL status: OK in 0.000 seconds
[0m14:45:46.680721 [debug] [Thread-1  ]: On model.seven_shifts_project.stg_companies: COMMIT
[0m14:45:46.680939 [debug] [Thread-1  ]: Using sqlite connection "model.seven_shifts_project.stg_companies"
[0m14:45:46.681134 [debug] [Thread-1  ]: On model.seven_shifts_project.stg_companies: COMMIT
[0m14:45:46.681548 [debug] [Thread-1  ]: SQL status: OK in 0.000 seconds
[0m14:45:46.683185 [debug] [Thread-1  ]: On model.seven_shifts_project.stg_companies: Close
[0m14:45:46.684344 [debug] [Thread-1  ]: Sending event: {'category': 'dbt', 'action': 'run_model', 'label': '471d20b2-979c-41ae-9244-e040255c8968', 'context': [<snowplow_tracker.self_describing_json.SelfDescribingJson object at 0x108f19790>]}
[0m14:45:46.684711 [info ] [Thread-1  ]: 1 of 3 OK created sql view model main.stg_companies ............................ [[32mOK[0m in 0.03s]
[0m14:45:46.685042 [debug] [Thread-1  ]: Finished running node model.seven_shifts_project.stg_companies
[0m14:45:46.685280 [debug] [Thread-1  ]: Began running node model.seven_shifts_project.stg_locations
[0m14:45:46.685574 [info ] [Thread-1  ]: 2 of 3 START sql view model main.stg_locations ................................. [RUN]
[0m14:45:46.685836 [debug] [Thread-1  ]: Re-using an available connection from the pool (formerly model.seven_shifts_project.stg_companies, now model.seven_shifts_project.stg_locations)
[0m14:45:46.686062 [debug] [Thread-1  ]: Began compiling node model.seven_shifts_project.stg_locations
[0m14:45:46.688005 [debug] [Thread-1  ]: Writing injected SQL for node "model.seven_shifts_project.stg_locations"
[0m14:45:46.688389 [debug] [Thread-1  ]: Began executing node model.seven_shifts_project.stg_locations
[0m14:45:46.691191 [debug] [Thread-1  ]: Using sqlite connection "model.seven_shifts_project.stg_locations"
[0m14:45:46.691409 [debug] [Thread-1  ]: On model.seven_shifts_project.stg_locations: /* {"app": "dbt", "dbt_version": "1.10.22", "profile_name": "seven_shifts_project", "target_name": "dev", "node_id": "model.seven_shifts_project.stg_locations"} */
drop view if exists "main"."stg_locations"
[0m14:45:46.691602 [debug] [Thread-1  ]: Opening a new connection, currently in state closed
[0m14:45:46.692292 [debug] [Thread-1  ]: SQL status: OK in 0.001 seconds
[0m14:45:46.693017 [debug] [Thread-1  ]: Writing runtime sql for node "model.seven_shifts_project.stg_locations"
[0m14:45:46.693368 [debug] [Thread-1  ]: Using sqlite connection "model.seven_shifts_project.stg_locations"
[0m14:45:46.693570 [debug] [Thread-1  ]: On model.seven_shifts_project.stg_locations: BEGIN
[0m14:45:46.693765 [debug] [Thread-1  ]: SQL status: OK in 0.000 seconds
[0m14:45:46.693948 [debug] [Thread-1  ]: Using sqlite connection "model.seven_shifts_project.stg_locations"
[0m14:45:46.694137 [debug] [Thread-1  ]: On model.seven_shifts_project.stg_locations: /* {"app": "dbt", "dbt_version": "1.10.22", "profile_name": "seven_shifts_project", "target_name": "dev", "node_id": "model.seven_shifts_project.stg_locations"} */

    
    create view main."stg_locations" as
    SELECT * FROM main."locations";
[0m14:45:46.694495 [debug] [Thread-1  ]: SQL status: OK in 0.000 seconds
[0m14:45:46.695098 [debug] [Thread-1  ]: On model.seven_shifts_project.stg_locations: COMMIT
[0m14:45:46.695291 [debug] [Thread-1  ]: Using sqlite connection "model.seven_shifts_project.stg_locations"
[0m14:45:46.695474 [debug] [Thread-1  ]: On model.seven_shifts_project.stg_locations: COMMIT
[0m14:45:46.695825 [debug] [Thread-1  ]: SQL status: OK in 0.000 seconds
[0m14:45:46.696184 [debug] [Thread-1  ]: On model.seven_shifts_project.stg_locations: Close
[0m14:45:46.696525 [debug] [Thread-1  ]: Sending event: {'category': 'dbt', 'action': 'run_model', 'label': '471d20b2-979c-41ae-9244-e040255c8968', 'context': [<snowplow_tracker.self_describing_json.SelfDescribingJson object at 0x108f19790>]}
[0m14:45:46.696886 [info ] [Thread-1  ]: 2 of 3 OK created sql view model main.stg_locations ............................ [[32mOK[0m in 0.01s]
[0m14:45:46.697208 [debug] [Thread-1  ]: Finished running node model.seven_shifts_project.stg_locations
[0m14:45:46.697579 [debug] [Thread-1  ]: Began running node model.seven_shifts_project.fct_vendor_signals
[0m14:45:46.697906 [info ] [Thread-1  ]: 3 of 3 START sql view model main.fct_vendor_signals ............................ [RUN]
[0m14:45:46.698198 [debug] [Thread-1  ]: Re-using an available connection from the pool (formerly model.seven_shifts_project.stg_locations, now model.seven_shifts_project.fct_vendor_signals)
[0m14:45:46.698413 [debug] [Thread-1  ]: Began compiling node model.seven_shifts_project.fct_vendor_signals
[0m14:45:46.701169 [debug] [Thread-1  ]: Writing injected SQL for node "model.seven_shifts_project.fct_vendor_signals"
[0m14:45:46.701605 [debug] [Thread-1  ]: Began executing node model.seven_shifts_project.fct_vendor_signals
[0m14:45:46.705393 [debug] [Thread-1  ]: Using sqlite connection "model.seven_shifts_project.fct_vendor_signals"
[0m14:45:46.705636 [debug] [Thread-1  ]: On model.seven_shifts_project.fct_vendor_signals: /* {"app": "dbt", "dbt_version": "1.10.22", "profile_name": "seven_shifts_project", "target_name": "dev", "node_id": "model.seven_shifts_project.fct_vendor_signals"} */
drop view if exists "main"."fct_vendor_signals"
[0m14:45:46.705878 [debug] [Thread-1  ]: Opening a new connection, currently in state closed
[0m14:45:46.706693 [debug] [Thread-1  ]: SQL status: OK in 0.001 seconds
[0m14:45:46.707464 [debug] [Thread-1  ]: Writing runtime sql for node "model.seven_shifts_project.fct_vendor_signals"
[0m14:45:46.707906 [debug] [Thread-1  ]: Using sqlite connection "model.seven_shifts_project.fct_vendor_signals"
[0m14:45:46.708126 [debug] [Thread-1  ]: On model.seven_shifts_project.fct_vendor_signals: BEGIN
[0m14:45:46.708330 [debug] [Thread-1  ]: SQL status: OK in 0.000 seconds
[0m14:45:46.708522 [debug] [Thread-1  ]: Using sqlite connection "model.seven_shifts_project.fct_vendor_signals"
[0m14:45:46.708737 [debug] [Thread-1  ]: On model.seven_shifts_project.fct_vendor_signals: /* {"app": "dbt", "dbt_version": "1.10.22", "profile_name": "seven_shifts_project", "target_name": "dev", "node_id": "model.seven_shifts_project.fct_vendor_signals"} */

    
    create view main."fct_vendor_signals" as
    WITH base_companies AS (
    SELECT * FROM main."stg_companies"
),
base_locations AS (
    SELECT * FROM main."stg_locations"
),
aggregated AS (
    SELECT 
        c.account_id AS vendor_id,
        c.company_name AS vendor_name,
        c.website AS vendor_website,
        c.num_locations AS global_location_count,
        c.pos_vendor AS vendor_pos,
        SUM(CASE WHEN l.city IN ('New York', 'Brooklyn', 'Queens', 'Bronx', 'Staten Island') THEN 1 ELSE 0 END) AS total_nyc_locations,
        ROUND(AVG(CASE WHEN l.city IN ('New York', 'Brooklyn', 'Queens', 'Bronx', 'Staten Island') THEN l.review_rating ELSE NULL END), 1) AS avg_nyc_rating,
        GROUP_CONCAT(DISTINCT l.cuisine_type) AS cuisines
    FROM base_companies c
    LEFT JOIN base_locations l ON c.account_id = l.account_id
    GROUP BY 1, 2, 3, 4, 5
)
SELECT * FROM aggregated;
[0m14:45:46.709172 [debug] [Thread-1  ]: SQL status: OK in 0.000 seconds
[0m14:45:46.709823 [debug] [Thread-1  ]: On model.seven_shifts_project.fct_vendor_signals: COMMIT
[0m14:45:46.710022 [debug] [Thread-1  ]: Using sqlite connection "model.seven_shifts_project.fct_vendor_signals"
[0m14:45:46.710209 [debug] [Thread-1  ]: On model.seven_shifts_project.fct_vendor_signals: COMMIT
[0m14:45:46.710592 [debug] [Thread-1  ]: SQL status: OK in 0.000 seconds
[0m14:45:46.710988 [debug] [Thread-1  ]: On model.seven_shifts_project.fct_vendor_signals: Close
[0m14:45:46.711321 [debug] [Thread-1  ]: Sending event: {'category': 'dbt', 'action': 'run_model', 'label': '471d20b2-979c-41ae-9244-e040255c8968', 'context': [<snowplow_tracker.self_describing_json.SelfDescribingJson object at 0x108b87f10>]}
[0m14:45:46.711659 [info ] [Thread-1  ]: 3 of 3 OK created sql view model main.fct_vendor_signals ....................... [[32mOK[0m in 0.01s]
[0m14:45:46.711981 [debug] [Thread-1  ]: Finished running node model.seven_shifts_project.fct_vendor_signals
[0m14:45:46.712531 [debug] [MainThread]: Using sqlite connection "master"
[0m14:45:46.712724 [debug] [MainThread]: On master: BEGIN
[0m14:45:46.712897 [debug] [MainThread]: Opening a new connection, currently in state closed
[0m14:45:46.713192 [debug] [MainThread]: SQL status: OK in 0.000 seconds
[0m14:45:46.713373 [debug] [MainThread]: On master: COMMIT
[0m14:45:46.713542 [debug] [MainThread]: Using sqlite connection "master"
[0m14:45:46.713701 [debug] [MainThread]: On master: COMMIT
[0m14:45:46.713863 [debug] [MainThread]: SQL status: OK in 0.000 seconds
[0m14:45:46.714023 [debug] [MainThread]: On master: Close
[0m14:45:46.714243 [debug] [MainThread]: Connection 'master' was properly closed.
[0m14:45:46.714401 [debug] [MainThread]: Connection 'model.seven_shifts_project.fct_vendor_signals' was properly closed.
[0m14:45:46.714597 [info ] [MainThread]: 
[0m14:45:46.714795 [info ] [MainThread]: Finished running 3 view models in 0 hours 0 minutes and 0.11 seconds (0.11s).
[0m14:45:46.715303 [debug] [MainThread]: Command end result
[0m14:45:46.727360 [debug] [MainThread]: Wrote artifact WritableManifest to /Users/nicholaschong/Projects/7shifts_summit_project/seven_shifts_project/target/manifest.json
[0m14:45:46.728336 [debug] [MainThread]: Wrote artifact SemanticManifest to /Users/nicholaschong/Projects/7shifts_summit_project/seven_shifts_project/target/semantic_manifest.json
[0m14:45:46.732032 [debug] [MainThread]: Wrote artifact RunExecutionResult to /Users/nicholaschong/Projects/7shifts_summit_project/seven_shifts_project/target/run_results.json
[0m14:45:46.732232 [info ] [MainThread]: 
[0m14:45:46.732473 [info ] [MainThread]: [32mCompleted successfully[0m
[0m14:45:46.732666 [info ] [MainThread]: 
[0m14:45:46.732877 [info ] [MainThread]: Done. PASS=3 WARN=0 ERROR=0 SKIP=0 NO-OP=0 TOTAL=3
[0m14:45:46.734345 [debug] [MainThread]: Resource report: {"command_name": "run", "command_success": true, "command_wall_clock_time": 0.7553569, "process_in_blocks": "0", "process_kernel_time": 0.158075, "process_mem_max_rss": "123518976", "process_out_blocks": "0", "process_user_time": 1.367432}
[0m14:45:46.734580 [debug] [MainThread]: Command `dbt run` succeeded at 14:45:46.734539 after 0.76 seconds
[0m14:45:46.734797 [debug] [MainThread]: Sending event: {'category': 'dbt', 'action': 'invocation', 'label': 'end', 'context': [<snowplow_tracker.self_describing_json.SelfDescribingJson object at 0x10733ddc0>, <snowplow_tracker.self_describing_json.SelfDescribingJson object at 0x108a1d700>, <snowplow_tracker.self_describing_json.SelfDescribingJson object at 0x108b2cdf0>]}
[0m14:45:46.735010 [debug] [MainThread]: Flushing usage events
[0m14:45:48.541035 [debug] [MainThread]: An error was encountered while trying to flush usage events
[0m14:46:54.769972 [debug] [MainThread]: Sending event: {'category': 'dbt', 'action': 'invocation', 'label': 'start', 'context': [<snowplow_tracker.self_describing_json.SelfDescribingJson object at 0x105be9e20>, <snowplow_tracker.self_describing_json.SelfDescribingJson object at 0x106c7a280>, <snowplow_tracker.self_describing_json.SelfDescribingJson object at 0x106c7a580>]}


============================== 14:46:54.773002 | a881cb00-1f18-4a8a-a277-dc084fd38cf0 ==============================
[0m14:46:54.773002 [info ] [MainThread]: Running with dbt=1.10.22
[0m14:46:54.773364 [debug] [MainThread]: running dbt with arguments {'printer_width': '80', 'indirect_selection': 'eager', 'write_json': 'True', 'log_cache_events': 'False', 'partial_parse': 'True', 'cache_selected_only': 'False', 'profiles_dir': '/Users/nicholaschong/.dbt', 'fail_fast': 'False', 'version_check': 'True', 'log_path': '/Users/nicholaschong/Projects/7shifts_summit_project/seven_shifts_project/logs', 'debug': 'False', 'warn_error': 'None', 'use_colors': 'True', 'use_experimental_parser': 'False', 'no_print': 'None', 'quiet': 'False', 'empty': 'False', 'warn_error_options': 'WarnErrorOptionsV2(error=[], warn=[], silence=[])', 'introspect': 'True', 'invocation_command': 'dbt run', 'static_parser': 'True', 'target_path': 'None', 'log_format': 'default', 'send_anonymous_usage_stats': 'True'}
[0m14:46:54.858625 [debug] [MainThread]: Sending event: {'category': 'dbt', 'action': 'project_id', 'label': 'a881cb00-1f18-4a8a-a277-dc084fd38cf0', 'context': [<snowplow_tracker.self_describing_json.SelfDescribingJson object at 0x106cd5520>]}
[0m14:46:54.892911 [debug] [MainThread]: Sending event: {'category': 'dbt', 'action': 'adapter_info', 'label': 'a881cb00-1f18-4a8a-a277-dc084fd38cf0', 'context': [<snowplow_tracker.self_describing_json.SelfDescribingJson object at 0x106dcda00>]}
[0m14:46:54.893510 [info ] [MainThread]: Registered adapter: sqlite=1.10.0
[0m14:46:54.961061 [debug] [MainThread]: checksum: 04c83ee057a648a2f8e380c895ffead170732fa039f068d62b9d36aaeefaf7cc, vars: {}, profile: , target: , version: 1.10.22
[0m14:46:55.020999 [info ] [MainThread]: Unable to do partial parsing because a project config has changed
[0m14:46:55.021325 [debug] [MainThread]: Sending event: {'category': 'dbt', 'action': 'partial_parser', 'label': 'a881cb00-1f18-4a8a-a277-dc084fd38cf0', 'context': [<snowplow_tracker.self_describing_json.SelfDescribingJson object at 0x105f2c100>]}
[0m14:46:55.655750 [debug] [MainThread]: Sending event: {'category': 'dbt', 'action': 'load_project', 'label': 'a881cb00-1f18-4a8a-a277-dc084fd38cf0', 'context': [<snowplow_tracker.self_describing_json.SelfDescribingJson object at 0x107406130>]}
[0m14:46:55.700430 [debug] [MainThread]: Wrote artifact WritableManifest to /Users/nicholaschong/Projects/7shifts_summit_project/seven_shifts_project/target/manifest.json
[0m14:46:55.701371 [debug] [MainThread]: Wrote artifact SemanticManifest to /Users/nicholaschong/Projects/7shifts_summit_project/seven_shifts_project/target/semantic_manifest.json
[0m14:46:55.711340 [debug] [MainThread]: Sending event: {'category': 'dbt', 'action': 'resource_counts', 'label': 'a881cb00-1f18-4a8a-a277-dc084fd38cf0', 'context': [<snowplow_tracker.self_describing_json.SelfDescribingJson object at 0x107495af0>]}
[0m14:46:55.711638 [info ] [MainThread]: Found 3 models, 2 sources, 416 macros
[0m14:46:55.711865 [debug] [MainThread]: Sending event: {'category': 'dbt', 'action': 'runnable_timing', 'label': 'a881cb00-1f18-4a8a-a277-dc084fd38cf0', 'context': [<snowplow_tracker.self_describing_json.SelfDescribingJson object at 0x107492d30>]}
[0m14:46:55.712624 [info ] [MainThread]: 
[0m14:46:55.712849 [info ] [MainThread]: Concurrency: 1 threads (target='dev')
[0m14:46:55.713039 [info ] [MainThread]: 
[0m14:46:55.713318 [debug] [MainThread]: Acquiring new sqlite connection 'master'
[0m14:46:55.716402 [debug] [ThreadPool]: Acquiring new sqlite connection 'list_main'
[0m14:46:55.743764 [debug] [ThreadPool]: Using sqlite connection "list_main"
[0m14:46:55.744036 [debug] [ThreadPool]: On list_main: BEGIN
[0m14:46:55.744235 [debug] [ThreadPool]: Opening a new connection, currently in state init
[0m14:46:55.746276 [debug] [ThreadPool]: SQL status: OK in 0.002 seconds
[0m14:46:55.746484 [debug] [ThreadPool]: Using sqlite connection "list_main"
[0m14:46:55.746665 [debug] [ThreadPool]: On list_main: /* {"app": "dbt", "dbt_version": "1.10.22", "profile_name": "seven_shifts_project", "target_name": "dev", "connection_name": "list_main"} */

        pragma database_list
    
[0m14:46:55.746847 [debug] [ThreadPool]: SQL status: OK in 0.000 seconds
[0m14:46:55.747532 [debug] [ThreadPool]: On list_main: ROLLBACK
[0m14:46:55.747720 [debug] [ThreadPool]: On list_main: Close
[0m14:46:55.748367 [debug] [ThreadPool]: Re-using an available connection from the pool (formerly list_main, now list_main_main)
[0m14:46:55.753056 [debug] [ThreadPool]: Using sqlite connection "list_main_main"
[0m14:46:55.753250 [debug] [ThreadPool]: On list_main_main: BEGIN
[0m14:46:55.753415 [debug] [ThreadPool]: Opening a new connection, currently in state closed
[0m14:46:55.753707 [debug] [ThreadPool]: SQL status: OK in 0.000 seconds
[0m14:46:55.753873 [debug] [ThreadPool]: Using sqlite connection "list_main_main"
[0m14:46:55.754038 [debug] [ThreadPool]: On list_main_main: /* {"app": "dbt", "dbt_version": "1.10.22", "profile_name": "seven_shifts_project", "target_name": "dev", "connection_name": "list_main_main"} */

        pragma database_list
    
[0m14:46:55.754217 [debug] [ThreadPool]: SQL status: OK in 0.000 seconds
[0m14:46:55.754905 [debug] [ThreadPool]: Using sqlite connection "list_main_main"
[0m14:46:55.755090 [debug] [ThreadPool]: On list_main_main: /* {"app": "dbt", "dbt_version": "1.10.22", "profile_name": "seven_shifts_project", "target_name": "dev", "connection_name": "list_main_main"} */

            SELECT
                'main' as database
                ,name
                ,'main' AS schema
                ,type as data_type
            FROM
                main.sqlite_master
            WHERE
                name NOT LIKE 'sqlite_%'
        
[0m14:46:55.755400 [debug] [ThreadPool]: SQL status: OK in 0.000 seconds
[0m14:46:55.756046 [debug] [ThreadPool]: On list_main_main: ROLLBACK
[0m14:46:55.756231 [debug] [ThreadPool]: On list_main_main: Close
[0m14:46:55.757166 [debug] [MainThread]: Sending event: {'category': 'dbt', 'action': 'runnable_timing', 'label': 'a881cb00-1f18-4a8a-a277-dc084fd38cf0', 'context': [<snowplow_tracker.self_describing_json.SelfDescribingJson object at 0x1074cb220>]}
[0m14:46:55.757422 [debug] [MainThread]: Using sqlite connection "master"
[0m14:46:55.757590 [debug] [MainThread]: On master: BEGIN
[0m14:46:55.757746 [debug] [MainThread]: Opening a new connection, currently in state init
[0m14:46:55.758013 [debug] [MainThread]: SQL status: OK in 0.000 seconds
[0m14:46:55.758180 [debug] [MainThread]: On master: COMMIT
[0m14:46:55.758345 [debug] [MainThread]: Using sqlite connection "master"
[0m14:46:55.758504 [debug] [MainThread]: On master: COMMIT
[0m14:46:55.758665 [debug] [MainThread]: SQL status: OK in 0.000 seconds
[0m14:46:55.758827 [debug] [MainThread]: On master: Close
[0m14:46:55.760053 [debug] [Thread-1  ]: Began running node model.seven_shifts_project.stg_companies
[0m14:46:55.760425 [info ] [Thread-1  ]: 1 of 3 START sql view model main.stg_companies ................................. [RUN]
[0m14:46:55.760695 [debug] [Thread-1  ]: Re-using an available connection from the pool (formerly list_main_main, now model.seven_shifts_project.stg_companies)
[0m14:46:55.760921 [debug] [Thread-1  ]: Began compiling node model.seven_shifts_project.stg_companies
[0m14:46:55.766826 [debug] [Thread-1  ]: Writing injected SQL for node "model.seven_shifts_project.stg_companies"
[0m14:46:55.767359 [debug] [Thread-1  ]: Began executing node model.seven_shifts_project.stg_companies
[0m14:46:55.778046 [debug] [Thread-1  ]: Using sqlite connection "model.seven_shifts_project.stg_companies"
[0m14:46:55.778290 [debug] [Thread-1  ]: On model.seven_shifts_project.stg_companies: /* {"app": "dbt", "dbt_version": "1.10.22", "profile_name": "seven_shifts_project", "target_name": "dev", "node_id": "model.seven_shifts_project.stg_companies"} */
drop view if exists "main"."stg_companies"
[0m14:46:55.778532 [debug] [Thread-1  ]: Opening a new connection, currently in state closed
[0m14:46:55.779435 [debug] [Thread-1  ]: SQL status: OK in 0.001 seconds
[0m14:46:55.781921 [debug] [Thread-1  ]: Writing runtime sql for node "model.seven_shifts_project.stg_companies"
[0m14:46:55.782313 [debug] [Thread-1  ]: Using sqlite connection "model.seven_shifts_project.stg_companies"
[0m14:46:55.782533 [debug] [Thread-1  ]: On model.seven_shifts_project.stg_companies: BEGIN
[0m14:46:55.782743 [debug] [Thread-1  ]: SQL status: OK in 0.000 seconds
[0m14:46:55.782939 [debug] [Thread-1  ]: Using sqlite connection "model.seven_shifts_project.stg_companies"
[0m14:46:55.783136 [debug] [Thread-1  ]: On model.seven_shifts_project.stg_companies: /* {"app": "dbt", "dbt_version": "1.10.22", "profile_name": "seven_shifts_project", "target_name": "dev", "node_id": "model.seven_shifts_project.stg_companies"} */

    
    create view main."stg_companies" as
    SELECT * FROM main."companies";
[0m14:46:55.783494 [debug] [Thread-1  ]: SQL status: OK in 0.000 seconds
[0m14:46:55.786630 [debug] [Thread-1  ]: On model.seven_shifts_project.stg_companies: COMMIT
[0m14:46:55.786853 [debug] [Thread-1  ]: Using sqlite connection "model.seven_shifts_project.stg_companies"
[0m14:46:55.787054 [debug] [Thread-1  ]: On model.seven_shifts_project.stg_companies: COMMIT
[0m14:46:55.787431 [debug] [Thread-1  ]: SQL status: OK in 0.000 seconds
[0m14:46:55.788965 [debug] [Thread-1  ]: On model.seven_shifts_project.stg_companies: Close
[0m14:46:55.790289 [debug] [Thread-1  ]: Sending event: {'category': 'dbt', 'action': 'run_model', 'label': 'a881cb00-1f18-4a8a-a277-dc084fd38cf0', 'context': [<snowplow_tracker.self_describing_json.SelfDescribingJson object at 0x104321220>]}
[0m14:46:55.790678 [info ] [Thread-1  ]: 1 of 3 OK created sql view model main.stg_companies ............................ [[32mOK[0m in 0.03s]
[0m14:46:55.791025 [debug] [Thread-1  ]: Finished running node model.seven_shifts_project.stg_companies
[0m14:46:55.791273 [debug] [Thread-1  ]: Began running node model.seven_shifts_project.stg_locations
[0m14:46:55.791582 [info ] [Thread-1  ]: 2 of 3 START sql view model main.stg_locations ................................. [RUN]
[0m14:46:55.791845 [debug] [Thread-1  ]: Re-using an available connection from the pool (formerly model.seven_shifts_project.stg_companies, now model.seven_shifts_project.stg_locations)
[0m14:46:55.792065 [debug] [Thread-1  ]: Began compiling node model.seven_shifts_project.stg_locations
[0m14:46:55.793738 [debug] [Thread-1  ]: Writing injected SQL for node "model.seven_shifts_project.stg_locations"
[0m14:46:55.794113 [debug] [Thread-1  ]: Began executing node model.seven_shifts_project.stg_locations
[0m14:46:55.796867 [debug] [Thread-1  ]: Using sqlite connection "model.seven_shifts_project.stg_locations"
[0m14:46:55.797100 [debug] [Thread-1  ]: On model.seven_shifts_project.stg_locations: /* {"app": "dbt", "dbt_version": "1.10.22", "profile_name": "seven_shifts_project", "target_name": "dev", "node_id": "model.seven_shifts_project.stg_locations"} */
drop view if exists "main"."stg_locations"
[0m14:46:55.797318 [debug] [Thread-1  ]: Opening a new connection, currently in state closed
[0m14:46:55.798102 [debug] [Thread-1  ]: SQL status: OK in 0.001 seconds
[0m14:46:55.798968 [debug] [Thread-1  ]: Writing runtime sql for node "model.seven_shifts_project.stg_locations"
[0m14:46:55.799377 [debug] [Thread-1  ]: Using sqlite connection "model.seven_shifts_project.stg_locations"
[0m14:46:55.799602 [debug] [Thread-1  ]: On model.seven_shifts_project.stg_locations: BEGIN
[0m14:46:55.799817 [debug] [Thread-1  ]: SQL status: OK in 0.000 seconds
[0m14:46:55.800008 [debug] [Thread-1  ]: Using sqlite connection "model.seven_shifts_project.stg_locations"
[0m14:46:55.800204 [debug] [Thread-1  ]: On model.seven_shifts_project.stg_locations: /* {"app": "dbt", "dbt_version": "1.10.22", "profile_name": "seven_shifts_project", "target_name": "dev", "node_id": "model.seven_shifts_project.stg_locations"} */

    
    create view main."stg_locations" as
    SELECT * FROM main."locations";
[0m14:46:55.800549 [debug] [Thread-1  ]: SQL status: OK in 0.000 seconds
[0m14:46:55.801187 [debug] [Thread-1  ]: On model.seven_shifts_project.stg_locations: COMMIT
[0m14:46:55.801387 [debug] [Thread-1  ]: Using sqlite connection "model.seven_shifts_project.stg_locations"
[0m14:46:55.801573 [debug] [Thread-1  ]: On model.seven_shifts_project.stg_locations: COMMIT
[0m14:46:55.801933 [debug] [Thread-1  ]: SQL status: OK in 0.000 seconds
[0m14:46:55.802310 [debug] [Thread-1  ]: On model.seven_shifts_project.stg_locations: Close
[0m14:46:55.802647 [debug] [Thread-1  ]: Sending event: {'category': 'dbt', 'action': 'run_model', 'label': 'a881cb00-1f18-4a8a-a277-dc084fd38cf0', 'context': [<snowplow_tracker.self_describing_json.SelfDescribingJson object at 0x104321220>]}
[0m14:46:55.803014 [info ] [Thread-1  ]: 2 of 3 OK created sql view model main.stg_locations ............................ [[32mOK[0m in 0.01s]
[0m14:46:55.803334 [debug] [Thread-1  ]: Finished running node model.seven_shifts_project.stg_locations
[0m14:46:55.803727 [debug] [Thread-1  ]: Began running node model.seven_shifts_project.fct_vendor_signals
[0m14:46:55.804037 [info ] [Thread-1  ]: 3 of 3 START sql view model main.fct_vendor_signals ............................ [RUN]
[0m14:46:55.804316 [debug] [Thread-1  ]: Re-using an available connection from the pool (formerly model.seven_shifts_project.stg_locations, now model.seven_shifts_project.fct_vendor_signals)
[0m14:46:55.804543 [debug] [Thread-1  ]: Began compiling node model.seven_shifts_project.fct_vendor_signals
[0m14:46:55.807562 [debug] [Thread-1  ]: Writing injected SQL for node "model.seven_shifts_project.fct_vendor_signals"
[0m14:46:55.807949 [debug] [Thread-1  ]: Began executing node model.seven_shifts_project.fct_vendor_signals
[0m14:46:55.810758 [debug] [Thread-1  ]: Using sqlite connection "model.seven_shifts_project.fct_vendor_signals"
[0m14:46:55.810975 [debug] [Thread-1  ]: On model.seven_shifts_project.fct_vendor_signals: /* {"app": "dbt", "dbt_version": "1.10.22", "profile_name": "seven_shifts_project", "target_name": "dev", "node_id": "model.seven_shifts_project.fct_vendor_signals"} */
drop view if exists "main"."fct_vendor_signals"
[0m14:46:55.811174 [debug] [Thread-1  ]: Opening a new connection, currently in state closed
[0m14:46:55.811873 [debug] [Thread-1  ]: SQL status: OK in 0.001 seconds
[0m14:46:55.812581 [debug] [Thread-1  ]: Writing runtime sql for node "model.seven_shifts_project.fct_vendor_signals"
[0m14:46:55.812969 [debug] [Thread-1  ]: Using sqlite connection "model.seven_shifts_project.fct_vendor_signals"
[0m14:46:55.813175 [debug] [Thread-1  ]: On model.seven_shifts_project.fct_vendor_signals: BEGIN
[0m14:46:55.813370 [debug] [Thread-1  ]: SQL status: OK in 0.000 seconds
[0m14:46:55.813556 [debug] [Thread-1  ]: Using sqlite connection "model.seven_shifts_project.fct_vendor_signals"
[0m14:46:55.813775 [debug] [Thread-1  ]: On model.seven_shifts_project.fct_vendor_signals: /* {"app": "dbt", "dbt_version": "1.10.22", "profile_name": "seven_shifts_project", "target_name": "dev", "node_id": "model.seven_shifts_project.fct_vendor_signals"} */

    
    create view main."fct_vendor_signals" as
    WITH base_companies AS (
    SELECT * FROM main."stg_companies"
),
base_locations AS (
    SELECT * FROM main."stg_locations"
),
aggregated AS (
    SELECT 
        c.account_id AS vendor_id,
        c.company_name AS vendor_name,
        c.website AS vendor_website,
        c.num_locations AS global_location_count,
        c.pos_vendor AS vendor_pos,
        SUM(CASE WHEN l.city IN ('New York', 'Brooklyn', 'Queens', 'Bronx', 'Staten Island') THEN 1 ELSE 0 END) AS total_nyc_locations,
        ROUND(AVG(CASE WHEN l.city IN ('New York', 'Brooklyn', 'Queens', 'Bronx', 'Staten Island') THEN l.review_rating ELSE NULL END), 1) AS avg_nyc_rating,
        GROUP_CONCAT(DISTINCT l.cuisine_type) AS cuisines
    FROM base_companies c
    LEFT JOIN base_locations l ON c.account_id = l.account_id
    GROUP BY 1, 2, 3, 4, 5
)
SELECT * FROM aggregated;
[0m14:46:55.814238 [debug] [Thread-1  ]: SQL status: OK in 0.000 seconds
[0m14:46:55.814963 [debug] [Thread-1  ]: On model.seven_shifts_project.fct_vendor_signals: COMMIT
[0m14:46:55.815178 [debug] [Thread-1  ]: Using sqlite connection "model.seven_shifts_project.fct_vendor_signals"
[0m14:46:55.815372 [debug] [Thread-1  ]: On model.seven_shifts_project.fct_vendor_signals: COMMIT
[0m14:46:55.815753 [debug] [Thread-1  ]: SQL status: OK in 0.000 seconds
[0m14:46:55.816132 [debug] [Thread-1  ]: On model.seven_shifts_project.fct_vendor_signals: Close
[0m14:46:55.816450 [debug] [Thread-1  ]: Sending event: {'category': 'dbt', 'action': 'run_model', 'label': 'a881cb00-1f18-4a8a-a277-dc084fd38cf0', 'context': [<snowplow_tracker.self_describing_json.SelfDescribingJson object at 0x107a56dc0>]}
[0m14:46:55.816774 [info ] [Thread-1  ]: 3 of 3 OK created sql view model main.fct_vendor_signals ....................... [[32mOK[0m in 0.01s]
[0m14:46:55.817091 [debug] [Thread-1  ]: Finished running node model.seven_shifts_project.fct_vendor_signals
[0m14:46:55.817655 [debug] [MainThread]: Using sqlite connection "master"
[0m14:46:55.817864 [debug] [MainThread]: On master: BEGIN
[0m14:46:55.818032 [debug] [MainThread]: Opening a new connection, currently in state closed
[0m14:46:55.818317 [debug] [MainThread]: SQL status: OK in 0.000 seconds
[0m14:46:55.818488 [debug] [MainThread]: On master: COMMIT
[0m14:46:55.818656 [debug] [MainThread]: Using sqlite connection "master"
[0m14:46:55.818826 [debug] [MainThread]: On master: COMMIT
[0m14:46:55.819001 [debug] [MainThread]: SQL status: OK in 0.000 seconds
[0m14:46:55.819173 [debug] [MainThread]: On master: Close
[0m14:46:55.819403 [debug] [MainThread]: Connection 'master' was properly closed.
[0m14:46:55.819565 [debug] [MainThread]: Connection 'model.seven_shifts_project.fct_vendor_signals' was properly closed.
[0m14:46:55.819763 [info ] [MainThread]: 
[0m14:46:55.819968 [info ] [MainThread]: Finished running 3 view models in 0 hours 0 minutes and 0.11 seconds (0.11s).
[0m14:46:55.820484 [debug] [MainThread]: Command end result
[0m14:46:55.861510 [debug] [MainThread]: Wrote artifact WritableManifest to /Users/nicholaschong/Projects/7shifts_summit_project/seven_shifts_project/target/manifest.json
[0m14:46:55.862572 [debug] [MainThread]: Wrote artifact SemanticManifest to /Users/nicholaschong/Projects/7shifts_summit_project/seven_shifts_project/target/semantic_manifest.json
[0m14:46:55.866508 [debug] [MainThread]: Wrote artifact RunExecutionResult to /Users/nicholaschong/Projects/7shifts_summit_project/seven_shifts_project/target/run_results.json
[0m14:46:55.866729 [info ] [MainThread]: 
[0m14:46:55.866972 [info ] [MainThread]: [32mCompleted successfully[0m
[0m14:46:55.867169 [info ] [MainThread]: 
[0m14:46:55.867376 [info ] [MainThread]: Done. PASS=3 WARN=0 ERROR=0 SKIP=0 NO-OP=0 TOTAL=3
[0m14:46:55.868779 [debug] [MainThread]: Resource report: {"command_name": "run", "command_success": true, "command_wall_clock_time": 1.1448648, "process_in_blocks": "0", "process_kernel_time": 0.151955, "process_mem_max_rss": "125452288", "process_out_blocks": "0", "process_user_time": 1.772075}
[0m14:46:55.869021 [debug] [MainThread]: Command `dbt run` succeeded at 14:46:55.868977 after 1.15 seconds
[0m14:46:55.869241 [debug] [MainThread]: Sending event: {'category': 'dbt', 'action': 'invocation', 'label': 'end', 'context': [<snowplow_tracker.self_describing_json.SelfDescribingJson object at 0x105be9e20>, <snowplow_tracker.self_describing_json.SelfDescribingJson object at 0x107439b80>, <snowplow_tracker.self_describing_json.SelfDescribingJson object at 0x105eb4f40>]}
[0m14:46:55.869460 [debug] [MainThread]: Flushing usage events
[0m14:46:56.001148 [debug] [MainThread]: An error was encountered while trying to flush usage events
[0m14:58:03.253112 [debug] [MainThread]: Sending event: {'category': 'dbt', 'action': 'invocation', 'label': 'start', 'context': [<snowplow_tracker.self_describing_json.SelfDescribingJson object at 0x107db1e50>, <snowplow_tracker.self_describing_json.SelfDescribingJson object at 0x108e42190>, <snowplow_tracker.self_describing_json.SelfDescribingJson object at 0x108e42490>]}


============================== 14:58:03.255954 | 2e3e1d0e-c17c-46b0-ae63-97ef98d0809c ==============================
[0m14:58:03.255954 [info ] [MainThread]: Running with dbt=1.10.22
[0m14:58:03.256307 [debug] [MainThread]: running dbt with arguments {'printer_width': '80', 'indirect_selection': 'eager', 'log_cache_events': 'False', 'write_json': 'True', 'partial_parse': 'True', 'cache_selected_only': 'False', 'warn_error': 'None', 'fail_fast': 'False', 'version_check': 'True', 'log_path': '/Users/nicholaschong/Projects/7shifts_summit_project/seven_shifts_project/logs', 'profiles_dir': '/Users/nicholaschong/.dbt', 'debug': 'False', 'use_colors': 'True', 'use_experimental_parser': 'False', 'no_print': 'None', 'quiet': 'False', 'empty': 'False', 'log_format': 'default', 'static_parser': 'True', 'warn_error_options': 'WarnErrorOptionsV2(error=[], warn=[], silence=[])', 'introspect': 'True', 'target_path': 'None', 'invocation_command': 'dbt run', 'send_anonymous_usage_stats': 'True'}
[0m14:58:03.344376 [debug] [MainThread]: Sending event: {'category': 'dbt', 'action': 'project_id', 'label': '2e3e1d0e-c17c-46b0-ae63-97ef98d0809c', 'context': [<snowplow_tracker.self_describing_json.SelfDescribingJson object at 0x108e03af0>]}
[0m14:58:03.378002 [debug] [MainThread]: Sending event: {'category': 'dbt', 'action': 'adapter_info', 'label': '2e3e1d0e-c17c-46b0-ae63-97ef98d0809c', 'context': [<snowplow_tracker.self_describing_json.SelfDescribingJson object at 0x108ddf8e0>]}
[0m14:58:03.378652 [info ] [MainThread]: Registered adapter: sqlite=1.10.0
[0m14:58:03.449903 [debug] [MainThread]: checksum: 04c83ee057a648a2f8e380c895ffead170732fa039f068d62b9d36aaeefaf7cc, vars: {}, profile: , target: , version: 1.10.22
[0m14:58:03.536681 [debug] [MainThread]: Partial parsing enabled: 0 files deleted, 1 files added, 2 files changed.
[0m14:58:03.537112 [debug] [MainThread]: Partial parsing: added file: seven_shifts_project://models/staging/stg_crm_accounts.sql
[0m14:58:03.537499 [debug] [MainThread]: Partial parsing: updated file: seven_shifts_project://models/staging/src_data.yml
[0m14:58:03.537709 [debug] [MainThread]: Partial parsing: updated file: seven_shifts_project://models/marts/fct_vendor_signals.sql
[0m14:58:03.781808 [debug] [MainThread]: Sending event: {'category': 'dbt', 'action': 'load_project', 'label': '2e3e1d0e-c17c-46b0-ae63-97ef98d0809c', 'context': [<snowplow_tracker.self_describing_json.SelfDescribingJson object at 0x109592130>]}
[0m14:58:03.826973 [debug] [MainThread]: Wrote artifact WritableManifest to /Users/nicholaschong/Projects/7shifts_summit_project/seven_shifts_project/target/manifest.json
[0m14:58:03.828089 [debug] [MainThread]: Wrote artifact SemanticManifest to /Users/nicholaschong/Projects/7shifts_summit_project/seven_shifts_project/target/semantic_manifest.json
[0m14:58:03.839540 [debug] [MainThread]: Sending event: {'category': 'dbt', 'action': 'resource_counts', 'label': '2e3e1d0e-c17c-46b0-ae63-97ef98d0809c', 'context': [<snowplow_tracker.self_describing_json.SelfDescribingJson object at 0x109024100>]}
[0m14:58:03.839846 [info ] [MainThread]: Found 4 models, 3 sources, 416 macros
[0m14:58:03.840071 [debug] [MainThread]: Sending event: {'category': 'dbt', 'action': 'runnable_timing', 'label': '2e3e1d0e-c17c-46b0-ae63-97ef98d0809c', 'context': [<snowplow_tracker.self_describing_json.SelfDescribingJson object at 0x1095e3c70>]}
[0m14:58:03.840903 [info ] [MainThread]: 
[0m14:58:03.841123 [info ] [MainThread]: Concurrency: 1 threads (target='dev')
[0m14:58:03.841310 [info ] [MainThread]: 
[0m14:58:03.841595 [debug] [MainThread]: Acquiring new sqlite connection 'master'
[0m14:58:03.844713 [debug] [ThreadPool]: Acquiring new sqlite connection 'list_main'
[0m14:58:03.879734 [debug] [ThreadPool]: Using sqlite connection "list_main"
[0m14:58:03.879997 [debug] [ThreadPool]: On list_main: BEGIN
[0m14:58:03.880188 [debug] [ThreadPool]: Opening a new connection, currently in state init
[0m14:58:03.882195 [debug] [ThreadPool]: SQL status: OK in 0.002 seconds
[0m14:58:03.882409 [debug] [ThreadPool]: Using sqlite connection "list_main"
[0m14:58:03.882586 [debug] [ThreadPool]: On list_main: /* {"app": "dbt", "dbt_version": "1.10.22", "profile_name": "seven_shifts_project", "target_name": "dev", "connection_name": "list_main"} */

        pragma database_list
    
[0m14:58:03.882766 [debug] [ThreadPool]: SQL status: OK in 0.000 seconds
[0m14:58:03.883421 [debug] [ThreadPool]: On list_main: ROLLBACK
[0m14:58:03.883608 [debug] [ThreadPool]: On list_main: Close
[0m14:58:03.884267 [debug] [ThreadPool]: Re-using an available connection from the pool (formerly list_main, now list_main_main)
[0m14:58:03.888933 [debug] [ThreadPool]: Using sqlite connection "list_main_main"
[0m14:58:03.889135 [debug] [ThreadPool]: On list_main_main: BEGIN
[0m14:58:03.889322 [debug] [ThreadPool]: Opening a new connection, currently in state closed
[0m14:58:03.889627 [debug] [ThreadPool]: SQL status: OK in 0.000 seconds
[0m14:58:03.889797 [debug] [ThreadPool]: Using sqlite connection "list_main_main"
[0m14:58:03.889964 [debug] [ThreadPool]: On list_main_main: /* {"app": "dbt", "dbt_version": "1.10.22", "profile_name": "seven_shifts_project", "target_name": "dev", "connection_name": "list_main_main"} */

        pragma database_list
    
[0m14:58:03.890158 [debug] [ThreadPool]: SQL status: OK in 0.000 seconds
[0m14:58:03.890917 [debug] [ThreadPool]: Using sqlite connection "list_main_main"
[0m14:58:03.891127 [debug] [ThreadPool]: On list_main_main: /* {"app": "dbt", "dbt_version": "1.10.22", "profile_name": "seven_shifts_project", "target_name": "dev", "connection_name": "list_main_main"} */

            SELECT
                'main' as database
                ,name
                ,'main' AS schema
                ,type as data_type
            FROM
                main.sqlite_master
            WHERE
                name NOT LIKE 'sqlite_%'
        
[0m14:58:03.891472 [debug] [ThreadPool]: SQL status: OK in 0.000 seconds
[0m14:58:03.892163 [debug] [ThreadPool]: On list_main_main: ROLLBACK
[0m14:58:03.892358 [debug] [ThreadPool]: On list_main_main: Close
[0m14:58:03.893258 [debug] [MainThread]: Sending event: {'category': 'dbt', 'action': 'runnable_timing', 'label': '2e3e1d0e-c17c-46b0-ae63-97ef98d0809c', 'context': [<snowplow_tracker.self_describing_json.SelfDescribingJson object at 0x1094ff220>]}
[0m14:58:03.893523 [debug] [MainThread]: Using sqlite connection "master"
[0m14:58:03.893697 [debug] [MainThread]: On master: BEGIN
[0m14:58:03.893863 [debug] [MainThread]: Opening a new connection, currently in state init
[0m14:58:03.894137 [debug] [MainThread]: SQL status: OK in 0.000 seconds
[0m14:58:03.894314 [debug] [MainThread]: On master: COMMIT
[0m14:58:03.894493 [debug] [MainThread]: Using sqlite connection "master"
[0m14:58:03.894659 [debug] [MainThread]: On master: COMMIT
[0m14:58:03.894849 [debug] [MainThread]: SQL status: OK in 0.000 seconds
[0m14:58:03.895020 [debug] [MainThread]: On master: Close
[0m14:58:03.896290 [debug] [Thread-1  ]: Began running node model.seven_shifts_project.stg_companies
[0m14:58:03.896641 [info ] [Thread-1  ]: 1 of 4 START sql view model main.stg_companies ................................. [RUN]
[0m14:58:03.896933 [debug] [Thread-1  ]: Re-using an available connection from the pool (formerly list_main_main, now model.seven_shifts_project.stg_companies)
[0m14:58:03.897169 [debug] [Thread-1  ]: Began compiling node model.seven_shifts_project.stg_companies
[0m14:58:03.903523 [debug] [Thread-1  ]: Writing injected SQL for node "model.seven_shifts_project.stg_companies"
[0m14:58:03.904113 [debug] [Thread-1  ]: Began executing node model.seven_shifts_project.stg_companies
[0m14:58:03.915180 [debug] [Thread-1  ]: Using sqlite connection "model.seven_shifts_project.stg_companies"
[0m14:58:03.915432 [debug] [Thread-1  ]: On model.seven_shifts_project.stg_companies: /* {"app": "dbt", "dbt_version": "1.10.22", "profile_name": "seven_shifts_project", "target_name": "dev", "node_id": "model.seven_shifts_project.stg_companies"} */
drop view if exists "main"."stg_companies"
[0m14:58:03.915650 [debug] [Thread-1  ]: Opening a new connection, currently in state closed
[0m14:58:03.916561 [debug] [Thread-1  ]: SQL status: OK in 0.001 seconds
[0m14:58:03.919054 [debug] [Thread-1  ]: Writing runtime sql for node "model.seven_shifts_project.stg_companies"
[0m14:58:03.919507 [debug] [Thread-1  ]: Using sqlite connection "model.seven_shifts_project.stg_companies"
[0m14:58:03.919727 [debug] [Thread-1  ]: On model.seven_shifts_project.stg_companies: BEGIN
[0m14:58:03.919950 [debug] [Thread-1  ]: SQL status: OK in 0.000 seconds
[0m14:58:03.920148 [debug] [Thread-1  ]: Using sqlite connection "model.seven_shifts_project.stg_companies"
[0m14:58:03.920343 [debug] [Thread-1  ]: On model.seven_shifts_project.stg_companies: /* {"app": "dbt", "dbt_version": "1.10.22", "profile_name": "seven_shifts_project", "target_name": "dev", "node_id": "model.seven_shifts_project.stg_companies"} */

    
    create view main."stg_companies" as
    SELECT * FROM main."companies";
[0m14:58:03.920705 [debug] [Thread-1  ]: SQL status: OK in 0.000 seconds
[0m14:58:03.924018 [debug] [Thread-1  ]: On model.seven_shifts_project.stg_companies: COMMIT
[0m14:58:03.924334 [debug] [Thread-1  ]: Using sqlite connection "model.seven_shifts_project.stg_companies"
[0m14:58:03.924569 [debug] [Thread-1  ]: On model.seven_shifts_project.stg_companies: COMMIT
[0m14:58:03.925023 [debug] [Thread-1  ]: SQL status: OK in 0.000 seconds
[0m14:58:03.926582 [debug] [Thread-1  ]: On model.seven_shifts_project.stg_companies: Close
[0m14:58:03.927739 [debug] [Thread-1  ]: Sending event: {'category': 'dbt', 'action': 'run_model', 'label': '2e3e1d0e-c17c-46b0-ae63-97ef98d0809c', 'context': [<snowplow_tracker.self_describing_json.SelfDescribingJson object at 0x109984070>]}
[0m14:58:03.928116 [info ] [Thread-1  ]: 1 of 4 OK created sql view model main.stg_companies ............................ [[32mOK[0m in 0.03s]
[0m14:58:03.928457 [debug] [Thread-1  ]: Finished running node model.seven_shifts_project.stg_companies
[0m14:58:03.928695 [debug] [Thread-1  ]: Began running node model.seven_shifts_project.stg_crm_accounts
[0m14:58:03.928993 [info ] [Thread-1  ]: 2 of 4 START sql view model main.stg_crm_accounts .............................. [RUN]
[0m14:58:03.929258 [debug] [Thread-1  ]: Re-using an available connection from the pool (formerly model.seven_shifts_project.stg_companies, now model.seven_shifts_project.stg_crm_accounts)
[0m14:58:03.929469 [debug] [Thread-1  ]: Began compiling node model.seven_shifts_project.stg_crm_accounts
[0m14:58:03.931217 [debug] [Thread-1  ]: Writing injected SQL for node "model.seven_shifts_project.stg_crm_accounts"
[0m14:58:03.931575 [debug] [Thread-1  ]: Began executing node model.seven_shifts_project.stg_crm_accounts
[0m14:58:03.933101 [debug] [Thread-1  ]: Writing runtime sql for node "model.seven_shifts_project.stg_crm_accounts"
[0m14:58:03.933461 [debug] [Thread-1  ]: Using sqlite connection "model.seven_shifts_project.stg_crm_accounts"
[0m14:58:03.933668 [debug] [Thread-1  ]: On model.seven_shifts_project.stg_crm_accounts: BEGIN
[0m14:58:03.933861 [debug] [Thread-1  ]: Opening a new connection, currently in state closed
[0m14:58:03.934195 [debug] [Thread-1  ]: SQL status: OK in 0.000 seconds
[0m14:58:03.934487 [debug] [Thread-1  ]: Using sqlite connection "model.seven_shifts_project.stg_crm_accounts"
[0m14:58:03.934706 [debug] [Thread-1  ]: On model.seven_shifts_project.stg_crm_accounts: /* {"app": "dbt", "dbt_version": "1.10.22", "profile_name": "seven_shifts_project", "target_name": "dev", "node_id": "model.seven_shifts_project.stg_crm_accounts"} */

    
    create view main."stg_crm_accounts" as
    SELECT * FROM main."crm_accounts";
[0m14:58:03.935139 [debug] [Thread-1  ]: SQL status: OK in 0.000 seconds
[0m14:58:03.935894 [debug] [Thread-1  ]: On model.seven_shifts_project.stg_crm_accounts: COMMIT
[0m14:58:03.936103 [debug] [Thread-1  ]: Using sqlite connection "model.seven_shifts_project.stg_crm_accounts"
[0m14:58:03.936296 [debug] [Thread-1  ]: On model.seven_shifts_project.stg_crm_accounts: COMMIT
[0m14:58:03.936683 [debug] [Thread-1  ]: SQL status: OK in 0.000 seconds
[0m14:58:03.937055 [debug] [Thread-1  ]: On model.seven_shifts_project.stg_crm_accounts: Close
[0m14:58:03.937372 [debug] [Thread-1  ]: Sending event: {'category': 'dbt', 'action': 'run_model', 'label': '2e3e1d0e-c17c-46b0-ae63-97ef98d0809c', 'context': [<snowplow_tracker.self_describing_json.SelfDescribingJson object at 0x1095ffb50>]}
[0m14:58:03.937695 [info ] [Thread-1  ]: 2 of 4 OK created sql view model main.stg_crm_accounts ......................... [[32mOK[0m in 0.01s]
[0m14:58:03.938009 [debug] [Thread-1  ]: Finished running node model.seven_shifts_project.stg_crm_accounts
[0m14:58:03.938233 [debug] [Thread-1  ]: Began running node model.seven_shifts_project.stg_locations
[0m14:58:03.938514 [info ] [Thread-1  ]: 3 of 4 START sql view model main.stg_locations ................................. [RUN]
[0m14:58:03.938767 [debug] [Thread-1  ]: Re-using an available connection from the pool (formerly model.seven_shifts_project.stg_crm_accounts, now model.seven_shifts_project.stg_locations)
[0m14:58:03.938975 [debug] [Thread-1  ]: Began compiling node model.seven_shifts_project.stg_locations
[0m14:58:03.940690 [debug] [Thread-1  ]: Writing injected SQL for node "model.seven_shifts_project.stg_locations"
[0m14:58:03.941564 [debug] [Thread-1  ]: Began executing node model.seven_shifts_project.stg_locations
[0m14:58:03.944474 [debug] [Thread-1  ]: Using sqlite connection "model.seven_shifts_project.stg_locations"
[0m14:58:03.944703 [debug] [Thread-1  ]: On model.seven_shifts_project.stg_locations: /* {"app": "dbt", "dbt_version": "1.10.22", "profile_name": "seven_shifts_project", "target_name": "dev", "node_id": "model.seven_shifts_project.stg_locations"} */
drop view if exists "main"."stg_locations"
[0m14:58:03.944918 [debug] [Thread-1  ]: Opening a new connection, currently in state closed
[0m14:58:03.945736 [debug] [Thread-1  ]: SQL status: OK in 0.001 seconds
[0m14:58:03.946496 [debug] [Thread-1  ]: Writing runtime sql for node "model.seven_shifts_project.stg_locations"
[0m14:58:03.946847 [debug] [Thread-1  ]: Using sqlite connection "model.seven_shifts_project.stg_locations"
[0m14:58:03.947052 [debug] [Thread-1  ]: On model.seven_shifts_project.stg_locations: BEGIN
[0m14:58:03.947250 [debug] [Thread-1  ]: SQL status: OK in 0.000 seconds
[0m14:58:03.947442 [debug] [Thread-1  ]: Using sqlite connection "model.seven_shifts_project.stg_locations"
[0m14:58:03.947638 [debug] [Thread-1  ]: On model.seven_shifts_project.stg_locations: /* {"app": "dbt", "dbt_version": "1.10.22", "profile_name": "seven_shifts_project", "target_name": "dev", "node_id": "model.seven_shifts_project.stg_locations"} */

    
    create view main."stg_locations" as
    SELECT * FROM main."locations";
[0m14:58:03.947968 [debug] [Thread-1  ]: SQL status: OK in 0.000 seconds
[0m14:58:03.948592 [debug] [Thread-1  ]: On model.seven_shifts_project.stg_locations: COMMIT
[0m14:58:03.948794 [debug] [Thread-1  ]: Using sqlite connection "model.seven_shifts_project.stg_locations"
[0m14:58:03.948985 [debug] [Thread-1  ]: On model.seven_shifts_project.stg_locations: COMMIT
[0m14:58:03.949347 [debug] [Thread-1  ]: SQL status: OK in 0.000 seconds
[0m14:58:03.949717 [debug] [Thread-1  ]: On model.seven_shifts_project.stg_locations: Close
[0m14:58:03.950051 [debug] [Thread-1  ]: Sending event: {'category': 'dbt', 'action': 'run_model', 'label': '2e3e1d0e-c17c-46b0-ae63-97ef98d0809c', 'context': [<snowplow_tracker.self_describing_json.SelfDescribingJson object at 0x109b648b0>]}
[0m14:58:03.950387 [info ] [Thread-1  ]: 3 of 4 OK created sql view model main.stg_locations ............................ [[32mOK[0m in 0.01s]
[0m14:58:03.950708 [debug] [Thread-1  ]: Finished running node model.seven_shifts_project.stg_locations
[0m14:58:03.951137 [debug] [Thread-1  ]: Began running node model.seven_shifts_project.fct_vendor_signals
[0m14:58:03.951467 [info ] [Thread-1  ]: 4 of 4 START sql view model main.fct_vendor_signals ............................ [RUN]
[0m14:58:03.951775 [debug] [Thread-1  ]: Re-using an available connection from the pool (formerly model.seven_shifts_project.stg_locations, now model.seven_shifts_project.fct_vendor_signals)
[0m14:58:03.952025 [debug] [Thread-1  ]: Began compiling node model.seven_shifts_project.fct_vendor_signals
[0m14:58:03.955139 [debug] [Thread-1  ]: Writing injected SQL for node "model.seven_shifts_project.fct_vendor_signals"
[0m14:58:03.955501 [debug] [Thread-1  ]: Began executing node model.seven_shifts_project.fct_vendor_signals
[0m14:58:03.959611 [debug] [Thread-1  ]: Using sqlite connection "model.seven_shifts_project.fct_vendor_signals"
[0m14:58:03.959848 [debug] [Thread-1  ]: On model.seven_shifts_project.fct_vendor_signals: /* {"app": "dbt", "dbt_version": "1.10.22", "profile_name": "seven_shifts_project", "target_name": "dev", "node_id": "model.seven_shifts_project.fct_vendor_signals"} */
drop view if exists "main"."fct_vendor_signals"
[0m14:58:03.960061 [debug] [Thread-1  ]: Opening a new connection, currently in state closed
[0m14:58:03.960820 [debug] [Thread-1  ]: SQL status: OK in 0.001 seconds
[0m14:58:03.961597 [debug] [Thread-1  ]: Writing runtime sql for node "model.seven_shifts_project.fct_vendor_signals"
[0m14:58:03.962114 [debug] [Thread-1  ]: Using sqlite connection "model.seven_shifts_project.fct_vendor_signals"
[0m14:58:03.962342 [debug] [Thread-1  ]: On model.seven_shifts_project.fct_vendor_signals: BEGIN
[0m14:58:03.962548 [debug] [Thread-1  ]: SQL status: OK in 0.000 seconds
[0m14:58:03.962740 [debug] [Thread-1  ]: Using sqlite connection "model.seven_shifts_project.fct_vendor_signals"
[0m14:58:03.962963 [debug] [Thread-1  ]: On model.seven_shifts_project.fct_vendor_signals: /* {"app": "dbt", "dbt_version": "1.10.22", "profile_name": "seven_shifts_project", "target_name": "dev", "node_id": "model.seven_shifts_project.fct_vendor_signals"} */

    
    create view main."fct_vendor_signals" as
    -- models/marts/fct_vendor_signals.sql

WITH base_companies AS (
    SELECT * FROM main."stg_companies"
),

base_locations AS (
    SELECT * FROM main."stg_locations"
),

base_crm AS (
    SELECT * FROM main."stg_crm_accounts"
),

aggregated AS (
    SELECT 
        c.account_id AS vendor_id,
        c.company_name AS vendor_name,
        c.website AS vendor_website,
        c.pos_vendor AS vendor_pos,
        crm.account_status,
        crm.last_contact_date,
        
        -- Geographic aggregation for NYC
        SUM(CASE 
            WHEN l.city IN ('New York', 'Brooklyn', 'Queens', 'Bronx', 'Staten Island') THEN 1 
            ELSE 0 
        END) AS total_nyc_locations,
        
        ROUND(AVG(CASE 
            WHEN l.city IN ('New York', 'Brooklyn', 'Queens', 'Bronx', 'Staten Island') THEN l.review_rating 
            ELSE NULL 
        END), 1) AS avg_nyc_rating,
        
        -- Aggregate cuisine types
        GROUP_CONCAT(DISTINCT l.cuisine_type) AS cuisines

    FROM base_companies c
    LEFT JOIN base_locations l ON c.account_id = l.account_id
    LEFT JOIN base_crm crm ON c.account_id = crm.account_id
    GROUP BY 1, 2, 3, 4, 5, 6
)

SELECT * FROM aggregated;
[0m14:58:03.963444 [debug] [Thread-1  ]: SQL status: OK in 0.000 seconds
[0m14:58:03.964130 [debug] [Thread-1  ]: On model.seven_shifts_project.fct_vendor_signals: COMMIT
[0m14:58:03.964343 [debug] [Thread-1  ]: Using sqlite connection "model.seven_shifts_project.fct_vendor_signals"
[0m14:58:03.964540 [debug] [Thread-1  ]: On model.seven_shifts_project.fct_vendor_signals: COMMIT
[0m14:58:03.964941 [debug] [Thread-1  ]: SQL status: OK in 0.000 seconds
[0m14:58:03.965390 [debug] [Thread-1  ]: On model.seven_shifts_project.fct_vendor_signals: Close
[0m14:58:03.965766 [debug] [Thread-1  ]: Sending event: {'category': 'dbt', 'action': 'run_model', 'label': '2e3e1d0e-c17c-46b0-ae63-97ef98d0809c', 'context': [<snowplow_tracker.self_describing_json.SelfDescribingJson object at 0x10998ee50>]}
[0m14:58:03.966109 [info ] [Thread-1  ]: 4 of 4 OK created sql view model main.fct_vendor_signals ....................... [[32mOK[0m in 0.01s]
[0m14:58:03.966436 [debug] [Thread-1  ]: Finished running node model.seven_shifts_project.fct_vendor_signals
[0m14:58:03.966978 [debug] [MainThread]: Using sqlite connection "master"
[0m14:58:03.967169 [debug] [MainThread]: On master: BEGIN
[0m14:58:03.967339 [debug] [MainThread]: Opening a new connection, currently in state closed
[0m14:58:03.967623 [debug] [MainThread]: SQL status: OK in 0.000 seconds
[0m14:58:03.967793 [debug] [MainThread]: On master: COMMIT
[0m14:58:03.967957 [debug] [MainThread]: Using sqlite connection "master"
[0m14:58:03.968118 [debug] [MainThread]: On master: COMMIT
[0m14:58:03.968280 [debug] [MainThread]: SQL status: OK in 0.000 seconds
[0m14:58:03.968444 [debug] [MainThread]: On master: Close
[0m14:58:03.968661 [debug] [MainThread]: Connection 'master' was properly closed.
[0m14:58:03.968819 [debug] [MainThread]: Connection 'model.seven_shifts_project.fct_vendor_signals' was properly closed.
[0m14:58:03.969020 [info ] [MainThread]: 
[0m14:58:03.969220 [info ] [MainThread]: Finished running 4 view models in 0 hours 0 minutes and 0.13 seconds (0.13s).
[0m14:58:03.969784 [debug] [MainThread]: Command end result
[0m14:58:03.982757 [debug] [MainThread]: Wrote artifact WritableManifest to /Users/nicholaschong/Projects/7shifts_summit_project/seven_shifts_project/target/manifest.json
[0m14:58:03.983731 [debug] [MainThread]: Wrote artifact SemanticManifest to /Users/nicholaschong/Projects/7shifts_summit_project/seven_shifts_project/target/semantic_manifest.json
[0m14:58:03.987904 [debug] [MainThread]: Wrote artifact RunExecutionResult to /Users/nicholaschong/Projects/7shifts_summit_project/seven_shifts_project/target/run_results.json
[0m14:58:03.988110 [info ] [MainThread]: 
[0m14:58:03.988356 [info ] [MainThread]: [32mCompleted successfully[0m
[0m14:58:03.988554 [info ] [MainThread]: 
[0m14:58:03.988761 [info ] [MainThread]: Done. PASS=4 WARN=0 ERROR=0 SKIP=0 NO-OP=0 TOTAL=4
[0m14:58:03.990516 [debug] [MainThread]: Resource report: {"command_name": "run", "command_success": true, "command_wall_clock_time": 0.7817759, "process_in_blocks": "0", "process_kernel_time": 0.185062, "process_mem_max_rss": "123224064", "process_out_blocks": "0", "process_user_time": 1.376372}
[0m14:58:03.990850 [debug] [MainThread]: Command `dbt run` succeeded at 14:58:03.990751 after 0.78 seconds
[0m14:58:03.991146 [debug] [MainThread]: Sending event: {'category': 'dbt', 'action': 'invocation', 'label': 'end', 'context': [<snowplow_tracker.self_describing_json.SelfDescribingJson object at 0x107db1e50>, <snowplow_tracker.self_describing_json.SelfDescribingJson object at 0x1095e7310>, <snowplow_tracker.self_describing_json.SelfDescribingJson object at 0x10928b370>]}
[0m14:58:03.991395 [debug] [MainThread]: Flushing usage events
[0m14:58:04.182779 [debug] [MainThread]: An error was encountered while trying to flush usage events
[0m15:02:39.374118 [debug] [MainThread]: Sending event: {'category': 'dbt', 'action': 'invocation', 'label': 'start', 'context': [<snowplow_tracker.self_describing_json.SelfDescribingJson object at 0x103559e20>, <snowplow_tracker.self_describing_json.SelfDescribingJson object at 0x1045ea280>, <snowplow_tracker.self_describing_json.SelfDescribingJson object at 0x1045ea580>]}


============================== 15:02:39.377611 | 91414db3-799e-4a47-a115-76f969076218 ==============================
[0m15:02:39.377611 [info ] [MainThread]: Running with dbt=1.10.22
[0m15:02:39.378031 [debug] [MainThread]: running dbt with arguments {'printer_width': '80', 'indirect_selection': 'eager', 'write_json': 'True', 'log_cache_events': 'False', 'partial_parse': 'True', 'cache_selected_only': 'False', 'profiles_dir': '/Users/nicholaschong/.dbt', 'fail_fast': 'False', 'debug': 'False', 'log_path': '/Users/nicholaschong/Projects/7shifts_summit_project/seven_shifts_project/logs', 'version_check': 'True', 'warn_error': 'None', 'use_colors': 'True', 'use_experimental_parser': 'False', 'no_print': 'None', 'quiet': 'False', 'empty': 'False', 'warn_error_options': 'WarnErrorOptionsV2(error=[], warn=[], silence=[])', 'invocation_command': 'dbt run', 'introspect': 'True', 'static_parser': 'True', 'target_path': 'None', 'log_format': 'default', 'send_anonymous_usage_stats': 'True'}
[0m15:02:39.469481 [debug] [MainThread]: Sending event: {'category': 'dbt', 'action': 'project_id', 'label': '91414db3-799e-4a47-a115-76f969076218', 'context': [<snowplow_tracker.self_describing_json.SelfDescribingJson object at 0x104645520>]}
[0m15:02:39.504924 [debug] [MainThread]: Sending event: {'category': 'dbt', 'action': 'adapter_info', 'label': '91414db3-799e-4a47-a115-76f969076218', 'context': [<snowplow_tracker.self_describing_json.SelfDescribingJson object at 0x10473ea00>]}
[0m15:02:39.505681 [info ] [MainThread]: Registered adapter: sqlite=1.10.0
[0m15:02:39.580989 [debug] [MainThread]: checksum: 04c83ee057a648a2f8e380c895ffead170732fa039f068d62b9d36aaeefaf7cc, vars: {}, profile: , target: , version: 1.10.22
[0m15:02:39.666360 [debug] [MainThread]: Partial parsing enabled: 0 files deleted, 0 files added, 0 files changed.
[0m15:02:39.666639 [debug] [MainThread]: Partial parsing enabled, no changes found, skipping parsing
[0m15:02:39.691460 [debug] [MainThread]: Sending event: {'category': 'dbt', 'action': 'load_project', 'label': '91414db3-799e-4a47-a115-76f969076218', 'context': [<snowplow_tracker.self_describing_json.SelfDescribingJson object at 0x104b7e130>]}
[0m15:02:39.746631 [debug] [MainThread]: Wrote artifact WritableManifest to /Users/nicholaschong/Projects/7shifts_summit_project/seven_shifts_project/target/manifest.json
[0m15:02:39.747972 [debug] [MainThread]: Wrote artifact SemanticManifest to /Users/nicholaschong/Projects/7shifts_summit_project/seven_shifts_project/target/semantic_manifest.json
[0m15:02:39.761691 [debug] [MainThread]: Sending event: {'category': 'dbt', 'action': 'resource_counts', 'label': '91414db3-799e-4a47-a115-76f969076218', 'context': [<snowplow_tracker.self_describing_json.SelfDescribingJson object at 0x104b15460>]}
[0m15:02:39.762109 [info ] [MainThread]: Found 4 models, 3 sources, 416 macros
[0m15:02:39.762378 [debug] [MainThread]: Sending event: {'category': 'dbt', 'action': 'runnable_timing', 'label': '91414db3-799e-4a47-a115-76f969076218', 'context': [<snowplow_tracker.self_describing_json.SelfDescribingJson object at 0x104ad0910>]}
[0m15:02:39.763449 [info ] [MainThread]: 
[0m15:02:39.763708 [info ] [MainThread]: Concurrency: 1 threads (target='dev')
[0m15:02:39.763907 [info ] [MainThread]: 
[0m15:02:39.764246 [debug] [MainThread]: Acquiring new sqlite connection 'master'
[0m15:02:39.768404 [debug] [ThreadPool]: Acquiring new sqlite connection 'list_main'
[0m15:02:39.835888 [debug] [ThreadPool]: Using sqlite connection "list_main"
[0m15:02:39.836184 [debug] [ThreadPool]: On list_main: BEGIN
[0m15:02:39.836399 [debug] [ThreadPool]: Opening a new connection, currently in state init
[0m15:02:39.838203 [debug] [ThreadPool]: SQL status: OK in 0.002 seconds
[0m15:02:39.838506 [debug] [ThreadPool]: Using sqlite connection "list_main"
[0m15:02:39.838711 [debug] [ThreadPool]: On list_main: /* {"app": "dbt", "dbt_version": "1.10.22", "profile_name": "seven_shifts_project", "target_name": "dev", "connection_name": "list_main"} */

        pragma database_list
    
[0m15:02:39.838918 [debug] [ThreadPool]: SQL status: OK in 0.000 seconds
[0m15:02:39.839702 [debug] [ThreadPool]: On list_main: ROLLBACK
[0m15:02:39.839908 [debug] [ThreadPool]: On list_main: Close
[0m15:02:39.840624 [debug] [ThreadPool]: Re-using an available connection from the pool (formerly list_main, now list_main_main)
[0m15:02:39.845690 [debug] [ThreadPool]: Using sqlite connection "list_main_main"
[0m15:02:39.845910 [debug] [ThreadPool]: On list_main_main: BEGIN
[0m15:02:39.846106 [debug] [ThreadPool]: Opening a new connection, currently in state closed
[0m15:02:39.846502 [debug] [ThreadPool]: SQL status: OK in 0.000 seconds
[0m15:02:39.846692 [debug] [ThreadPool]: Using sqlite connection "list_main_main"
[0m15:02:39.846874 [debug] [ThreadPool]: On list_main_main: /* {"app": "dbt", "dbt_version": "1.10.22", "profile_name": "seven_shifts_project", "target_name": "dev", "connection_name": "list_main_main"} */

        pragma database_list
    
[0m15:02:39.847062 [debug] [ThreadPool]: SQL status: OK in 0.000 seconds
[0m15:02:39.847760 [debug] [ThreadPool]: Using sqlite connection "list_main_main"
[0m15:02:39.847953 [debug] [ThreadPool]: On list_main_main: /* {"app": "dbt", "dbt_version": "1.10.22", "profile_name": "seven_shifts_project", "target_name": "dev", "connection_name": "list_main_main"} */

            SELECT
                'main' as database
                ,name
                ,'main' AS schema
                ,type as data_type
            FROM
                main.sqlite_master
            WHERE
                name NOT LIKE 'sqlite_%'
        
[0m15:02:39.848310 [debug] [ThreadPool]: SQL status: OK in 0.000 seconds
[0m15:02:39.849051 [debug] [ThreadPool]: On list_main_main: ROLLBACK
[0m15:02:39.849263 [debug] [ThreadPool]: On list_main_main: Close
[0m15:02:39.850401 [debug] [MainThread]: Sending event: {'category': 'dbt', 'action': 'runnable_timing', 'label': '91414db3-799e-4a47-a115-76f969076218', 'context': [<snowplow_tracker.self_describing_json.SelfDescribingJson object at 0x104abffd0>]}
[0m15:02:39.850674 [debug] [MainThread]: Using sqlite connection "master"
[0m15:02:39.850849 [debug] [MainThread]: On master: BEGIN
[0m15:02:39.851006 [debug] [MainThread]: Opening a new connection, currently in state init
[0m15:02:39.851275 [debug] [MainThread]: SQL status: OK in 0.000 seconds
[0m15:02:39.851441 [debug] [MainThread]: On master: COMMIT
[0m15:02:39.851609 [debug] [MainThread]: Using sqlite connection "master"
[0m15:02:39.851773 [debug] [MainThread]: On master: COMMIT
[0m15:02:39.851963 [debug] [MainThread]: SQL status: OK in 0.000 seconds
[0m15:02:39.852133 [debug] [MainThread]: On master: Close
[0m15:02:39.853579 [debug] [Thread-1  ]: Began running node model.seven_shifts_project.stg_companies
[0m15:02:39.853923 [info ] [Thread-1  ]: 1 of 4 START sql view model main.stg_companies ................................. [RUN]
[0m15:02:39.854377 [debug] [Thread-1  ]: Re-using an available connection from the pool (formerly list_main_main, now model.seven_shifts_project.stg_companies)
[0m15:02:39.854648 [debug] [Thread-1  ]: Began compiling node model.seven_shifts_project.stg_companies
[0m15:02:39.860892 [debug] [Thread-1  ]: Writing injected SQL for node "model.seven_shifts_project.stg_companies"
[0m15:02:39.861627 [debug] [Thread-1  ]: Began executing node model.seven_shifts_project.stg_companies
[0m15:02:39.872076 [debug] [Thread-1  ]: Using sqlite connection "model.seven_shifts_project.stg_companies"
[0m15:02:39.872310 [debug] [Thread-1  ]: On model.seven_shifts_project.stg_companies: /* {"app": "dbt", "dbt_version": "1.10.22", "profile_name": "seven_shifts_project", "target_name": "dev", "node_id": "model.seven_shifts_project.stg_companies"} */
drop view if exists "main"."stg_companies"
[0m15:02:39.872521 [debug] [Thread-1  ]: Opening a new connection, currently in state closed
[0m15:02:39.873351 [debug] [Thread-1  ]: SQL status: OK in 0.001 seconds
[0m15:02:39.876053 [debug] [Thread-1  ]: Writing runtime sql for node "model.seven_shifts_project.stg_companies"
[0m15:02:39.876691 [debug] [Thread-1  ]: Using sqlite connection "model.seven_shifts_project.stg_companies"
[0m15:02:39.876941 [debug] [Thread-1  ]: On model.seven_shifts_project.stg_companies: BEGIN
[0m15:02:39.877180 [debug] [Thread-1  ]: SQL status: OK in 0.000 seconds
[0m15:02:39.877392 [debug] [Thread-1  ]: Using sqlite connection "model.seven_shifts_project.stg_companies"
[0m15:02:39.877607 [debug] [Thread-1  ]: On model.seven_shifts_project.stg_companies: /* {"app": "dbt", "dbt_version": "1.10.22", "profile_name": "seven_shifts_project", "target_name": "dev", "node_id": "model.seven_shifts_project.stg_companies"} */

    
    create view main."stg_companies" as
    SELECT * FROM main."companies";
[0m15:02:39.878032 [debug] [Thread-1  ]: SQL status: OK in 0.000 seconds
[0m15:02:39.881331 [debug] [Thread-1  ]: On model.seven_shifts_project.stg_companies: COMMIT
[0m15:02:39.881558 [debug] [Thread-1  ]: Using sqlite connection "model.seven_shifts_project.stg_companies"
[0m15:02:39.881758 [debug] [Thread-1  ]: On model.seven_shifts_project.stg_companies: COMMIT
[0m15:02:39.882162 [debug] [Thread-1  ]: SQL status: OK in 0.000 seconds
[0m15:02:39.883763 [debug] [Thread-1  ]: On model.seven_shifts_project.stg_companies: Close
[0m15:02:39.885001 [debug] [Thread-1  ]: Sending event: {'category': 'dbt', 'action': 'run_model', 'label': '91414db3-799e-4a47-a115-76f969076218', 'context': [<snowplow_tracker.self_describing_json.SelfDescribingJson object at 0x104f0a9d0>]}
[0m15:02:39.885378 [info ] [Thread-1  ]: 1 of 4 OK created sql view model main.stg_companies ............................ [[32mOK[0m in 0.03s]
[0m15:02:39.885729 [debug] [Thread-1  ]: Finished running node model.seven_shifts_project.stg_companies
[0m15:02:39.885968 [debug] [Thread-1  ]: Began running node model.seven_shifts_project.stg_crm_accounts
[0m15:02:39.886273 [info ] [Thread-1  ]: 2 of 4 START sql view model main.stg_crm_accounts .............................. [RUN]
[0m15:02:39.886539 [debug] [Thread-1  ]: Re-using an available connection from the pool (formerly model.seven_shifts_project.stg_companies, now model.seven_shifts_project.stg_crm_accounts)
[0m15:02:39.886751 [debug] [Thread-1  ]: Began compiling node model.seven_shifts_project.stg_crm_accounts
[0m15:02:39.888592 [debug] [Thread-1  ]: Writing injected SQL for node "model.seven_shifts_project.stg_crm_accounts"
[0m15:02:39.889091 [debug] [Thread-1  ]: Began executing node model.seven_shifts_project.stg_crm_accounts
[0m15:02:39.892194 [debug] [Thread-1  ]: Using sqlite connection "model.seven_shifts_project.stg_crm_accounts"
[0m15:02:39.892449 [debug] [Thread-1  ]: On model.seven_shifts_project.stg_crm_accounts: /* {"app": "dbt", "dbt_version": "1.10.22", "profile_name": "seven_shifts_project", "target_name": "dev", "node_id": "model.seven_shifts_project.stg_crm_accounts"} */
drop view if exists "main"."stg_crm_accounts"
[0m15:02:39.892677 [debug] [Thread-1  ]: Opening a new connection, currently in state closed
[0m15:02:39.893480 [debug] [Thread-1  ]: SQL status: OK in 0.001 seconds
[0m15:02:39.894199 [debug] [Thread-1  ]: Writing runtime sql for node "model.seven_shifts_project.stg_crm_accounts"
[0m15:02:39.894553 [debug] [Thread-1  ]: Using sqlite connection "model.seven_shifts_project.stg_crm_accounts"
[0m15:02:39.894755 [debug] [Thread-1  ]: On model.seven_shifts_project.stg_crm_accounts: BEGIN
[0m15:02:39.894952 [debug] [Thread-1  ]: SQL status: OK in 0.000 seconds
[0m15:02:39.895140 [debug] [Thread-1  ]: Using sqlite connection "model.seven_shifts_project.stg_crm_accounts"
[0m15:02:39.895334 [debug] [Thread-1  ]: On model.seven_shifts_project.stg_crm_accounts: /* {"app": "dbt", "dbt_version": "1.10.22", "profile_name": "seven_shifts_project", "target_name": "dev", "node_id": "model.seven_shifts_project.stg_crm_accounts"} */

    
    create view main."stg_crm_accounts" as
    SELECT * FROM main."crm_accounts";
[0m15:02:39.895671 [debug] [Thread-1  ]: SQL status: OK in 0.000 seconds
[0m15:02:39.896305 [debug] [Thread-1  ]: On model.seven_shifts_project.stg_crm_accounts: COMMIT
[0m15:02:39.896511 [debug] [Thread-1  ]: Using sqlite connection "model.seven_shifts_project.stg_crm_accounts"
[0m15:02:39.896701 [debug] [Thread-1  ]: On model.seven_shifts_project.stg_crm_accounts: COMMIT
[0m15:02:39.897063 [debug] [Thread-1  ]: SQL status: OK in 0.000 seconds
[0m15:02:39.897435 [debug] [Thread-1  ]: On model.seven_shifts_project.stg_crm_accounts: Close
[0m15:02:39.897799 [debug] [Thread-1  ]: Sending event: {'category': 'dbt', 'action': 'run_model', 'label': '91414db3-799e-4a47-a115-76f969076218', 'context': [<snowplow_tracker.self_describing_json.SelfDescribingJson object at 0x104feec10>]}
[0m15:02:39.898156 [info ] [Thread-1  ]: 2 of 4 OK created sql view model main.stg_crm_accounts ......................... [[32mOK[0m in 0.01s]
[0m15:02:39.898489 [debug] [Thread-1  ]: Finished running node model.seven_shifts_project.stg_crm_accounts
[0m15:02:39.898765 [debug] [Thread-1  ]: Began running node model.seven_shifts_project.stg_locations
[0m15:02:39.899078 [info ] [Thread-1  ]: 3 of 4 START sql view model main.stg_locations ................................. [RUN]
[0m15:02:39.899350 [debug] [Thread-1  ]: Re-using an available connection from the pool (formerly model.seven_shifts_project.stg_crm_accounts, now model.seven_shifts_project.stg_locations)
[0m15:02:39.899566 [debug] [Thread-1  ]: Began compiling node model.seven_shifts_project.stg_locations
[0m15:02:39.901382 [debug] [Thread-1  ]: Writing injected SQL for node "model.seven_shifts_project.stg_locations"
[0m15:02:39.901765 [debug] [Thread-1  ]: Began executing node model.seven_shifts_project.stg_locations
[0m15:02:39.904505 [debug] [Thread-1  ]: Using sqlite connection "model.seven_shifts_project.stg_locations"
[0m15:02:39.904740 [debug] [Thread-1  ]: On model.seven_shifts_project.stg_locations: /* {"app": "dbt", "dbt_version": "1.10.22", "profile_name": "seven_shifts_project", "target_name": "dev", "node_id": "model.seven_shifts_project.stg_locations"} */
drop view if exists "main"."stg_locations"
[0m15:02:39.904944 [debug] [Thread-1  ]: Opening a new connection, currently in state closed
[0m15:02:39.905674 [debug] [Thread-1  ]: SQL status: OK in 0.001 seconds
[0m15:02:39.906362 [debug] [Thread-1  ]: Writing runtime sql for node "model.seven_shifts_project.stg_locations"
[0m15:02:39.906704 [debug] [Thread-1  ]: Using sqlite connection "model.seven_shifts_project.stg_locations"
[0m15:02:39.906908 [debug] [Thread-1  ]: On model.seven_shifts_project.stg_locations: BEGIN
[0m15:02:39.907101 [debug] [Thread-1  ]: SQL status: OK in 0.000 seconds
[0m15:02:39.907286 [debug] [Thread-1  ]: Using sqlite connection "model.seven_shifts_project.stg_locations"
[0m15:02:39.907534 [debug] [Thread-1  ]: On model.seven_shifts_project.stg_locations: /* {"app": "dbt", "dbt_version": "1.10.22", "profile_name": "seven_shifts_project", "target_name": "dev", "node_id": "model.seven_shifts_project.stg_locations"} */

    
    create view main."stg_locations" as
    SELECT * FROM main."locations";
[0m15:02:39.907908 [debug] [Thread-1  ]: SQL status: OK in 0.000 seconds
[0m15:02:39.908604 [debug] [Thread-1  ]: On model.seven_shifts_project.stg_locations: COMMIT
[0m15:02:39.908813 [debug] [Thread-1  ]: Using sqlite connection "model.seven_shifts_project.stg_locations"
[0m15:02:39.909012 [debug] [Thread-1  ]: On model.seven_shifts_project.stg_locations: COMMIT
[0m15:02:39.909394 [debug] [Thread-1  ]: SQL status: OK in 0.000 seconds
[0m15:02:39.910071 [debug] [Thread-1  ]: On model.seven_shifts_project.stg_locations: Close
[0m15:02:39.910510 [debug] [Thread-1  ]: Sending event: {'category': 'dbt', 'action': 'run_model', 'label': '91414db3-799e-4a47-a115-76f969076218', 'context': [<snowplow_tracker.self_describing_json.SelfDescribingJson object at 0x103805970>]}
[0m15:02:39.910887 [info ] [Thread-1  ]: 3 of 4 OK created sql view model main.stg_locations ............................ [[32mOK[0m in 0.01s]
[0m15:02:39.911226 [debug] [Thread-1  ]: Finished running node model.seven_shifts_project.stg_locations
[0m15:02:39.911625 [debug] [Thread-1  ]: Began running node model.seven_shifts_project.fct_vendor_signals
[0m15:02:39.911949 [info ] [Thread-1  ]: 4 of 4 START sql view model main.fct_vendor_signals ............................ [RUN]
[0m15:02:39.912246 [debug] [Thread-1  ]: Re-using an available connection from the pool (formerly model.seven_shifts_project.stg_locations, now model.seven_shifts_project.fct_vendor_signals)
[0m15:02:39.912459 [debug] [Thread-1  ]: Began compiling node model.seven_shifts_project.fct_vendor_signals
[0m15:02:39.916295 [debug] [Thread-1  ]: Writing injected SQL for node "model.seven_shifts_project.fct_vendor_signals"
[0m15:02:39.916668 [debug] [Thread-1  ]: Began executing node model.seven_shifts_project.fct_vendor_signals
[0m15:02:39.919609 [debug] [Thread-1  ]: Using sqlite connection "model.seven_shifts_project.fct_vendor_signals"
[0m15:02:39.919830 [debug] [Thread-1  ]: On model.seven_shifts_project.fct_vendor_signals: /* {"app": "dbt", "dbt_version": "1.10.22", "profile_name": "seven_shifts_project", "target_name": "dev", "node_id": "model.seven_shifts_project.fct_vendor_signals"} */
drop view if exists "main"."fct_vendor_signals"
[0m15:02:39.920029 [debug] [Thread-1  ]: Opening a new connection, currently in state closed
[0m15:02:39.920743 [debug] [Thread-1  ]: SQL status: OK in 0.001 seconds
[0m15:02:39.921432 [debug] [Thread-1  ]: Writing runtime sql for node "model.seven_shifts_project.fct_vendor_signals"
[0m15:02:39.921766 [debug] [Thread-1  ]: Using sqlite connection "model.seven_shifts_project.fct_vendor_signals"
[0m15:02:39.921972 [debug] [Thread-1  ]: On model.seven_shifts_project.fct_vendor_signals: BEGIN
[0m15:02:39.922167 [debug] [Thread-1  ]: SQL status: OK in 0.000 seconds
[0m15:02:39.922356 [debug] [Thread-1  ]: Using sqlite connection "model.seven_shifts_project.fct_vendor_signals"
[0m15:02:39.922585 [debug] [Thread-1  ]: On model.seven_shifts_project.fct_vendor_signals: /* {"app": "dbt", "dbt_version": "1.10.22", "profile_name": "seven_shifts_project", "target_name": "dev", "node_id": "model.seven_shifts_project.fct_vendor_signals"} */

    
    create view main."fct_vendor_signals" as
    -- models/marts/fct_vendor_signals.sql

WITH base_companies AS (
    SELECT * FROM main."stg_companies"
),

base_locations AS (
    SELECT * FROM main."stg_locations"
),

base_crm AS (
    SELECT * FROM main."stg_crm_accounts"
),

aggregated AS (
    SELECT 
        c.account_id AS vendor_id,
        c.company_name AS vendor_name,
        c.website AS vendor_website,
        c.pos_vendor AS vendor_pos,
        crm.account_status,
        crm.last_contact_date,
        
        -- Geographic aggregation for NYC
        SUM(CASE 
            WHEN l.city IN ('New York', 'Brooklyn', 'Queens', 'Bronx', 'Staten Island') THEN 1 
            ELSE 0 
        END) AS total_nyc_locations,
        
        ROUND(AVG(CASE 
            WHEN l.city IN ('New York', 'Brooklyn', 'Queens', 'Bronx', 'Staten Island') THEN l.review_rating 
            ELSE NULL 
        END), 1) AS avg_nyc_rating,
        
        -- Aggregate cuisine types
        GROUP_CONCAT(DISTINCT l.cuisine_type) AS cuisines

    FROM base_companies c
    LEFT JOIN base_locations l ON c.account_id = l.account_id
    LEFT JOIN base_crm crm ON c.account_id = crm.account_id
    GROUP BY 1, 2, 3, 4, 5, 6
)

SELECT * FROM aggregated;
[0m15:02:39.923068 [debug] [Thread-1  ]: SQL status: OK in 0.000 seconds
[0m15:02:39.923712 [debug] [Thread-1  ]: On model.seven_shifts_project.fct_vendor_signals: COMMIT
[0m15:02:39.923921 [debug] [Thread-1  ]: Using sqlite connection "model.seven_shifts_project.fct_vendor_signals"
[0m15:02:39.924140 [debug] [Thread-1  ]: On model.seven_shifts_project.fct_vendor_signals: COMMIT
[0m15:02:39.924544 [debug] [Thread-1  ]: SQL status: OK in 0.000 seconds
[0m15:02:39.924963 [debug] [Thread-1  ]: On model.seven_shifts_project.fct_vendor_signals: Close
[0m15:02:39.925309 [debug] [Thread-1  ]: Sending event: {'category': 'dbt', 'action': 'run_model', 'label': '91414db3-799e-4a47-a115-76f969076218', 'context': [<snowplow_tracker.self_describing_json.SelfDescribingJson object at 0x104f0a8b0>]}
[0m15:02:39.925663 [info ] [Thread-1  ]: 4 of 4 OK created sql view model main.fct_vendor_signals ....................... [[32mOK[0m in 0.01s]
[0m15:02:39.925985 [debug] [Thread-1  ]: Finished running node model.seven_shifts_project.fct_vendor_signals
[0m15:02:39.926662 [debug] [MainThread]: Using sqlite connection "master"
[0m15:02:39.926854 [debug] [MainThread]: On master: BEGIN
[0m15:02:39.927035 [debug] [MainThread]: Opening a new connection, currently in state closed
[0m15:02:39.927356 [debug] [MainThread]: SQL status: OK in 0.000 seconds
[0m15:02:39.927527 [debug] [MainThread]: On master: COMMIT
[0m15:02:39.927693 [debug] [MainThread]: Using sqlite connection "master"
[0m15:02:39.927853 [debug] [MainThread]: On master: COMMIT
[0m15:02:39.928017 [debug] [MainThread]: SQL status: OK in 0.000 seconds
[0m15:02:39.928188 [debug] [MainThread]: On master: Close
[0m15:02:39.928424 [debug] [MainThread]: Connection 'master' was properly closed.
[0m15:02:39.928592 [debug] [MainThread]: Connection 'model.seven_shifts_project.fct_vendor_signals' was properly closed.
[0m15:02:39.928794 [info ] [MainThread]: 
[0m15:02:39.928994 [info ] [MainThread]: Finished running 4 view models in 0 hours 0 minutes and 0.16 seconds (0.16s).
[0m15:02:39.929586 [debug] [MainThread]: Command end result
[0m15:02:39.942334 [debug] [MainThread]: Wrote artifact WritableManifest to /Users/nicholaschong/Projects/7shifts_summit_project/seven_shifts_project/target/manifest.json
[0m15:02:39.943559 [debug] [MainThread]: Wrote artifact SemanticManifest to /Users/nicholaschong/Projects/7shifts_summit_project/seven_shifts_project/target/semantic_manifest.json
[0m15:02:39.947705 [debug] [MainThread]: Wrote artifact RunExecutionResult to /Users/nicholaschong/Projects/7shifts_summit_project/seven_shifts_project/target/run_results.json
[0m15:02:39.947993 [info ] [MainThread]: 
[0m15:02:39.948249 [info ] [MainThread]: [32mCompleted successfully[0m
[0m15:02:39.948445 [info ] [MainThread]: 
[0m15:02:39.948655 [info ] [MainThread]: Done. PASS=4 WARN=0 ERROR=0 SKIP=0 NO-OP=0 TOTAL=4
[0m15:02:39.950346 [debug] [MainThread]: Resource report: {"command_name": "run", "command_success": true, "command_wall_clock_time": 0.6238928, "process_in_blocks": "0", "process_kernel_time": 0.17071, "process_mem_max_rss": "118030336", "process_out_blocks": "0", "process_user_time": 1.217439}
[0m15:02:39.950584 [debug] [MainThread]: Command `dbt run` succeeded at 15:02:39.950540 after 0.62 seconds
[0m15:02:39.950798 [debug] [MainThread]: Sending event: {'category': 'dbt', 'action': 'invocation', 'label': 'end', 'context': [<snowplow_tracker.self_describing_json.SelfDescribingJson object at 0x103559e20>, <snowplow_tracker.self_describing_json.SelfDescribingJson object at 0x104b9ef70>, <snowplow_tracker.self_describing_json.SelfDescribingJson object at 0x104b9e0d0>]}
[0m15:02:39.951015 [debug] [MainThread]: Flushing usage events
[0m15:02:40.232655 [debug] [MainThread]: An error was encountered while trying to flush usage events
[0m15:12:12.177834 [debug] [MainThread]: Sending event: {'category': 'dbt', 'action': 'invocation', 'label': 'start', 'context': [<snowplow_tracker.self_describing_json.SelfDescribingJson object at 0x1058a1e20>, <snowplow_tracker.self_describing_json.SelfDescribingJson object at 0x107c4a280>, <snowplow_tracker.self_describing_json.SelfDescribingJson object at 0x107c4a580>]}


============================== 15:12:12.180434 | f2bb011e-fb72-4f32-9d6f-5319a86a7aac ==============================
[0m15:12:12.180434 [info ] [MainThread]: Running with dbt=1.10.22
[0m15:12:12.180847 [debug] [MainThread]: running dbt with arguments {'printer_width': '80', 'indirect_selection': 'eager', 'log_cache_events': 'False', 'write_json': 'True', 'partial_parse': 'True', 'cache_selected_only': 'False', 'profiles_dir': '/Users/nicholaschong/.dbt', 'debug': 'False', 'fail_fast': 'False', 'log_path': '/Users/nicholaschong/Projects/7shifts_summit_project/seven_shifts_project/logs', 'warn_error': 'None', 'version_check': 'True', 'use_colors': 'True', 'use_experimental_parser': 'False', 'empty': 'False', 'quiet': 'False', 'no_print': 'None', 'log_format': 'default', 'introspect': 'True', 'invocation_command': 'dbt run', 'static_parser': 'True', 'target_path': 'None', 'warn_error_options': 'WarnErrorOptionsV2(error=[], warn=[], silence=[])', 'send_anonymous_usage_stats': 'True'}
[0m15:12:12.267737 [debug] [MainThread]: Sending event: {'category': 'dbt', 'action': 'project_id', 'label': 'f2bb011e-fb72-4f32-9d6f-5319a86a7aac', 'context': [<snowplow_tracker.self_describing_json.SelfDescribingJson object at 0x107ca5520>]}
[0m15:12:12.304034 [debug] [MainThread]: Sending event: {'category': 'dbt', 'action': 'adapter_info', 'label': 'f2bb011e-fb72-4f32-9d6f-5319a86a7aac', 'context': [<snowplow_tracker.self_describing_json.SelfDescribingJson object at 0x107d9da00>]}
[0m15:12:12.304794 [info ] [MainThread]: Registered adapter: sqlite=1.10.0
[0m15:12:12.383110 [debug] [MainThread]: checksum: 04c83ee057a648a2f8e380c895ffead170732fa039f068d62b9d36aaeefaf7cc, vars: {}, profile: , target: , version: 1.10.22
[0m15:12:12.475836 [debug] [MainThread]: Partial parsing enabled: 0 files deleted, 0 files added, 1 files changed.
[0m15:12:12.476253 [debug] [MainThread]: Partial parsing: updated file: seven_shifts_project://models/marts/fct_vendor_signals.sql
[0m15:12:12.654304 [debug] [MainThread]: Sending event: {'category': 'dbt', 'action': 'load_project', 'label': 'f2bb011e-fb72-4f32-9d6f-5319a86a7aac', 'context': [<snowplow_tracker.self_describing_json.SelfDescribingJson object at 0x107d3b700>]}
[0m15:12:12.702982 [debug] [MainThread]: Wrote artifact WritableManifest to /Users/nicholaschong/Projects/7shifts_summit_project/seven_shifts_project/target/manifest.json
[0m15:12:12.704539 [debug] [MainThread]: Wrote artifact SemanticManifest to /Users/nicholaschong/Projects/7shifts_summit_project/seven_shifts_project/target/semantic_manifest.json
[0m15:12:12.716516 [debug] [MainThread]: Sending event: {'category': 'dbt', 'action': 'resource_counts', 'label': 'f2bb011e-fb72-4f32-9d6f-5319a86a7aac', 'context': [<snowplow_tracker.self_describing_json.SelfDescribingJson object at 0x1104075b0>]}
[0m15:12:12.716821 [info ] [MainThread]: Found 4 models, 3 sources, 416 macros
[0m15:12:12.717052 [debug] [MainThread]: Sending event: {'category': 'dbt', 'action': 'runnable_timing', 'label': 'f2bb011e-fb72-4f32-9d6f-5319a86a7aac', 'context': [<snowplow_tracker.self_describing_json.SelfDescribingJson object at 0x110411ac0>]}
[0m15:12:12.717881 [info ] [MainThread]: 
[0m15:12:12.718099 [info ] [MainThread]: Concurrency: 1 threads (target='dev')
[0m15:12:12.718284 [info ] [MainThread]: 
[0m15:12:12.718572 [debug] [MainThread]: Acquiring new sqlite connection 'master'
[0m15:12:12.721988 [debug] [ThreadPool]: Acquiring new sqlite connection 'list_main'
[0m15:12:12.759082 [debug] [ThreadPool]: Using sqlite connection "list_main"
[0m15:12:12.759355 [debug] [ThreadPool]: On list_main: BEGIN
[0m15:12:12.759552 [debug] [ThreadPool]: Opening a new connection, currently in state init
[0m15:12:12.761211 [debug] [ThreadPool]: SQL status: OK in 0.002 seconds
[0m15:12:12.761445 [debug] [ThreadPool]: Using sqlite connection "list_main"
[0m15:12:12.761634 [debug] [ThreadPool]: On list_main: /* {"app": "dbt", "dbt_version": "1.10.22", "profile_name": "seven_shifts_project", "target_name": "dev", "connection_name": "list_main"} */

        pragma database_list
    
[0m15:12:12.761818 [debug] [ThreadPool]: SQL status: OK in 0.000 seconds
[0m15:12:12.762513 [debug] [ThreadPool]: On list_main: ROLLBACK
[0m15:12:12.762702 [debug] [ThreadPool]: On list_main: Close
[0m15:12:12.763415 [debug] [ThreadPool]: Re-using an available connection from the pool (formerly list_main, now list_main_main)
[0m15:12:12.768332 [debug] [ThreadPool]: Using sqlite connection "list_main_main"
[0m15:12:12.768553 [debug] [ThreadPool]: On list_main_main: BEGIN
[0m15:12:12.768742 [debug] [ThreadPool]: Opening a new connection, currently in state closed
[0m15:12:12.769065 [debug] [ThreadPool]: SQL status: OK in 0.000 seconds
[0m15:12:12.769241 [debug] [ThreadPool]: Using sqlite connection "list_main_main"
[0m15:12:12.769434 [debug] [ThreadPool]: On list_main_main: /* {"app": "dbt", "dbt_version": "1.10.22", "profile_name": "seven_shifts_project", "target_name": "dev", "connection_name": "list_main_main"} */

        pragma database_list
    
[0m15:12:12.769628 [debug] [ThreadPool]: SQL status: OK in 0.000 seconds
[0m15:12:12.770337 [debug] [ThreadPool]: Using sqlite connection "list_main_main"
[0m15:12:12.770526 [debug] [ThreadPool]: On list_main_main: /* {"app": "dbt", "dbt_version": "1.10.22", "profile_name": "seven_shifts_project", "target_name": "dev", "connection_name": "list_main_main"} */

            SELECT
                'main' as database
                ,name
                ,'main' AS schema
                ,type as data_type
            FROM
                main.sqlite_master
            WHERE
                name NOT LIKE 'sqlite_%'
        
[0m15:12:12.770857 [debug] [ThreadPool]: SQL status: OK in 0.000 seconds
[0m15:12:12.771522 [debug] [ThreadPool]: On list_main_main: ROLLBACK
[0m15:12:12.771703 [debug] [ThreadPool]: On list_main_main: Close
[0m15:12:12.772667 [debug] [MainThread]: Sending event: {'category': 'dbt', 'action': 'runnable_timing', 'label': 'f2bb011e-fb72-4f32-9d6f-5319a86a7aac', 'context': [<snowplow_tracker.self_describing_json.SelfDescribingJson object at 0x107d3b040>]}
[0m15:12:12.772927 [debug] [MainThread]: Using sqlite connection "master"
[0m15:12:12.773097 [debug] [MainThread]: On master: BEGIN
[0m15:12:12.773257 [debug] [MainThread]: Opening a new connection, currently in state init
[0m15:12:12.773518 [debug] [MainThread]: SQL status: OK in 0.000 seconds
[0m15:12:12.773685 [debug] [MainThread]: On master: COMMIT
[0m15:12:12.773856 [debug] [MainThread]: Using sqlite connection "master"
[0m15:12:12.774025 [debug] [MainThread]: On master: COMMIT
[0m15:12:12.774475 [debug] [MainThread]: SQL status: OK in 0.000 seconds
[0m15:12:12.774650 [debug] [MainThread]: On master: Close
[0m15:12:12.776039 [debug] [Thread-1  ]: Began running node model.seven_shifts_project.stg_companies
[0m15:12:12.776343 [info ] [Thread-1  ]: 1 of 4 START sql view model main.stg_companies ................................. [RUN]
[0m15:12:12.776640 [debug] [Thread-1  ]: Re-using an available connection from the pool (formerly list_main_main, now model.seven_shifts_project.stg_companies)
[0m15:12:12.776863 [debug] [Thread-1  ]: Began compiling node model.seven_shifts_project.stg_companies
[0m15:12:12.783019 [debug] [Thread-1  ]: Writing injected SQL for node "model.seven_shifts_project.stg_companies"
[0m15:12:12.783730 [debug] [Thread-1  ]: Began executing node model.seven_shifts_project.stg_companies
[0m15:12:12.793853 [debug] [Thread-1  ]: Using sqlite connection "model.seven_shifts_project.stg_companies"
[0m15:12:12.794125 [debug] [Thread-1  ]: On model.seven_shifts_project.stg_companies: /* {"app": "dbt", "dbt_version": "1.10.22", "profile_name": "seven_shifts_project", "target_name": "dev", "node_id": "model.seven_shifts_project.stg_companies"} */
drop view if exists "main"."stg_companies"
[0m15:12:12.794367 [debug] [Thread-1  ]: Opening a new connection, currently in state closed
[0m15:12:12.795349 [debug] [Thread-1  ]: SQL status: OK in 0.001 seconds
[0m15:12:12.797821 [debug] [Thread-1  ]: Writing runtime sql for node "model.seven_shifts_project.stg_companies"
[0m15:12:12.798207 [debug] [Thread-1  ]: Using sqlite connection "model.seven_shifts_project.stg_companies"
[0m15:12:12.798423 [debug] [Thread-1  ]: On model.seven_shifts_project.stg_companies: BEGIN
[0m15:12:12.798639 [debug] [Thread-1  ]: SQL status: OK in 0.000 seconds
[0m15:12:12.798836 [debug] [Thread-1  ]: Using sqlite connection "model.seven_shifts_project.stg_companies"
[0m15:12:12.799055 [debug] [Thread-1  ]: On model.seven_shifts_project.stg_companies: /* {"app": "dbt", "dbt_version": "1.10.22", "profile_name": "seven_shifts_project", "target_name": "dev", "node_id": "model.seven_shifts_project.stg_companies"} */

    
    create view main."stg_companies" as
    SELECT * FROM main."companies";
[0m15:12:12.799440 [debug] [Thread-1  ]: SQL status: OK in 0.000 seconds
[0m15:12:12.802604 [debug] [Thread-1  ]: On model.seven_shifts_project.stg_companies: COMMIT
[0m15:12:12.802831 [debug] [Thread-1  ]: Using sqlite connection "model.seven_shifts_project.stg_companies"
[0m15:12:12.803035 [debug] [Thread-1  ]: On model.seven_shifts_project.stg_companies: COMMIT
[0m15:12:12.803424 [debug] [Thread-1  ]: SQL status: OK in 0.000 seconds
[0m15:12:12.804987 [debug] [Thread-1  ]: On model.seven_shifts_project.stg_companies: Close
[0m15:12:12.806187 [debug] [Thread-1  ]: Sending event: {'category': 'dbt', 'action': 'run_model', 'label': 'f2bb011e-fb72-4f32-9d6f-5319a86a7aac', 'context': [<snowplow_tracker.self_describing_json.SelfDescribingJson object at 0x1109bc160>]}
[0m15:12:12.806548 [info ] [Thread-1  ]: 1 of 4 OK created sql view model main.stg_companies ............................ [[32mOK[0m in 0.03s]
[0m15:12:12.806881 [debug] [Thread-1  ]: Finished running node model.seven_shifts_project.stg_companies
[0m15:12:12.807126 [debug] [Thread-1  ]: Began running node model.seven_shifts_project.stg_crm_accounts
[0m15:12:12.807421 [info ] [Thread-1  ]: 2 of 4 START sql view model main.stg_crm_accounts .............................. [RUN]
[0m15:12:12.807693 [debug] [Thread-1  ]: Re-using an available connection from the pool (formerly model.seven_shifts_project.stg_companies, now model.seven_shifts_project.stg_crm_accounts)
[0m15:12:12.807913 [debug] [Thread-1  ]: Began compiling node model.seven_shifts_project.stg_crm_accounts
[0m15:12:12.810743 [debug] [Thread-1  ]: Writing injected SQL for node "model.seven_shifts_project.stg_crm_accounts"
[0m15:12:12.811280 [debug] [Thread-1  ]: Began executing node model.seven_shifts_project.stg_crm_accounts
[0m15:12:12.814099 [debug] [Thread-1  ]: Using sqlite connection "model.seven_shifts_project.stg_crm_accounts"
[0m15:12:12.814325 [debug] [Thread-1  ]: On model.seven_shifts_project.stg_crm_accounts: /* {"app": "dbt", "dbt_version": "1.10.22", "profile_name": "seven_shifts_project", "target_name": "dev", "node_id": "model.seven_shifts_project.stg_crm_accounts"} */
drop view if exists "main"."stg_crm_accounts"
[0m15:12:12.814528 [debug] [Thread-1  ]: Opening a new connection, currently in state closed
[0m15:12:12.815271 [debug] [Thread-1  ]: SQL status: OK in 0.001 seconds
[0m15:12:12.816010 [debug] [Thread-1  ]: Writing runtime sql for node "model.seven_shifts_project.stg_crm_accounts"
[0m15:12:12.816355 [debug] [Thread-1  ]: Using sqlite connection "model.seven_shifts_project.stg_crm_accounts"
[0m15:12:12.816560 [debug] [Thread-1  ]: On model.seven_shifts_project.stg_crm_accounts: BEGIN
[0m15:12:12.816761 [debug] [Thread-1  ]: SQL status: OK in 0.000 seconds
[0m15:12:12.816955 [debug] [Thread-1  ]: Using sqlite connection "model.seven_shifts_project.stg_crm_accounts"
[0m15:12:12.817153 [debug] [Thread-1  ]: On model.seven_shifts_project.stg_crm_accounts: /* {"app": "dbt", "dbt_version": "1.10.22", "profile_name": "seven_shifts_project", "target_name": "dev", "node_id": "model.seven_shifts_project.stg_crm_accounts"} */

    
    create view main."stg_crm_accounts" as
    SELECT * FROM main."crm_accounts";
[0m15:12:12.817486 [debug] [Thread-1  ]: SQL status: OK in 0.000 seconds
[0m15:12:12.818114 [debug] [Thread-1  ]: On model.seven_shifts_project.stg_crm_accounts: COMMIT
[0m15:12:12.818323 [debug] [Thread-1  ]: Using sqlite connection "model.seven_shifts_project.stg_crm_accounts"
[0m15:12:12.818534 [debug] [Thread-1  ]: On model.seven_shifts_project.stg_crm_accounts: COMMIT
[0m15:12:12.818922 [debug] [Thread-1  ]: SQL status: OK in 0.000 seconds
[0m15:12:12.819341 [debug] [Thread-1  ]: On model.seven_shifts_project.stg_crm_accounts: Close
[0m15:12:12.819738 [debug] [Thread-1  ]: Sending event: {'category': 'dbt', 'action': 'run_model', 'label': 'f2bb011e-fb72-4f32-9d6f-5319a86a7aac', 'context': [<snowplow_tracker.self_describing_json.SelfDescribingJson object at 0x110871760>]}
[0m15:12:12.820094 [info ] [Thread-1  ]: 2 of 4 OK created sql view model main.stg_crm_accounts ......................... [[32mOK[0m in 0.01s]
[0m15:12:12.820427 [debug] [Thread-1  ]: Finished running node model.seven_shifts_project.stg_crm_accounts
[0m15:12:12.820664 [debug] [Thread-1  ]: Began running node model.seven_shifts_project.stg_locations
[0m15:12:12.820958 [info ] [Thread-1  ]: 3 of 4 START sql view model main.stg_locations ................................. [RUN]
[0m15:12:12.821215 [debug] [Thread-1  ]: Re-using an available connection from the pool (formerly model.seven_shifts_project.stg_crm_accounts, now model.seven_shifts_project.stg_locations)
[0m15:12:12.821427 [debug] [Thread-1  ]: Began compiling node model.seven_shifts_project.stg_locations
[0m15:12:12.823193 [debug] [Thread-1  ]: Writing injected SQL for node "model.seven_shifts_project.stg_locations"
[0m15:12:12.823536 [debug] [Thread-1  ]: Began executing node model.seven_shifts_project.stg_locations
[0m15:12:12.826445 [debug] [Thread-1  ]: Using sqlite connection "model.seven_shifts_project.stg_locations"
[0m15:12:12.826791 [debug] [Thread-1  ]: On model.seven_shifts_project.stg_locations: /* {"app": "dbt", "dbt_version": "1.10.22", "profile_name": "seven_shifts_project", "target_name": "dev", "node_id": "model.seven_shifts_project.stg_locations"} */
drop view if exists "main"."stg_locations"
[0m15:12:12.827129 [debug] [Thread-1  ]: Opening a new connection, currently in state closed
[0m15:12:12.828094 [debug] [Thread-1  ]: SQL status: OK in 0.001 seconds
[0m15:12:12.828820 [debug] [Thread-1  ]: Writing runtime sql for node "model.seven_shifts_project.stg_locations"
[0m15:12:12.829197 [debug] [Thread-1  ]: Using sqlite connection "model.seven_shifts_project.stg_locations"
[0m15:12:12.829400 [debug] [Thread-1  ]: On model.seven_shifts_project.stg_locations: BEGIN
[0m15:12:12.829596 [debug] [Thread-1  ]: SQL status: OK in 0.000 seconds
[0m15:12:12.829780 [debug] [Thread-1  ]: Using sqlite connection "model.seven_shifts_project.stg_locations"
[0m15:12:12.829977 [debug] [Thread-1  ]: On model.seven_shifts_project.stg_locations: /* {"app": "dbt", "dbt_version": "1.10.22", "profile_name": "seven_shifts_project", "target_name": "dev", "node_id": "model.seven_shifts_project.stg_locations"} */

    
    create view main."stg_locations" as
    SELECT * FROM main."locations";
[0m15:12:12.830331 [debug] [Thread-1  ]: SQL status: OK in 0.000 seconds
[0m15:12:12.830962 [debug] [Thread-1  ]: On model.seven_shifts_project.stg_locations: COMMIT
[0m15:12:12.831162 [debug] [Thread-1  ]: Using sqlite connection "model.seven_shifts_project.stg_locations"
[0m15:12:12.831352 [debug] [Thread-1  ]: On model.seven_shifts_project.stg_locations: COMMIT
[0m15:12:12.831713 [debug] [Thread-1  ]: SQL status: OK in 0.000 seconds
[0m15:12:12.832090 [debug] [Thread-1  ]: On model.seven_shifts_project.stg_locations: Close
[0m15:12:12.832455 [debug] [Thread-1  ]: Sending event: {'category': 'dbt', 'action': 'run_model', 'label': 'f2bb011e-fb72-4f32-9d6f-5319a86a7aac', 'context': [<snowplow_tracker.self_describing_json.SelfDescribingJson object at 0x1108de610>]}
[0m15:12:12.832818 [info ] [Thread-1  ]: 3 of 4 OK created sql view model main.stg_locations ............................ [[32mOK[0m in 0.01s]
[0m15:12:12.833143 [debug] [Thread-1  ]: Finished running node model.seven_shifts_project.stg_locations
[0m15:12:12.833518 [debug] [Thread-1  ]: Began running node model.seven_shifts_project.fct_vendor_signals
[0m15:12:12.833853 [info ] [Thread-1  ]: 4 of 4 START sql view model main.fct_vendor_signals ............................ [RUN]
[0m15:12:12.834141 [debug] [Thread-1  ]: Re-using an available connection from the pool (formerly model.seven_shifts_project.stg_locations, now model.seven_shifts_project.fct_vendor_signals)
[0m15:12:12.834354 [debug] [Thread-1  ]: Began compiling node model.seven_shifts_project.fct_vendor_signals
[0m15:12:12.837343 [debug] [Thread-1  ]: Writing injected SQL for node "model.seven_shifts_project.fct_vendor_signals"
[0m15:12:12.837690 [debug] [Thread-1  ]: Began executing node model.seven_shifts_project.fct_vendor_signals
[0m15:12:12.841438 [debug] [Thread-1  ]: Using sqlite connection "model.seven_shifts_project.fct_vendor_signals"
[0m15:12:12.841688 [debug] [Thread-1  ]: On model.seven_shifts_project.fct_vendor_signals: /* {"app": "dbt", "dbt_version": "1.10.22", "profile_name": "seven_shifts_project", "target_name": "dev", "node_id": "model.seven_shifts_project.fct_vendor_signals"} */
drop view if exists "main"."fct_vendor_signals"
[0m15:12:12.841902 [debug] [Thread-1  ]: Opening a new connection, currently in state closed
[0m15:12:12.842745 [debug] [Thread-1  ]: SQL status: OK in 0.001 seconds
[0m15:12:12.843540 [debug] [Thread-1  ]: Writing runtime sql for node "model.seven_shifts_project.fct_vendor_signals"
[0m15:12:12.844155 [debug] [Thread-1  ]: Using sqlite connection "model.seven_shifts_project.fct_vendor_signals"
[0m15:12:12.844387 [debug] [Thread-1  ]: On model.seven_shifts_project.fct_vendor_signals: BEGIN
[0m15:12:12.844612 [debug] [Thread-1  ]: SQL status: OK in 0.000 seconds
[0m15:12:12.844816 [debug] [Thread-1  ]: Using sqlite connection "model.seven_shifts_project.fct_vendor_signals"
[0m15:12:12.845060 [debug] [Thread-1  ]: On model.seven_shifts_project.fct_vendor_signals: /* {"app": "dbt", "dbt_version": "1.10.22", "profile_name": "seven_shifts_project", "target_name": "dev", "node_id": "model.seven_shifts_project.fct_vendor_signals"} */

    
    create view main."fct_vendor_signals" as
    WITH base_companies AS (
    SELECT * FROM main."stg_companies"
),
base_locations AS (
    SELECT * FROM main."stg_locations"
),
aggregated AS (
    SELECT 
        c.account_id AS vendor_id,
        c.company_name AS vendor_name,
        c.website AS vendor_website,
        c.num_locations AS global_location_count,
        c.pos_vendor AS vendor_pos,
        SUM(CASE WHEN l.city IN ('New York', 'Brooklyn', 'Queens', 'Bronx', 'Staten Island') THEN 1 ELSE 0 END) AS total_nyc_locations,
        ROUND(AVG(CASE WHEN l.city IN ('New York', 'Brooklyn', 'Queens', 'Bronx', 'Staten Island') THEN l.review_rating ELSE NULL END), 1) AS avg_nyc_rating,
        GROUP_CONCAT(DISTINCT l.cuisine_type) AS cuisines
    FROM base_companies c
    LEFT JOIN base_locations l ON c.account_id = l.account_id
    GROUP BY 1, 2, 3, 4, 5
)
SELECT * FROM aggregated;
[0m15:12:12.845517 [debug] [Thread-1  ]: SQL status: OK in 0.000 seconds
[0m15:12:12.846163 [debug] [Thread-1  ]: On model.seven_shifts_project.fct_vendor_signals: COMMIT
[0m15:12:12.846365 [debug] [Thread-1  ]: Using sqlite connection "model.seven_shifts_project.fct_vendor_signals"
[0m15:12:12.846555 [debug] [Thread-1  ]: On model.seven_shifts_project.fct_vendor_signals: COMMIT
[0m15:12:12.846932 [debug] [Thread-1  ]: SQL status: OK in 0.000 seconds
[0m15:12:12.847346 [debug] [Thread-1  ]: On model.seven_shifts_project.fct_vendor_signals: Close
[0m15:12:12.847693 [debug] [Thread-1  ]: Sending event: {'category': 'dbt', 'action': 'run_model', 'label': 'f2bb011e-fb72-4f32-9d6f-5319a86a7aac', 'context': [<snowplow_tracker.self_describing_json.SelfDescribingJson object at 0x110b86b50>]}
[0m15:12:12.848049 [info ] [Thread-1  ]: 4 of 4 OK created sql view model main.fct_vendor_signals ....................... [[32mOK[0m in 0.01s]
[0m15:12:12.848382 [debug] [Thread-1  ]: Finished running node model.seven_shifts_project.fct_vendor_signals
[0m15:12:12.848945 [debug] [MainThread]: Using sqlite connection "master"
[0m15:12:12.849124 [debug] [MainThread]: On master: BEGIN
[0m15:12:12.849286 [debug] [MainThread]: Opening a new connection, currently in state closed
[0m15:12:12.849551 [debug] [MainThread]: SQL status: OK in 0.000 seconds
[0m15:12:12.849715 [debug] [MainThread]: On master: COMMIT
[0m15:12:12.849878 [debug] [MainThread]: Using sqlite connection "master"
[0m15:12:12.850039 [debug] [MainThread]: On master: COMMIT
[0m15:12:12.850206 [debug] [MainThread]: SQL status: OK in 0.000 seconds
[0m15:12:12.850370 [debug] [MainThread]: On master: Close
[0m15:12:12.850599 [debug] [MainThread]: Connection 'master' was properly closed.
[0m15:12:12.850773 [debug] [MainThread]: Connection 'model.seven_shifts_project.fct_vendor_signals' was properly closed.
[0m15:12:12.850986 [info ] [MainThread]: 
[0m15:12:12.851184 [info ] [MainThread]: Finished running 4 view models in 0 hours 0 minutes and 0.13 seconds (0.13s).
[0m15:12:12.851748 [debug] [MainThread]: Command end result
[0m15:12:12.865016 [debug] [MainThread]: Wrote artifact WritableManifest to /Users/nicholaschong/Projects/7shifts_summit_project/seven_shifts_project/target/manifest.json
[0m15:12:12.866077 [debug] [MainThread]: Wrote artifact SemanticManifest to /Users/nicholaschong/Projects/7shifts_summit_project/seven_shifts_project/target/semantic_manifest.json
[0m15:12:12.870227 [debug] [MainThread]: Wrote artifact RunExecutionResult to /Users/nicholaschong/Projects/7shifts_summit_project/seven_shifts_project/target/run_results.json
[0m15:12:12.870435 [info ] [MainThread]: 
[0m15:12:12.870678 [info ] [MainThread]: [32mCompleted successfully[0m
[0m15:12:12.870873 [info ] [MainThread]: 
[0m15:12:12.871079 [info ] [MainThread]: Done. PASS=4 WARN=0 ERROR=0 SKIP=0 NO-OP=0 TOTAL=4
[0m15:12:12.872796 [debug] [MainThread]: Resource report: {"command_name": "run", "command_success": true, "command_wall_clock_time": 0.7388064, "process_in_blocks": "0", "process_kernel_time": 0.160903, "process_mem_max_rss": "120471552", "process_out_blocks": "0", "process_user_time": 1.335337}
[0m15:12:12.873041 [debug] [MainThread]: Command `dbt run` succeeded at 15:12:12.872997 after 0.74 seconds
[0m15:12:12.873261 [debug] [MainThread]: Sending event: {'category': 'dbt', 'action': 'invocation', 'label': 'end', 'context': [<snowplow_tracker.self_describing_json.SelfDescribingJson object at 0x1058a1e20>, <snowplow_tracker.self_describing_json.SelfDescribingJson object at 0x107d9da00>, <snowplow_tracker.self_describing_json.SelfDescribingJson object at 0x107e41c40>]}
[0m15:12:12.873485 [debug] [MainThread]: Flushing usage events
[0m15:12:13.172081 [debug] [MainThread]: An error was encountered while trying to flush usage events
[0m17:42:50.356426 [debug] [MainThread]: Sending event: {'category': 'dbt', 'action': 'invocation', 'label': 'start', 'context': [<snowplow_tracker.self_describing_json.SelfDescribingJson object at 0x104eced60>, <snowplow_tracker.self_describing_json.SelfDescribingJson object at 0x106a7d910>, <snowplow_tracker.self_describing_json.SelfDescribingJson object at 0x106a7dc10>]}


============================== 17:42:50.359234 | 729213ae-50a6-4ab2-8037-645fd7fb736c ==============================
[0m17:42:50.359234 [info ] [MainThread]: Running with dbt=1.10.22
[0m17:42:50.359629 [debug] [MainThread]: running dbt with arguments {'printer_width': '80', 'indirect_selection': 'eager', 'write_json': 'True', 'log_cache_events': 'False', 'partial_parse': 'True', 'cache_selected_only': 'False', 'profiles_dir': '/Users/nicholaschong/.dbt', 'debug': 'False', 'fail_fast': 'False', 'log_path': '/Users/nicholaschong/Projects/7shifts_summit_project/seven_shifts_project/logs', 'warn_error': 'None', 'version_check': 'True', 'use_colors': 'True', 'use_experimental_parser': 'False', 'no_print': 'None', 'quiet': 'False', 'empty': 'False', 'log_format': 'default', 'static_parser': 'True', 'invocation_command': 'dbt run', 'introspect': 'True', 'target_path': 'None', 'warn_error_options': 'WarnErrorOptionsV2(error=[], warn=[], silence=[])', 'send_anonymous_usage_stats': 'True'}
[0m17:42:50.447819 [debug] [MainThread]: Sending event: {'category': 'dbt', 'action': 'project_id', 'label': '729213ae-50a6-4ab2-8037-645fd7fb736c', 'context': [<snowplow_tracker.self_describing_json.SelfDescribingJson object at 0x103314af0>]}
[0m17:42:50.481593 [debug] [MainThread]: Sending event: {'category': 'dbt', 'action': 'adapter_info', 'label': '729213ae-50a6-4ab2-8037-645fd7fb736c', 'context': [<snowplow_tracker.self_describing_json.SelfDescribingJson object at 0x106ae43d0>]}
[0m17:42:50.482243 [info ] [MainThread]: Registered adapter: sqlite=1.10.0
[0m17:42:50.555886 [debug] [MainThread]: checksum: 04c83ee057a648a2f8e380c895ffead170732fa039f068d62b9d36aaeefaf7cc, vars: {}, profile: , target: , version: 1.10.22
[0m17:42:50.638951 [debug] [MainThread]: Partial parsing enabled: 0 files deleted, 0 files added, 1 files changed.
[0m17:42:50.639325 [debug] [MainThread]: Partial parsing: updated file: seven_shifts_project://models/marts/fct_vendor_signals.sql
[0m17:42:50.811842 [debug] [MainThread]: Sending event: {'category': 'dbt', 'action': 'load_project', 'label': '729213ae-50a6-4ab2-8037-645fd7fb736c', 'context': [<snowplow_tracker.self_describing_json.SelfDescribingJson object at 0x106c748e0>]}
[0m17:42:50.860313 [debug] [MainThread]: Wrote artifact WritableManifest to /Users/nicholaschong/Projects/7shifts_summit_project/seven_shifts_project/target/manifest.json
[0m17:42:50.861612 [debug] [MainThread]: Wrote artifact SemanticManifest to /Users/nicholaschong/Projects/7shifts_summit_project/seven_shifts_project/target/semantic_manifest.json
[0m17:42:50.873166 [debug] [MainThread]: Sending event: {'category': 'dbt', 'action': 'resource_counts', 'label': '729213ae-50a6-4ab2-8037-645fd7fb736c', 'context': [<snowplow_tracker.self_describing_json.SelfDescribingJson object at 0x10717efa0>]}
[0m17:42:50.873465 [info ] [MainThread]: Found 4 models, 3 sources, 416 macros
[0m17:42:50.873685 [debug] [MainThread]: Sending event: {'category': 'dbt', 'action': 'runnable_timing', 'label': '729213ae-50a6-4ab2-8037-645fd7fb736c', 'context': [<snowplow_tracker.self_describing_json.SelfDescribingJson object at 0x106be70a0>]}
[0m17:42:50.874500 [info ] [MainThread]: 
[0m17:42:50.874728 [info ] [MainThread]: Concurrency: 1 threads (target='dev')
[0m17:42:50.874921 [info ] [MainThread]: 
[0m17:42:50.875208 [debug] [MainThread]: Acquiring new sqlite connection 'master'
[0m17:42:50.878439 [debug] [ThreadPool]: Acquiring new sqlite connection 'list_main'
[0m17:42:50.913245 [debug] [ThreadPool]: Using sqlite connection "list_main"
[0m17:42:50.913505 [debug] [ThreadPool]: On list_main: BEGIN
[0m17:42:50.913680 [debug] [ThreadPool]: Opening a new connection, currently in state init
[0m17:42:50.915563 [debug] [ThreadPool]: SQL status: OK in 0.002 seconds
[0m17:42:50.915782 [debug] [ThreadPool]: Using sqlite connection "list_main"
[0m17:42:50.915961 [debug] [ThreadPool]: On list_main: /* {"app": "dbt", "dbt_version": "1.10.22", "profile_name": "seven_shifts_project", "target_name": "dev", "connection_name": "list_main"} */

        pragma database_list
    
[0m17:42:50.916147 [debug] [ThreadPool]: SQL status: OK in 0.000 seconds
[0m17:42:50.916816 [debug] [ThreadPool]: On list_main: ROLLBACK
[0m17:42:50.917003 [debug] [ThreadPool]: On list_main: Close
[0m17:42:50.917685 [debug] [ThreadPool]: Re-using an available connection from the pool (formerly list_main, now list_main_main)
[0m17:42:50.922415 [debug] [ThreadPool]: Using sqlite connection "list_main_main"
[0m17:42:50.922606 [debug] [ThreadPool]: On list_main_main: BEGIN
[0m17:42:50.922772 [debug] [ThreadPool]: Opening a new connection, currently in state closed
[0m17:42:50.923090 [debug] [ThreadPool]: SQL status: OK in 0.000 seconds
[0m17:42:50.923274 [debug] [ThreadPool]: Using sqlite connection "list_main_main"
[0m17:42:50.923442 [debug] [ThreadPool]: On list_main_main: /* {"app": "dbt", "dbt_version": "1.10.22", "profile_name": "seven_shifts_project", "target_name": "dev", "connection_name": "list_main_main"} */

        pragma database_list
    
[0m17:42:50.923616 [debug] [ThreadPool]: SQL status: OK in 0.000 seconds
[0m17:42:50.924278 [debug] [ThreadPool]: Using sqlite connection "list_main_main"
[0m17:42:50.924457 [debug] [ThreadPool]: On list_main_main: /* {"app": "dbt", "dbt_version": "1.10.22", "profile_name": "seven_shifts_project", "target_name": "dev", "connection_name": "list_main_main"} */

            SELECT
                'main' as database
                ,name
                ,'main' AS schema
                ,type as data_type
            FROM
                main.sqlite_master
            WHERE
                name NOT LIKE 'sqlite_%'
        
[0m17:42:50.924767 [debug] [ThreadPool]: SQL status: OK in 0.000 seconds
[0m17:42:50.925404 [debug] [ThreadPool]: On list_main_main: ROLLBACK
[0m17:42:50.925578 [debug] [ThreadPool]: On list_main_main: Close
[0m17:42:50.926499 [debug] [MainThread]: Sending event: {'category': 'dbt', 'action': 'runnable_timing', 'label': '729213ae-50a6-4ab2-8037-645fd7fb736c', 'context': [<snowplow_tracker.self_describing_json.SelfDescribingJson object at 0x107188b50>]}
[0m17:42:50.926769 [debug] [MainThread]: Using sqlite connection "master"
[0m17:42:50.926942 [debug] [MainThread]: On master: BEGIN
[0m17:42:50.927101 [debug] [MainThread]: Opening a new connection, currently in state init
[0m17:42:50.927359 [debug] [MainThread]: SQL status: OK in 0.000 seconds
[0m17:42:50.927524 [debug] [MainThread]: On master: COMMIT
[0m17:42:50.927686 [debug] [MainThread]: Using sqlite connection "master"
[0m17:42:50.927850 [debug] [MainThread]: On master: COMMIT
[0m17:42:50.928010 [debug] [MainThread]: SQL status: OK in 0.000 seconds
[0m17:42:50.928179 [debug] [MainThread]: On master: Close
[0m17:42:50.929468 [debug] [Thread-1  ]: Began running node model.seven_shifts_project.stg_companies
[0m17:42:50.929758 [info ] [Thread-1  ]: 1 of 4 START sql view model main.stg_companies ................................. [RUN]
[0m17:42:50.930021 [debug] [Thread-1  ]: Re-using an available connection from the pool (formerly list_main_main, now model.seven_shifts_project.stg_companies)
[0m17:42:50.930242 [debug] [Thread-1  ]: Began compiling node model.seven_shifts_project.stg_companies
[0m17:42:50.936265 [debug] [Thread-1  ]: Writing injected SQL for node "model.seven_shifts_project.stg_companies"
[0m17:42:50.936970 [debug] [Thread-1  ]: Began executing node model.seven_shifts_project.stg_companies
[0m17:42:50.947731 [debug] [Thread-1  ]: Using sqlite connection "model.seven_shifts_project.stg_companies"
[0m17:42:50.947977 [debug] [Thread-1  ]: On model.seven_shifts_project.stg_companies: /* {"app": "dbt", "dbt_version": "1.10.22", "profile_name": "seven_shifts_project", "target_name": "dev", "node_id": "model.seven_shifts_project.stg_companies"} */
drop view if exists "main"."stg_companies"
[0m17:42:50.948179 [debug] [Thread-1  ]: Opening a new connection, currently in state closed
[0m17:42:50.949070 [debug] [Thread-1  ]: SQL status: OK in 0.001 seconds
[0m17:42:50.951511 [debug] [Thread-1  ]: Writing runtime sql for node "model.seven_shifts_project.stg_companies"
[0m17:42:50.951906 [debug] [Thread-1  ]: Using sqlite connection "model.seven_shifts_project.stg_companies"
[0m17:42:50.952124 [debug] [Thread-1  ]: On model.seven_shifts_project.stg_companies: BEGIN
[0m17:42:50.952330 [debug] [Thread-1  ]: SQL status: OK in 0.000 seconds
[0m17:42:50.952518 [debug] [Thread-1  ]: Using sqlite connection "model.seven_shifts_project.stg_companies"
[0m17:42:50.952709 [debug] [Thread-1  ]: On model.seven_shifts_project.stg_companies: /* {"app": "dbt", "dbt_version": "1.10.22", "profile_name": "seven_shifts_project", "target_name": "dev", "node_id": "model.seven_shifts_project.stg_companies"} */

    
    create view main."stg_companies" as
    SELECT * FROM main."companies";
[0m17:42:50.953065 [debug] [Thread-1  ]: SQL status: OK in 0.000 seconds
[0m17:42:50.956417 [debug] [Thread-1  ]: On model.seven_shifts_project.stg_companies: COMMIT
[0m17:42:50.956677 [debug] [Thread-1  ]: Using sqlite connection "model.seven_shifts_project.stg_companies"
[0m17:42:50.956879 [debug] [Thread-1  ]: On model.seven_shifts_project.stg_companies: COMMIT
[0m17:42:50.957326 [debug] [Thread-1  ]: SQL status: OK in 0.000 seconds
[0m17:42:50.958894 [debug] [Thread-1  ]: On model.seven_shifts_project.stg_companies: Close
[0m17:42:50.960129 [debug] [Thread-1  ]: Sending event: {'category': 'dbt', 'action': 'run_model', 'label': '729213ae-50a6-4ab2-8037-645fd7fb736c', 'context': [<snowplow_tracker.self_describing_json.SelfDescribingJson object at 0x1076fb100>]}
[0m17:42:50.960502 [info ] [Thread-1  ]: 1 of 4 OK created sql view model main.stg_companies ............................ [[32mOK[0m in 0.03s]
[0m17:42:50.960843 [debug] [Thread-1  ]: Finished running node model.seven_shifts_project.stg_companies
[0m17:42:50.961085 [debug] [Thread-1  ]: Began running node model.seven_shifts_project.stg_crm_accounts
[0m17:42:50.961384 [info ] [Thread-1  ]: 2 of 4 START sql view model main.stg_crm_accounts .............................. [RUN]
[0m17:42:50.961645 [debug] [Thread-1  ]: Re-using an available connection from the pool (formerly model.seven_shifts_project.stg_companies, now model.seven_shifts_project.stg_crm_accounts)
[0m17:42:50.961865 [debug] [Thread-1  ]: Began compiling node model.seven_shifts_project.stg_crm_accounts
[0m17:42:50.964262 [debug] [Thread-1  ]: Writing injected SQL for node "model.seven_shifts_project.stg_crm_accounts"
[0m17:42:50.964841 [debug] [Thread-1  ]: Began executing node model.seven_shifts_project.stg_crm_accounts
[0m17:42:50.967765 [debug] [Thread-1  ]: Using sqlite connection "model.seven_shifts_project.stg_crm_accounts"
[0m17:42:50.968002 [debug] [Thread-1  ]: On model.seven_shifts_project.stg_crm_accounts: /* {"app": "dbt", "dbt_version": "1.10.22", "profile_name": "seven_shifts_project", "target_name": "dev", "node_id": "model.seven_shifts_project.stg_crm_accounts"} */
drop view if exists "main"."stg_crm_accounts"
[0m17:42:50.968215 [debug] [Thread-1  ]: Opening a new connection, currently in state closed
[0m17:42:50.968966 [debug] [Thread-1  ]: SQL status: OK in 0.001 seconds
[0m17:42:50.969661 [debug] [Thread-1  ]: Writing runtime sql for node "model.seven_shifts_project.stg_crm_accounts"
[0m17:42:50.970149 [debug] [Thread-1  ]: Using sqlite connection "model.seven_shifts_project.stg_crm_accounts"
[0m17:42:50.970359 [debug] [Thread-1  ]: On model.seven_shifts_project.stg_crm_accounts: BEGIN
[0m17:42:50.970559 [debug] [Thread-1  ]: SQL status: OK in 0.000 seconds
[0m17:42:50.970746 [debug] [Thread-1  ]: Using sqlite connection "model.seven_shifts_project.stg_crm_accounts"
[0m17:42:50.970936 [debug] [Thread-1  ]: On model.seven_shifts_project.stg_crm_accounts: /* {"app": "dbt", "dbt_version": "1.10.22", "profile_name": "seven_shifts_project", "target_name": "dev", "node_id": "model.seven_shifts_project.stg_crm_accounts"} */

    
    create view main."stg_crm_accounts" as
    SELECT * FROM main."crm_accounts";
[0m17:42:50.971269 [debug] [Thread-1  ]: SQL status: OK in 0.000 seconds
[0m17:42:50.971893 [debug] [Thread-1  ]: On model.seven_shifts_project.stg_crm_accounts: COMMIT
[0m17:42:50.972089 [debug] [Thread-1  ]: Using sqlite connection "model.seven_shifts_project.stg_crm_accounts"
[0m17:42:50.972278 [debug] [Thread-1  ]: On model.seven_shifts_project.stg_crm_accounts: COMMIT
[0m17:42:50.972638 [debug] [Thread-1  ]: SQL status: OK in 0.000 seconds
[0m17:42:50.973170 [debug] [Thread-1  ]: On model.seven_shifts_project.stg_crm_accounts: Close
[0m17:42:50.973572 [debug] [Thread-1  ]: Sending event: {'category': 'dbt', 'action': 'run_model', 'label': '729213ae-50a6-4ab2-8037-645fd7fb736c', 'context': [<snowplow_tracker.self_describing_json.SelfDescribingJson object at 0x1075f4700>]}
[0m17:42:50.973947 [info ] [Thread-1  ]: 2 of 4 OK created sql view model main.stg_crm_accounts ......................... [[32mOK[0m in 0.01s]
[0m17:42:50.974285 [debug] [Thread-1  ]: Finished running node model.seven_shifts_project.stg_crm_accounts
[0m17:42:50.974765 [debug] [Thread-1  ]: Began running node model.seven_shifts_project.stg_locations
[0m17:42:50.975251 [info ] [Thread-1  ]: 3 of 4 START sql view model main.stg_locations ................................. [RUN]
[0m17:42:50.976346 [debug] [Thread-1  ]: Re-using an available connection from the pool (formerly model.seven_shifts_project.stg_crm_accounts, now model.seven_shifts_project.stg_locations)
[0m17:42:50.976959 [debug] [Thread-1  ]: Began compiling node model.seven_shifts_project.stg_locations
[0m17:42:51.009793 [debug] [Thread-1  ]: Writing injected SQL for node "model.seven_shifts_project.stg_locations"
[0m17:42:51.015700 [debug] [Thread-1  ]: Began executing node model.seven_shifts_project.stg_locations
[0m17:42:51.019575 [debug] [Thread-1  ]: Using sqlite connection "model.seven_shifts_project.stg_locations"
[0m17:42:51.019863 [debug] [Thread-1  ]: On model.seven_shifts_project.stg_locations: /* {"app": "dbt", "dbt_version": "1.10.22", "profile_name": "seven_shifts_project", "target_name": "dev", "node_id": "model.seven_shifts_project.stg_locations"} */
drop view if exists "main"."stg_locations"
[0m17:42:51.020093 [debug] [Thread-1  ]: Opening a new connection, currently in state closed
[0m17:42:51.021129 [debug] [Thread-1  ]: SQL status: OK in 0.001 seconds
[0m17:42:51.021977 [debug] [Thread-1  ]: Writing runtime sql for node "model.seven_shifts_project.stg_locations"
[0m17:42:51.022427 [debug] [Thread-1  ]: Using sqlite connection "model.seven_shifts_project.stg_locations"
[0m17:42:51.022651 [debug] [Thread-1  ]: On model.seven_shifts_project.stg_locations: BEGIN
[0m17:42:51.023012 [debug] [Thread-1  ]: SQL status: OK in 0.000 seconds
[0m17:42:51.023228 [debug] [Thread-1  ]: Using sqlite connection "model.seven_shifts_project.stg_locations"
[0m17:42:51.023444 [debug] [Thread-1  ]: On model.seven_shifts_project.stg_locations: /* {"app": "dbt", "dbt_version": "1.10.22", "profile_name": "seven_shifts_project", "target_name": "dev", "node_id": "model.seven_shifts_project.stg_locations"} */

    
    create view main."stg_locations" as
    SELECT * FROM main."locations";
[0m17:42:51.023854 [debug] [Thread-1  ]: SQL status: OK in 0.000 seconds
[0m17:42:51.024578 [debug] [Thread-1  ]: On model.seven_shifts_project.stg_locations: COMMIT
[0m17:42:51.026568 [debug] [Thread-1  ]: Using sqlite connection "model.seven_shifts_project.stg_locations"
[0m17:42:51.027164 [debug] [Thread-1  ]: On model.seven_shifts_project.stg_locations: COMMIT
[0m17:42:51.031785 [debug] [Thread-1  ]: SQL status: OK in 0.004 seconds
[0m17:42:51.032694 [debug] [Thread-1  ]: On model.seven_shifts_project.stg_locations: Close
[0m17:42:51.033287 [debug] [Thread-1  ]: Sending event: {'category': 'dbt', 'action': 'run_model', 'label': '729213ae-50a6-4ab2-8037-645fd7fb736c', 'context': [<snowplow_tracker.self_describing_json.SelfDescribingJson object at 0x106c5ce20>]}
[0m17:42:51.034794 [info ] [Thread-1  ]: 3 of 4 OK created sql view model main.stg_locations ............................ [[32mOK[0m in 0.06s]
[0m17:42:51.035224 [debug] [Thread-1  ]: Finished running node model.seven_shifts_project.stg_locations
[0m17:42:51.035680 [debug] [Thread-1  ]: Began running node model.seven_shifts_project.fct_vendor_signals
[0m17:42:51.036037 [info ] [Thread-1  ]: 4 of 4 START sql view model main.fct_vendor_signals ............................ [RUN]
[0m17:42:51.036334 [debug] [Thread-1  ]: Re-using an available connection from the pool (formerly model.seven_shifts_project.stg_locations, now model.seven_shifts_project.fct_vendor_signals)
[0m17:42:51.036564 [debug] [Thread-1  ]: Began compiling node model.seven_shifts_project.fct_vendor_signals
[0m17:42:51.040056 [debug] [Thread-1  ]: Writing injected SQL for node "model.seven_shifts_project.fct_vendor_signals"
[0m17:42:51.040525 [debug] [Thread-1  ]: Began executing node model.seven_shifts_project.fct_vendor_signals
[0m17:42:51.044143 [debug] [Thread-1  ]: Using sqlite connection "model.seven_shifts_project.fct_vendor_signals"
[0m17:42:51.044384 [debug] [Thread-1  ]: On model.seven_shifts_project.fct_vendor_signals: /* {"app": "dbt", "dbt_version": "1.10.22", "profile_name": "seven_shifts_project", "target_name": "dev", "node_id": "model.seven_shifts_project.fct_vendor_signals"} */
drop view if exists "main"."fct_vendor_signals"
[0m17:42:51.044600 [debug] [Thread-1  ]: Opening a new connection, currently in state closed
[0m17:42:51.045357 [debug] [Thread-1  ]: SQL status: OK in 0.001 seconds
[0m17:42:51.046109 [debug] [Thread-1  ]: Writing runtime sql for node "model.seven_shifts_project.fct_vendor_signals"
[0m17:42:51.046729 [debug] [Thread-1  ]: Using sqlite connection "model.seven_shifts_project.fct_vendor_signals"
[0m17:42:51.046944 [debug] [Thread-1  ]: On model.seven_shifts_project.fct_vendor_signals: BEGIN
[0m17:42:51.047148 [debug] [Thread-1  ]: SQL status: OK in 0.000 seconds
[0m17:42:51.047336 [debug] [Thread-1  ]: Using sqlite connection "model.seven_shifts_project.fct_vendor_signals"
[0m17:42:51.047605 [debug] [Thread-1  ]: On model.seven_shifts_project.fct_vendor_signals: /* {"app": "dbt", "dbt_version": "1.10.22", "profile_name": "seven_shifts_project", "target_name": "dev", "node_id": "model.seven_shifts_project.fct_vendor_signals"} */

    
    create view main."fct_vendor_signals" as
    WITH crm AS (
    SELECT 
        company_id,
        company_name,
        LOWER(REPLACE(REPLACE(domain, 'www.', ''), 'https://', '')) AS clean_domain,
        plan_name AS crm_plan,
        locations_in_7shifts AS crm_location_count
    FROM main."stg_crm_accounts"
),

vendor_signals AS (
    SELECT 
        c.account_id AS vendor_id,
        c.company_name AS vendor_name,
        LOWER(REPLACE(REPLACE(c.website, 'www.', ''), 'https://', '')) AS clean_domain,
        c.num_locations AS global_location_count,
        c.pos_vendor AS vendor_pos,
        SUM(CASE WHEN l.city IN ('New York', 'Brooklyn', 'Queens', 'Bronx', 'Staten Island') THEN 1 ELSE 0 END) AS total_nyc_locations,
        ROUND(AVG(CASE WHEN l.city IN ('New York', 'Brooklyn', 'Queens', 'Bronx', 'Staten Island') THEN l.review_rating ELSE NULL END), 1) AS avg_nyc_rating,
        GROUP_CONCAT(DISTINCT LOWER(l.cuisine_type)) AS cuisines
    FROM main."stg_companies" c
    LEFT JOIN main."stg_locations" l ON c.account_id = l.account_id
    GROUP BY 1, 2, 3, 4, 5
),

master_join AS (
    -- Execute the Outer Merge previously handled by Pandas
    SELECT 
        COALESCE(c.clean_domain, v.clean_domain) AS primary_domain,
        c.company_id,
        c.company_name AS crm_name,
        c.crm_plan,
        c.crm_location_count,
        v.vendor_id,
        v.vendor_name,
        v.global_location_count,
        v.total_nyc_locations,
        v.avg_nyc_rating,
        v.vendor_pos,
        v.cuisines,
        -- Programmatic calculation of physical whitespace for upselling
        (COALESCE(v.global_location_count, 0) - COALESCE(c.crm_location_count, 0)) AS location_whitespace
    FROM crm c
    FULL OUTER JOIN vendor_signals v 
        ON c.clean_domain = v.clean_domain
),

filtered_and_segmented AS (
    SELECT 
        *,
        CASE 
            -- Bucket 1: Credible Partners
            WHEN company_id IS NOT NULL 
                 AND total_nyc_locations >= 3 
                 AND avg_nyc_rating >= 4.0 
            THEN 'CREDIBLE_PARTNER'
            
            -- Bucket 2: Expansion Opportunity (Math-driven Upsell Logic)
            WHEN company_id IS NOT NULL 
                 AND (location_whitespace >= 2 OR crm_plan IN ('Basic', 'Free', 'Starter'))
            THEN 'EXPANSION_OPPORTUNITY'
            
            -- Bucket 3: Net-New Market Target
            WHEN company_id IS NULL 
                 AND total_nyc_locations >= 1 
            THEN 'NET_NEW_TARGET'
            
            ELSE 'UNCLASSIFIED'
        END AS gtm_segment
    FROM master_join
    WHERE 
        -- Firmographic Boundary
        (global_location_count <= 50 OR global_location_count IS NULL)
        
        -- Keyword Boundary
        AND (cuisines NOT LIKE '%pharmacy%' 
             AND cuisines NOT LIKE '%cvs%' 
             AND cuisines NOT LIKE '%apparel%'
             AND cuisines NOT LIKE '%convenience%'
             AND cuisines NOT LIKE '%grocery%'
             AND cuisines NOT LIKE '%supermarket%'
             AND cuisines NOT LIKE '%department store%')
)

SELECT * FROM filtered_and_segmented
WHERE gtm_segment != 'UNCLASSIFIED';
[0m17:42:51.048219 [debug] [Thread-1  ]: SQL status: OK in 0.000 seconds
[0m17:42:51.048881 [debug] [Thread-1  ]: On model.seven_shifts_project.fct_vendor_signals: COMMIT
[0m17:42:51.049095 [debug] [Thread-1  ]: Using sqlite connection "model.seven_shifts_project.fct_vendor_signals"
[0m17:42:51.049530 [debug] [Thread-1  ]: On model.seven_shifts_project.fct_vendor_signals: COMMIT
[0m17:42:51.050067 [debug] [Thread-1  ]: SQL status: OK in 0.000 seconds
[0m17:42:51.050449 [debug] [Thread-1  ]: On model.seven_shifts_project.fct_vendor_signals: Close
[0m17:42:51.050827 [debug] [Thread-1  ]: Sending event: {'category': 'dbt', 'action': 'run_model', 'label': '729213ae-50a6-4ab2-8037-645fd7fb736c', 'context': [<snowplow_tracker.self_describing_json.SelfDescribingJson object at 0x1077c7af0>]}
[0m17:42:51.051179 [info ] [Thread-1  ]: 4 of 4 OK created sql view model main.fct_vendor_signals ....................... [[32mOK[0m in 0.01s]
[0m17:42:51.051500 [debug] [Thread-1  ]: Finished running node model.seven_shifts_project.fct_vendor_signals
[0m17:42:51.052028 [debug] [MainThread]: Using sqlite connection "master"
[0m17:42:51.052223 [debug] [MainThread]: On master: BEGIN
[0m17:42:51.052391 [debug] [MainThread]: Opening a new connection, currently in state closed
[0m17:42:51.052670 [debug] [MainThread]: SQL status: OK in 0.000 seconds
[0m17:42:51.052834 [debug] [MainThread]: On master: COMMIT
[0m17:42:51.052995 [debug] [MainThread]: Using sqlite connection "master"
[0m17:42:51.053155 [debug] [MainThread]: On master: COMMIT
[0m17:42:51.053317 [debug] [MainThread]: SQL status: OK in 0.000 seconds
[0m17:42:51.053478 [debug] [MainThread]: On master: Close
[0m17:42:51.053685 [debug] [MainThread]: Connection 'master' was properly closed.
[0m17:42:51.053841 [debug] [MainThread]: Connection 'model.seven_shifts_project.fct_vendor_signals' was properly closed.
[0m17:42:51.054039 [info ] [MainThread]: 
[0m17:42:51.054234 [info ] [MainThread]: Finished running 4 view models in 0 hours 0 minutes and 0.18 seconds (0.18s).
[0m17:42:51.054812 [debug] [MainThread]: Command end result
[0m17:42:51.067604 [debug] [MainThread]: Wrote artifact WritableManifest to /Users/nicholaschong/Projects/7shifts_summit_project/seven_shifts_project/target/manifest.json
[0m17:42:51.068574 [debug] [MainThread]: Wrote artifact SemanticManifest to /Users/nicholaschong/Projects/7shifts_summit_project/seven_shifts_project/target/semantic_manifest.json
[0m17:42:51.072549 [debug] [MainThread]: Wrote artifact RunExecutionResult to /Users/nicholaschong/Projects/7shifts_summit_project/seven_shifts_project/target/run_results.json
[0m17:42:51.072747 [info ] [MainThread]: 
[0m17:42:51.073027 [info ] [MainThread]: [32mCompleted successfully[0m
[0m17:42:51.073241 [info ] [MainThread]: 
[0m17:42:51.073493 [info ] [MainThread]: Done. PASS=4 WARN=0 ERROR=0 SKIP=0 NO-OP=0 TOTAL=4
[0m17:42:51.075172 [debug] [MainThread]: Resource report: {"command_name": "run", "command_success": true, "command_wall_clock_time": 0.7608322, "process_in_blocks": "0", "process_kernel_time": 0.163299, "process_mem_max_rss": "121274368", "process_out_blocks": "0", "process_user_time": 1.318764}
[0m17:42:51.075432 [debug] [MainThread]: Command `dbt run` succeeded at 17:42:51.075387 after 0.76 seconds
[0m17:42:51.075649 [debug] [MainThread]: Sending event: {'category': 'dbt', 'action': 'invocation', 'label': 'end', 'context': [<snowplow_tracker.self_describing_json.SelfDescribingJson object at 0x104eced60>, <snowplow_tracker.self_describing_json.SelfDescribingJson object at 0x105179760>, <snowplow_tracker.self_describing_json.SelfDescribingJson object at 0x103314af0>]}
[0m17:42:51.075872 [debug] [MainThread]: Flushing usage events
[0m17:42:51.192718 [debug] [MainThread]: An error was encountered while trying to flush usage events
[0m17:48:19.930812 [debug] [MainThread]: Sending event: {'category': 'dbt', 'action': 'invocation', 'label': 'start', 'context': [<snowplow_tracker.self_describing_json.SelfDescribingJson object at 0x103509e50>, <snowplow_tracker.self_describing_json.SelfDescribingJson object at 0x10459a190>, <snowplow_tracker.self_describing_json.SelfDescribingJson object at 0x10459a490>]}


============================== 17:48:19.933580 | c596d1d8-fc75-4dbd-9ad8-4fbc700e1bb3 ==============================
[0m17:48:19.933580 [info ] [MainThread]: Running with dbt=1.10.22
[0m17:48:19.933940 [debug] [MainThread]: running dbt with arguments {'printer_width': '80', 'indirect_selection': 'eager', 'log_cache_events': 'False', 'write_json': 'True', 'partial_parse': 'True', 'cache_selected_only': 'False', 'warn_error': 'None', 'fail_fast': 'False', 'version_check': 'True', 'log_path': '/Users/nicholaschong/Projects/7shifts_summit_project/seven_shifts_project/logs', 'profiles_dir': '/Users/nicholaschong/.dbt', 'debug': 'False', 'use_colors': 'True', 'use_experimental_parser': 'False', 'no_print': 'None', 'quiet': 'False', 'empty': 'False', 'warn_error_options': 'WarnErrorOptionsV2(error=[], warn=[], silence=[])', 'introspect': 'True', 'log_format': 'default', 'static_parser': 'True', 'target_path': 'None', 'invocation_command': 'dbt run', 'send_anonymous_usage_stats': 'True'}
[0m17:48:20.021538 [debug] [MainThread]: Sending event: {'category': 'dbt', 'action': 'project_id', 'label': 'c596d1d8-fc75-4dbd-9ad8-4fbc700e1bb3', 'context': [<snowplow_tracker.self_describing_json.SelfDescribingJson object at 0x10455baf0>]}
[0m17:48:20.055395 [debug] [MainThread]: Sending event: {'category': 'dbt', 'action': 'adapter_info', 'label': 'c596d1d8-fc75-4dbd-9ad8-4fbc700e1bb3', 'context': [<snowplow_tracker.self_describing_json.SelfDescribingJson object at 0x1045378e0>]}
[0m17:48:20.056094 [info ] [MainThread]: Registered adapter: sqlite=1.10.0
[0m17:48:20.130817 [debug] [MainThread]: checksum: 04c83ee057a648a2f8e380c895ffead170732fa039f068d62b9d36aaeefaf7cc, vars: {}, profile: , target: , version: 1.10.22
[0m17:48:20.213908 [debug] [MainThread]: Partial parsing enabled: 0 files deleted, 0 files added, 0 files changed.
[0m17:48:20.214165 [debug] [MainThread]: Partial parsing enabled, no changes found, skipping parsing
[0m17:48:20.238258 [debug] [MainThread]: Sending event: {'category': 'dbt', 'action': 'load_project', 'label': 'c596d1d8-fc75-4dbd-9ad8-4fbc700e1bb3', 'context': [<snowplow_tracker.self_describing_json.SelfDescribingJson object at 0x104b2e130>]}
[0m17:48:20.287917 [debug] [MainThread]: Wrote artifact WritableManifest to /Users/nicholaschong/Projects/7shifts_summit_project/seven_shifts_project/target/manifest.json
[0m17:48:20.289142 [debug] [MainThread]: Wrote artifact SemanticManifest to /Users/nicholaschong/Projects/7shifts_summit_project/seven_shifts_project/target/semantic_manifest.json
[0m17:48:20.300704 [debug] [MainThread]: Sending event: {'category': 'dbt', 'action': 'resource_counts', 'label': 'c596d1d8-fc75-4dbd-9ad8-4fbc700e1bb3', 'context': [<snowplow_tracker.self_describing_json.SelfDescribingJson object at 0x104a85ee0>]}
[0m17:48:20.301023 [info ] [MainThread]: Found 4 models, 3 sources, 416 macros
[0m17:48:20.301250 [debug] [MainThread]: Sending event: {'category': 'dbt', 'action': 'runnable_timing', 'label': 'c596d1d8-fc75-4dbd-9ad8-4fbc700e1bb3', 'context': [<snowplow_tracker.self_describing_json.SelfDescribingJson object at 0x104b75070>]}
[0m17:48:20.302068 [info ] [MainThread]: 
[0m17:48:20.302304 [info ] [MainThread]: Concurrency: 1 threads (target='dev')
[0m17:48:20.302493 [info ] [MainThread]: 
[0m17:48:20.302785 [debug] [MainThread]: Acquiring new sqlite connection 'master'
[0m17:48:20.306077 [debug] [ThreadPool]: Acquiring new sqlite connection 'list_main'
[0m17:48:20.401689 [debug] [ThreadPool]: Using sqlite connection "list_main"
[0m17:48:20.402861 [debug] [ThreadPool]: On list_main: BEGIN
[0m17:48:20.403350 [debug] [ThreadPool]: Opening a new connection, currently in state init
[0m17:48:20.408209 [debug] [ThreadPool]: SQL status: OK in 0.005 seconds
[0m17:48:20.408759 [debug] [ThreadPool]: Using sqlite connection "list_main"
[0m17:48:20.409010 [debug] [ThreadPool]: On list_main: /* {"app": "dbt", "dbt_version": "1.10.22", "profile_name": "seven_shifts_project", "target_name": "dev", "connection_name": "list_main"} */

        pragma database_list
    
[0m17:48:20.409237 [debug] [ThreadPool]: SQL status: OK in 0.000 seconds
[0m17:48:20.410012 [debug] [ThreadPool]: On list_main: ROLLBACK
[0m17:48:20.410279 [debug] [ThreadPool]: On list_main: Close
[0m17:48:20.411048 [debug] [ThreadPool]: Re-using an available connection from the pool (formerly list_main, now list_main_main)
[0m17:48:20.416023 [debug] [ThreadPool]: Using sqlite connection "list_main_main"
[0m17:48:20.416240 [debug] [ThreadPool]: On list_main_main: BEGIN
[0m17:48:20.416412 [debug] [ThreadPool]: Opening a new connection, currently in state closed
[0m17:48:20.416716 [debug] [ThreadPool]: SQL status: OK in 0.000 seconds
[0m17:48:20.416882 [debug] [ThreadPool]: Using sqlite connection "list_main_main"
[0m17:48:20.417053 [debug] [ThreadPool]: On list_main_main: /* {"app": "dbt", "dbt_version": "1.10.22", "profile_name": "seven_shifts_project", "target_name": "dev", "connection_name": "list_main_main"} */

        pragma database_list
    
[0m17:48:20.417231 [debug] [ThreadPool]: SQL status: OK in 0.000 seconds
[0m17:48:20.417913 [debug] [ThreadPool]: Using sqlite connection "list_main_main"
[0m17:48:20.418106 [debug] [ThreadPool]: On list_main_main: /* {"app": "dbt", "dbt_version": "1.10.22", "profile_name": "seven_shifts_project", "target_name": "dev", "connection_name": "list_main_main"} */

            SELECT
                'main' as database
                ,name
                ,'main' AS schema
                ,type as data_type
            FROM
                main.sqlite_master
            WHERE
                name NOT LIKE 'sqlite_%'
        
[0m17:48:20.418775 [debug] [ThreadPool]: SQL status: OK in 0.000 seconds
[0m17:48:20.419458 [debug] [ThreadPool]: On list_main_main: ROLLBACK
[0m17:48:20.419643 [debug] [ThreadPool]: On list_main_main: Close
[0m17:48:20.420690 [debug] [MainThread]: Sending event: {'category': 'dbt', 'action': 'runnable_timing', 'label': 'c596d1d8-fc75-4dbd-9ad8-4fbc700e1bb3', 'context': [<snowplow_tracker.self_describing_json.SelfDescribingJson object at 0x1045f43d0>]}
[0m17:48:20.420987 [debug] [MainThread]: Using sqlite connection "master"
[0m17:48:20.421162 [debug] [MainThread]: On master: BEGIN
[0m17:48:20.421323 [debug] [MainThread]: Opening a new connection, currently in state init
[0m17:48:20.421626 [debug] [MainThread]: SQL status: OK in 0.000 seconds
[0m17:48:20.421795 [debug] [MainThread]: On master: COMMIT
[0m17:48:20.421965 [debug] [MainThread]: Using sqlite connection "master"
[0m17:48:20.422141 [debug] [MainThread]: On master: COMMIT
[0m17:48:20.422318 [debug] [MainThread]: SQL status: OK in 0.000 seconds
[0m17:48:20.422482 [debug] [MainThread]: On master: Close
[0m17:48:20.423840 [debug] [Thread-1  ]: Began running node model.seven_shifts_project.stg_companies
[0m17:48:20.424133 [info ] [Thread-1  ]: 1 of 4 START sql view model main.stg_companies ................................. [RUN]
[0m17:48:20.424409 [debug] [Thread-1  ]: Re-using an available connection from the pool (formerly list_main_main, now model.seven_shifts_project.stg_companies)
[0m17:48:20.424634 [debug] [Thread-1  ]: Began compiling node model.seven_shifts_project.stg_companies
[0m17:48:20.430527 [debug] [Thread-1  ]: Writing injected SQL for node "model.seven_shifts_project.stg_companies"
[0m17:48:20.431340 [debug] [Thread-1  ]: Began executing node model.seven_shifts_project.stg_companies
[0m17:48:20.442893 [debug] [Thread-1  ]: Using sqlite connection "model.seven_shifts_project.stg_companies"
[0m17:48:20.443168 [debug] [Thread-1  ]: On model.seven_shifts_project.stg_companies: /* {"app": "dbt", "dbt_version": "1.10.22", "profile_name": "seven_shifts_project", "target_name": "dev", "node_id": "model.seven_shifts_project.stg_companies"} */
drop view if exists "main"."stg_companies"
[0m17:48:20.443392 [debug] [Thread-1  ]: Opening a new connection, currently in state closed
[0m17:48:20.444335 [debug] [Thread-1  ]: SQL status: OK in 0.001 seconds
[0m17:48:20.446814 [debug] [Thread-1  ]: Writing runtime sql for node "model.seven_shifts_project.stg_companies"
[0m17:48:20.447433 [debug] [Thread-1  ]: Using sqlite connection "model.seven_shifts_project.stg_companies"
[0m17:48:20.447652 [debug] [Thread-1  ]: On model.seven_shifts_project.stg_companies: BEGIN
[0m17:48:20.447859 [debug] [Thread-1  ]: SQL status: OK in 0.000 seconds
[0m17:48:20.448055 [debug] [Thread-1  ]: Using sqlite connection "model.seven_shifts_project.stg_companies"
[0m17:48:20.448254 [debug] [Thread-1  ]: On model.seven_shifts_project.stg_companies: /* {"app": "dbt", "dbt_version": "1.10.22", "profile_name": "seven_shifts_project", "target_name": "dev", "node_id": "model.seven_shifts_project.stg_companies"} */

    
    create view main."stg_companies" as
    SELECT * FROM main."companies";
[0m17:48:20.448631 [debug] [Thread-1  ]: SQL status: OK in 0.000 seconds
[0m17:48:20.451782 [debug] [Thread-1  ]: On model.seven_shifts_project.stg_companies: COMMIT
[0m17:48:20.452017 [debug] [Thread-1  ]: Using sqlite connection "model.seven_shifts_project.stg_companies"
[0m17:48:20.452224 [debug] [Thread-1  ]: On model.seven_shifts_project.stg_companies: COMMIT
[0m17:48:20.452646 [debug] [Thread-1  ]: SQL status: OK in 0.000 seconds
[0m17:48:20.454258 [debug] [Thread-1  ]: On model.seven_shifts_project.stg_companies: Close
[0m17:48:20.455531 [debug] [Thread-1  ]: Sending event: {'category': 'dbt', 'action': 'run_model', 'label': 'c596d1d8-fc75-4dbd-9ad8-4fbc700e1bb3', 'context': [<snowplow_tracker.self_describing_json.SelfDescribingJson object at 0x104fb18e0>]}
[0m17:48:20.455922 [info ] [Thread-1  ]: 1 of 4 OK created sql view model main.stg_companies ............................ [[32mOK[0m in 0.03s]
[0m17:48:20.456265 [debug] [Thread-1  ]: Finished running node model.seven_shifts_project.stg_companies
[0m17:48:20.456509 [debug] [Thread-1  ]: Began running node model.seven_shifts_project.stg_crm_accounts
[0m17:48:20.456820 [info ] [Thread-1  ]: 2 of 4 START sql view model main.stg_crm_accounts .............................. [RUN]
[0m17:48:20.457091 [debug] [Thread-1  ]: Re-using an available connection from the pool (formerly model.seven_shifts_project.stg_companies, now model.seven_shifts_project.stg_crm_accounts)
[0m17:48:20.457309 [debug] [Thread-1  ]: Began compiling node model.seven_shifts_project.stg_crm_accounts
[0m17:48:20.459040 [debug] [Thread-1  ]: Writing injected SQL for node "model.seven_shifts_project.stg_crm_accounts"
[0m17:48:20.459551 [debug] [Thread-1  ]: Began executing node model.seven_shifts_project.stg_crm_accounts
[0m17:48:20.462560 [debug] [Thread-1  ]: Using sqlite connection "model.seven_shifts_project.stg_crm_accounts"
[0m17:48:20.462799 [debug] [Thread-1  ]: On model.seven_shifts_project.stg_crm_accounts: /* {"app": "dbt", "dbt_version": "1.10.22", "profile_name": "seven_shifts_project", "target_name": "dev", "node_id": "model.seven_shifts_project.stg_crm_accounts"} */
drop view if exists "main"."stg_crm_accounts"
[0m17:48:20.462999 [debug] [Thread-1  ]: Opening a new connection, currently in state closed
[0m17:48:20.463803 [debug] [Thread-1  ]: SQL status: OK in 0.001 seconds
[0m17:48:20.464495 [debug] [Thread-1  ]: Writing runtime sql for node "model.seven_shifts_project.stg_crm_accounts"
[0m17:48:20.464984 [debug] [Thread-1  ]: Using sqlite connection "model.seven_shifts_project.stg_crm_accounts"
[0m17:48:20.465208 [debug] [Thread-1  ]: On model.seven_shifts_project.stg_crm_accounts: BEGIN
[0m17:48:20.465413 [debug] [Thread-1  ]: SQL status: OK in 0.000 seconds
[0m17:48:20.465608 [debug] [Thread-1  ]: Using sqlite connection "model.seven_shifts_project.stg_crm_accounts"
[0m17:48:20.465802 [debug] [Thread-1  ]: On model.seven_shifts_project.stg_crm_accounts: /* {"app": "dbt", "dbt_version": "1.10.22", "profile_name": "seven_shifts_project", "target_name": "dev", "node_id": "model.seven_shifts_project.stg_crm_accounts"} */

    
    create view main."stg_crm_accounts" as
    SELECT * FROM main."crm_accounts";
[0m17:48:20.466159 [debug] [Thread-1  ]: SQL status: OK in 0.000 seconds
[0m17:48:20.466786 [debug] [Thread-1  ]: On model.seven_shifts_project.stg_crm_accounts: COMMIT
[0m17:48:20.467004 [debug] [Thread-1  ]: Using sqlite connection "model.seven_shifts_project.stg_crm_accounts"
[0m17:48:20.467197 [debug] [Thread-1  ]: On model.seven_shifts_project.stg_crm_accounts: COMMIT
[0m17:48:20.467581 [debug] [Thread-1  ]: SQL status: OK in 0.000 seconds
[0m17:48:20.467966 [debug] [Thread-1  ]: On model.seven_shifts_project.stg_crm_accounts: Close
[0m17:48:20.468325 [debug] [Thread-1  ]: Sending event: {'category': 'dbt', 'action': 'run_model', 'label': 'c596d1d8-fc75-4dbd-9ad8-4fbc700e1bb3', 'context': [<snowplow_tracker.self_describing_json.SelfDescribingJson object at 0x102f97430>]}
[0m17:48:20.468677 [info ] [Thread-1  ]: 2 of 4 OK created sql view model main.stg_crm_accounts ......................... [[32mOK[0m in 0.01s]
[0m17:48:20.469000 [debug] [Thread-1  ]: Finished running node model.seven_shifts_project.stg_crm_accounts
[0m17:48:20.469236 [debug] [Thread-1  ]: Began running node model.seven_shifts_project.stg_locations
[0m17:48:20.469523 [info ] [Thread-1  ]: 3 of 4 START sql view model main.stg_locations ................................. [RUN]
[0m17:48:20.469778 [debug] [Thread-1  ]: Re-using an available connection from the pool (formerly model.seven_shifts_project.stg_crm_accounts, now model.seven_shifts_project.stg_locations)
[0m17:48:20.469995 [debug] [Thread-1  ]: Began compiling node model.seven_shifts_project.stg_locations
[0m17:48:20.471844 [debug] [Thread-1  ]: Writing injected SQL for node "model.seven_shifts_project.stg_locations"
[0m17:48:20.472365 [debug] [Thread-1  ]: Began executing node model.seven_shifts_project.stg_locations
[0m17:48:20.475309 [debug] [Thread-1  ]: Using sqlite connection "model.seven_shifts_project.stg_locations"
[0m17:48:20.475528 [debug] [Thread-1  ]: On model.seven_shifts_project.stg_locations: /* {"app": "dbt", "dbt_version": "1.10.22", "profile_name": "seven_shifts_project", "target_name": "dev", "node_id": "model.seven_shifts_project.stg_locations"} */
drop view if exists "main"."stg_locations"
[0m17:48:20.475742 [debug] [Thread-1  ]: Opening a new connection, currently in state closed
[0m17:48:20.476630 [debug] [Thread-1  ]: SQL status: OK in 0.001 seconds
[0m17:48:20.477351 [debug] [Thread-1  ]: Writing runtime sql for node "model.seven_shifts_project.stg_locations"
[0m17:48:20.477856 [debug] [Thread-1  ]: Using sqlite connection "model.seven_shifts_project.stg_locations"
[0m17:48:20.478074 [debug] [Thread-1  ]: On model.seven_shifts_project.stg_locations: BEGIN
[0m17:48:20.478274 [debug] [Thread-1  ]: SQL status: OK in 0.000 seconds
[0m17:48:20.478462 [debug] [Thread-1  ]: Using sqlite connection "model.seven_shifts_project.stg_locations"
[0m17:48:20.478656 [debug] [Thread-1  ]: On model.seven_shifts_project.stg_locations: /* {"app": "dbt", "dbt_version": "1.10.22", "profile_name": "seven_shifts_project", "target_name": "dev", "node_id": "model.seven_shifts_project.stg_locations"} */

    
    create view main."stg_locations" as
    SELECT * FROM main."locations";
[0m17:48:20.479002 [debug] [Thread-1  ]: SQL status: OK in 0.000 seconds
[0m17:48:20.479625 [debug] [Thread-1  ]: On model.seven_shifts_project.stg_locations: COMMIT
[0m17:48:20.479829 [debug] [Thread-1  ]: Using sqlite connection "model.seven_shifts_project.stg_locations"
[0m17:48:20.480017 [debug] [Thread-1  ]: On model.seven_shifts_project.stg_locations: COMMIT
[0m17:48:20.480398 [debug] [Thread-1  ]: SQL status: OK in 0.000 seconds
[0m17:48:20.480781 [debug] [Thread-1  ]: On model.seven_shifts_project.stg_locations: Close
[0m17:48:20.481122 [debug] [Thread-1  ]: Sending event: {'category': 'dbt', 'action': 'run_model', 'label': 'c596d1d8-fc75-4dbd-9ad8-4fbc700e1bb3', 'context': [<snowplow_tracker.self_describing_json.SelfDescribingJson object at 0x1046ed700>]}
[0m17:48:20.481522 [info ] [Thread-1  ]: 3 of 4 OK created sql view model main.stg_locations ............................ [[32mOK[0m in 0.01s]
[0m17:48:20.481848 [debug] [Thread-1  ]: Finished running node model.seven_shifts_project.stg_locations
[0m17:48:20.482281 [debug] [Thread-1  ]: Began running node model.seven_shifts_project.fct_vendor_signals
[0m17:48:20.482632 [info ] [Thread-1  ]: 4 of 4 START sql view model main.fct_vendor_signals ............................ [RUN]
[0m17:48:20.482930 [debug] [Thread-1  ]: Re-using an available connection from the pool (formerly model.seven_shifts_project.stg_locations, now model.seven_shifts_project.fct_vendor_signals)
[0m17:48:20.483167 [debug] [Thread-1  ]: Began compiling node model.seven_shifts_project.fct_vendor_signals
[0m17:48:20.487145 [debug] [Thread-1  ]: Writing injected SQL for node "model.seven_shifts_project.fct_vendor_signals"
[0m17:48:20.487526 [debug] [Thread-1  ]: Began executing node model.seven_shifts_project.fct_vendor_signals
[0m17:48:20.490499 [debug] [Thread-1  ]: Using sqlite connection "model.seven_shifts_project.fct_vendor_signals"
[0m17:48:20.490726 [debug] [Thread-1  ]: On model.seven_shifts_project.fct_vendor_signals: /* {"app": "dbt", "dbt_version": "1.10.22", "profile_name": "seven_shifts_project", "target_name": "dev", "node_id": "model.seven_shifts_project.fct_vendor_signals"} */
drop view if exists "main"."fct_vendor_signals"
[0m17:48:20.490926 [debug] [Thread-1  ]: Opening a new connection, currently in state closed
[0m17:48:20.491893 [debug] [Thread-1  ]: SQL status: OK in 0.001 seconds
[0m17:48:20.492611 [debug] [Thread-1  ]: Writing runtime sql for node "model.seven_shifts_project.fct_vendor_signals"
[0m17:48:20.493132 [debug] [Thread-1  ]: Using sqlite connection "model.seven_shifts_project.fct_vendor_signals"
[0m17:48:20.493377 [debug] [Thread-1  ]: On model.seven_shifts_project.fct_vendor_signals: BEGIN
[0m17:48:20.493599 [debug] [Thread-1  ]: SQL status: OK in 0.000 seconds
[0m17:48:20.493796 [debug] [Thread-1  ]: Using sqlite connection "model.seven_shifts_project.fct_vendor_signals"
[0m17:48:20.494081 [debug] [Thread-1  ]: On model.seven_shifts_project.fct_vendor_signals: /* {"app": "dbt", "dbt_version": "1.10.22", "profile_name": "seven_shifts_project", "target_name": "dev", "node_id": "model.seven_shifts_project.fct_vendor_signals"} */

    
    create view main."fct_vendor_signals" as
    WITH crm AS (
    SELECT 
        company_id,
        company_name,
        LOWER(REPLACE(REPLACE(domain, 'www.', ''), 'https://', '')) AS clean_domain,
        plan_name AS crm_plan,
        locations_in_7shifts AS crm_location_count
    FROM main."stg_crm_accounts"
),

vendor_signals AS (
    SELECT 
        c.account_id AS vendor_id,
        c.company_name AS vendor_name,
        LOWER(REPLACE(REPLACE(c.website, 'www.', ''), 'https://', '')) AS clean_domain,
        c.num_locations AS global_location_count,
        c.pos_vendor AS vendor_pos,
        SUM(CASE WHEN l.city IN ('New York', 'Brooklyn', 'Queens', 'Bronx', 'Staten Island') THEN 1 ELSE 0 END) AS total_nyc_locations,
        ROUND(AVG(CASE WHEN l.city IN ('New York', 'Brooklyn', 'Queens', 'Bronx', 'Staten Island') THEN l.review_rating ELSE NULL END), 1) AS avg_nyc_rating,
        GROUP_CONCAT(DISTINCT LOWER(l.cuisine_type)) AS cuisines
    FROM main."stg_companies" c
    LEFT JOIN main."stg_locations" l ON c.account_id = l.account_id
    GROUP BY 1, 2, 3, 4, 5
),

master_join AS (
    -- Execute the Outer Merge previously handled by Pandas
    SELECT 
        COALESCE(c.clean_domain, v.clean_domain) AS primary_domain,
        c.company_id,
        c.company_name AS crm_name,
        c.crm_plan,
        c.crm_location_count,
        v.vendor_id,
        v.vendor_name,
        v.global_location_count,
        v.total_nyc_locations,
        v.avg_nyc_rating,
        v.vendor_pos,
        v.cuisines,
        -- Programmatic calculation of physical whitespace for upselling
        (COALESCE(v.global_location_count, 0) - COALESCE(c.crm_location_count, 0)) AS location_whitespace
    FROM crm c
    FULL OUTER JOIN vendor_signals v 
        ON c.clean_domain = v.clean_domain
),

filtered_and_segmented AS (
    SELECT 
        *,
        CASE 
            -- Bucket 1: Credible Partners
            WHEN company_id IS NOT NULL 
                 AND total_nyc_locations >= 3 
                 AND avg_nyc_rating >= 4.0 
            THEN 'CREDIBLE_PARTNER'
            
            -- Bucket 2: Expansion Opportunity (Math-driven Upsell Logic)
            WHEN company_id IS NOT NULL 
                 AND (location_whitespace >= 2 OR crm_plan IN ('Basic', 'Free', 'Starter'))
            THEN 'EXPANSION_OPPORTUNITY'
            
            -- Bucket 3: Net-New Market Target
            WHEN company_id IS NULL 
                 AND total_nyc_locations >= 1 
            THEN 'NET_NEW_TARGET'
            
            ELSE 'UNCLASSIFIED'
        END AS gtm_segment
    FROM master_join
    WHERE 
        -- Firmographic Boundary
        (global_location_count <= 50 OR global_location_count IS NULL)
        
        -- Keyword Boundary
        AND (cuisines NOT LIKE '%pharmacy%' 
             AND cuisines NOT LIKE '%cvs%' 
             AND cuisines NOT LIKE '%apparel%'
             AND cuisines NOT LIKE '%convenience%'
             AND cuisines NOT LIKE '%grocery%'
             AND cuisines NOT LIKE '%supermarket%'
             AND cuisines NOT LIKE '%department store%')
)

SELECT * FROM filtered_and_segmented
WHERE gtm_segment != 'UNCLASSIFIED';
[0m17:48:20.494721 [debug] [Thread-1  ]: SQL status: OK in 0.000 seconds
[0m17:48:20.495370 [debug] [Thread-1  ]: On model.seven_shifts_project.fct_vendor_signals: COMMIT
[0m17:48:20.495592 [debug] [Thread-1  ]: Using sqlite connection "model.seven_shifts_project.fct_vendor_signals"
[0m17:48:20.495787 [debug] [Thread-1  ]: On model.seven_shifts_project.fct_vendor_signals: COMMIT
[0m17:48:20.496207 [debug] [Thread-1  ]: SQL status: OK in 0.000 seconds
[0m17:48:20.496598 [debug] [Thread-1  ]: On model.seven_shifts_project.fct_vendor_signals: Close
[0m17:48:20.496942 [debug] [Thread-1  ]: Sending event: {'category': 'dbt', 'action': 'run_model', 'label': 'c596d1d8-fc75-4dbd-9ad8-4fbc700e1bb3', 'context': [<snowplow_tracker.self_describing_json.SelfDescribingJson object at 0x104a80eb0>]}
[0m17:48:20.497276 [info ] [Thread-1  ]: 4 of 4 OK created sql view model main.fct_vendor_signals ....................... [[32mOK[0m in 0.01s]
[0m17:48:20.497602 [debug] [Thread-1  ]: Finished running node model.seven_shifts_project.fct_vendor_signals
[0m17:48:20.498158 [debug] [MainThread]: Using sqlite connection "master"
[0m17:48:20.498354 [debug] [MainThread]: On master: BEGIN
[0m17:48:20.498517 [debug] [MainThread]: Opening a new connection, currently in state closed
[0m17:48:20.498834 [debug] [MainThread]: SQL status: OK in 0.000 seconds
[0m17:48:20.499018 [debug] [MainThread]: On master: COMMIT
[0m17:48:20.499208 [debug] [MainThread]: Using sqlite connection "master"
[0m17:48:20.499367 [debug] [MainThread]: On master: COMMIT
[0m17:48:20.499530 [debug] [MainThread]: SQL status: OK in 0.000 seconds
[0m17:48:20.499699 [debug] [MainThread]: On master: Close
[0m17:48:20.499919 [debug] [MainThread]: Connection 'master' was properly closed.
[0m17:48:20.500090 [debug] [MainThread]: Connection 'model.seven_shifts_project.fct_vendor_signals' was properly closed.
[0m17:48:20.500316 [info ] [MainThread]: 
[0m17:48:20.500516 [info ] [MainThread]: Finished running 4 view models in 0 hours 0 minutes and 0.20 seconds (0.20s).
[0m17:48:20.501099 [debug] [MainThread]: Command end result
[0m17:48:20.514024 [debug] [MainThread]: Wrote artifact WritableManifest to /Users/nicholaschong/Projects/7shifts_summit_project/seven_shifts_project/target/manifest.json
[0m17:48:20.514980 [debug] [MainThread]: Wrote artifact SemanticManifest to /Users/nicholaschong/Projects/7shifts_summit_project/seven_shifts_project/target/semantic_manifest.json
[0m17:48:20.519157 [debug] [MainThread]: Wrote artifact RunExecutionResult to /Users/nicholaschong/Projects/7shifts_summit_project/seven_shifts_project/target/run_results.json
[0m17:48:20.519362 [info ] [MainThread]: 
[0m17:48:20.519607 [info ] [MainThread]: [32mCompleted successfully[0m
[0m17:48:20.519814 [info ] [MainThread]: 
[0m17:48:20.520021 [info ] [MainThread]: Done. PASS=4 WARN=0 ERROR=0 SKIP=0 NO-OP=0 TOTAL=4
[0m17:48:20.521931 [debug] [MainThread]: Resource report: {"command_name": "run", "command_success": true, "command_wall_clock_time": 0.6348382, "process_in_blocks": "0", "process_kernel_time": 0.17009, "process_mem_max_rss": "118587392", "process_out_blocks": "0", "process_user_time": 1.207571}
[0m17:48:20.522200 [debug] [MainThread]: Command `dbt run` succeeded at 17:48:20.522148 after 0.64 seconds
[0m17:48:20.522438 [debug] [MainThread]: Sending event: {'category': 'dbt', 'action': 'invocation', 'label': 'end', 'context': [<snowplow_tracker.self_describing_json.SelfDescribingJson object at 0x103509e50>, <snowplow_tracker.self_describing_json.SelfDescribingJson object at 0x104553f10>, <snowplow_tracker.self_describing_json.SelfDescribingJson object at 0x10455ba00>]}
[0m17:48:20.522668 [debug] [MainThread]: Flushing usage events
[0m17:48:20.797443 [debug] [MainThread]: An error was encountered while trying to flush usage events
[0m17:55:13.074041 [debug] [MainThread]: Sending event: {'category': 'dbt', 'action': 'invocation', 'label': 'start', 'context': [<snowplow_tracker.self_describing_json.SelfDescribingJson object at 0x114eced90>, <snowplow_tracker.self_describing_json.SelfDescribingJson object at 0x11698a1f0>, <snowplow_tracker.self_describing_json.SelfDescribingJson object at 0x11698a4f0>]}


============================== 17:55:13.076816 | 9787840a-9748-4aa5-abed-38a51818595b ==============================
[0m17:55:13.076816 [info ] [MainThread]: Running with dbt=1.10.22
[0m17:55:13.077190 [debug] [MainThread]: running dbt with arguments {'printer_width': '80', 'indirect_selection': 'eager', 'write_json': 'True', 'log_cache_events': 'False', 'partial_parse': 'True', 'cache_selected_only': 'False', 'warn_error': 'None', 'debug': 'False', 'version_check': 'True', 'log_path': '/Users/nicholaschong/Projects/7shifts_summit_project/seven_shifts_project/logs', 'fail_fast': 'False', 'profiles_dir': '/Users/nicholaschong/.dbt', 'use_colors': 'True', 'use_experimental_parser': 'False', 'no_print': 'None', 'quiet': 'False', 'empty': 'False', 'log_format': 'default', 'static_parser': 'True', 'invocation_command': 'dbt run', 'introspect': 'True', 'target_path': 'None', 'warn_error_options': 'WarnErrorOptionsV2(error=[], warn=[], silence=[])', 'send_anonymous_usage_stats': 'True'}
[0m17:55:13.164351 [debug] [MainThread]: Sending event: {'category': 'dbt', 'action': 'project_id', 'label': '9787840a-9748-4aa5-abed-38a51818595b', 'context': [<snowplow_tracker.self_describing_json.SelfDescribingJson object at 0x1169e5040>]}
[0m17:55:13.198445 [debug] [MainThread]: Sending event: {'category': 'dbt', 'action': 'adapter_info', 'label': '9787840a-9748-4aa5-abed-38a51818595b', 'context': [<snowplow_tracker.self_describing_json.SelfDescribingJson object at 0x1169e5580>]}
[0m17:55:13.199078 [info ] [MainThread]: Registered adapter: sqlite=1.10.0
[0m17:55:13.272251 [debug] [MainThread]: checksum: 04c83ee057a648a2f8e380c895ffead170732fa039f068d62b9d36aaeefaf7cc, vars: {}, profile: , target: , version: 1.10.22
[0m17:55:13.357142 [debug] [MainThread]: Partial parsing enabled: 0 files deleted, 0 files added, 0 files changed.
[0m17:55:13.357408 [debug] [MainThread]: Partial parsing enabled, no changes found, skipping parsing
[0m17:55:13.381892 [debug] [MainThread]: Sending event: {'category': 'dbt', 'action': 'load_project', 'label': '9787840a-9748-4aa5-abed-38a51818595b', 'context': [<snowplow_tracker.self_describing_json.SelfDescribingJson object at 0x11781e130>]}
[0m17:55:13.431943 [debug] [MainThread]: Wrote artifact WritableManifest to /Users/nicholaschong/Projects/7shifts_summit_project/seven_shifts_project/target/manifest.json
[0m17:55:13.433153 [debug] [MainThread]: Wrote artifact SemanticManifest to /Users/nicholaschong/Projects/7shifts_summit_project/seven_shifts_project/target/semantic_manifest.json
[0m17:55:13.444625 [debug] [MainThread]: Sending event: {'category': 'dbt', 'action': 'resource_counts', 'label': '9787840a-9748-4aa5-abed-38a51818595b', 'context': [<snowplow_tracker.self_describing_json.SelfDescribingJson object at 0x116f966a0>]}
[0m17:55:13.444929 [info ] [MainThread]: Found 4 models, 3 sources, 416 macros
[0m17:55:13.445162 [debug] [MainThread]: Sending event: {'category': 'dbt', 'action': 'runnable_timing', 'label': '9787840a-9748-4aa5-abed-38a51818595b', 'context': [<snowplow_tracker.self_describing_json.SelfDescribingJson object at 0x11781e190>]}
[0m17:55:13.445974 [info ] [MainThread]: 
[0m17:55:13.446194 [info ] [MainThread]: Concurrency: 1 threads (target='dev')
[0m17:55:13.446392 [info ] [MainThread]: 
[0m17:55:13.446687 [debug] [MainThread]: Acquiring new sqlite connection 'master'
[0m17:55:13.449868 [debug] [ThreadPool]: Acquiring new sqlite connection 'list_main'
[0m17:55:13.509848 [debug] [ThreadPool]: Using sqlite connection "list_main"
[0m17:55:13.510144 [debug] [ThreadPool]: On list_main: BEGIN
[0m17:55:13.510347 [debug] [ThreadPool]: Opening a new connection, currently in state init
[0m17:55:13.512051 [debug] [ThreadPool]: SQL status: OK in 0.002 seconds
[0m17:55:13.512294 [debug] [ThreadPool]: Using sqlite connection "list_main"
[0m17:55:13.512484 [debug] [ThreadPool]: On list_main: /* {"app": "dbt", "dbt_version": "1.10.22", "profile_name": "seven_shifts_project", "target_name": "dev", "connection_name": "list_main"} */

        pragma database_list
    
[0m17:55:13.512675 [debug] [ThreadPool]: SQL status: OK in 0.000 seconds
[0m17:55:13.513372 [debug] [ThreadPool]: On list_main: ROLLBACK
[0m17:55:13.513591 [debug] [ThreadPool]: On list_main: Close
[0m17:55:13.514595 [debug] [ThreadPool]: Re-using an available connection from the pool (formerly list_main, now list_main_main)
[0m17:55:13.519523 [debug] [ThreadPool]: Using sqlite connection "list_main_main"
[0m17:55:13.519721 [debug] [ThreadPool]: On list_main_main: BEGIN
[0m17:55:13.519890 [debug] [ThreadPool]: Opening a new connection, currently in state closed
[0m17:55:13.520190 [debug] [ThreadPool]: SQL status: OK in 0.000 seconds
[0m17:55:13.520359 [debug] [ThreadPool]: Using sqlite connection "list_main_main"
[0m17:55:13.520530 [debug] [ThreadPool]: On list_main_main: /* {"app": "dbt", "dbt_version": "1.10.22", "profile_name": "seven_shifts_project", "target_name": "dev", "connection_name": "list_main_main"} */

        pragma database_list
    
[0m17:55:13.520708 [debug] [ThreadPool]: SQL status: OK in 0.000 seconds
[0m17:55:13.521387 [debug] [ThreadPool]: Using sqlite connection "list_main_main"
[0m17:55:13.521576 [debug] [ThreadPool]: On list_main_main: /* {"app": "dbt", "dbt_version": "1.10.22", "profile_name": "seven_shifts_project", "target_name": "dev", "connection_name": "list_main_main"} */

            SELECT
                'main' as database
                ,name
                ,'main' AS schema
                ,type as data_type
            FROM
                main.sqlite_master
            WHERE
                name NOT LIKE 'sqlite_%'
        
[0m17:55:13.521854 [debug] [ThreadPool]: SQL status: OK in 0.000 seconds
[0m17:55:13.522465 [debug] [ThreadPool]: On list_main_main: ROLLBACK
[0m17:55:13.522648 [debug] [ThreadPool]: On list_main_main: Close
[0m17:55:13.523221 [debug] [MainThread]: Sending event: {'category': 'dbt', 'action': 'runnable_timing', 'label': '9787840a-9748-4aa5-abed-38a51818595b', 'context': [<snowplow_tracker.self_describing_json.SelfDescribingJson object at 0x116b6ca60>]}
[0m17:55:13.523495 [debug] [MainThread]: Using sqlite connection "master"
[0m17:55:13.523667 [debug] [MainThread]: On master: BEGIN
[0m17:55:13.523829 [debug] [MainThread]: Opening a new connection, currently in state init
[0m17:55:13.524092 [debug] [MainThread]: SQL status: OK in 0.000 seconds
[0m17:55:13.524262 [debug] [MainThread]: On master: COMMIT
[0m17:55:13.524431 [debug] [MainThread]: Using sqlite connection "master"
[0m17:55:13.524594 [debug] [MainThread]: On master: COMMIT
[0m17:55:13.524761 [debug] [MainThread]: SQL status: OK in 0.000 seconds
[0m17:55:13.524927 [debug] [MainThread]: On master: Close
[0m17:55:13.526238 [debug] [Thread-1  ]: Began running node model.seven_shifts_project.stg_companies
[0m17:55:13.526593 [info ] [Thread-1  ]: 1 of 4 START sql view model main.stg_companies ................................. [RUN]
[0m17:55:13.526880 [debug] [Thread-1  ]: Re-using an available connection from the pool (formerly list_main_main, now model.seven_shifts_project.stg_companies)
[0m17:55:13.527095 [debug] [Thread-1  ]: Began compiling node model.seven_shifts_project.stg_companies
[0m17:55:13.533161 [debug] [Thread-1  ]: Writing injected SQL for node "model.seven_shifts_project.stg_companies"
[0m17:55:13.533867 [debug] [Thread-1  ]: Began executing node model.seven_shifts_project.stg_companies
[0m17:55:13.543247 [debug] [Thread-1  ]: Writing runtime sql for node "model.seven_shifts_project.stg_companies"
[0m17:55:13.543714 [debug] [Thread-1  ]: Using sqlite connection "model.seven_shifts_project.stg_companies"
[0m17:55:13.543933 [debug] [Thread-1  ]: On model.seven_shifts_project.stg_companies: BEGIN
[0m17:55:13.544131 [debug] [Thread-1  ]: Opening a new connection, currently in state closed
[0m17:55:13.544480 [debug] [Thread-1  ]: SQL status: OK in 0.000 seconds
[0m17:55:13.544685 [debug] [Thread-1  ]: Using sqlite connection "model.seven_shifts_project.stg_companies"
[0m17:55:13.544886 [debug] [Thread-1  ]: On model.seven_shifts_project.stg_companies: /* {"app": "dbt", "dbt_version": "1.10.22", "profile_name": "seven_shifts_project", "target_name": "dev", "node_id": "model.seven_shifts_project.stg_companies"} */

    
    create view main."stg_companies" as
    SELECT * FROM main."companies";
[0m17:55:13.545309 [debug] [Thread-1  ]: SQL status: OK in 0.000 seconds
[0m17:55:13.549110 [debug] [Thread-1  ]: On model.seven_shifts_project.stg_companies: COMMIT
[0m17:55:13.549345 [debug] [Thread-1  ]: Using sqlite connection "model.seven_shifts_project.stg_companies"
[0m17:55:13.549570 [debug] [Thread-1  ]: On model.seven_shifts_project.stg_companies: COMMIT
[0m17:55:13.550027 [debug] [Thread-1  ]: SQL status: OK in 0.000 seconds
[0m17:55:13.551594 [debug] [Thread-1  ]: On model.seven_shifts_project.stg_companies: Close
[0m17:55:13.553081 [debug] [Thread-1  ]: Sending event: {'category': 'dbt', 'action': 'run_model', 'label': '9787840a-9748-4aa5-abed-38a51818595b', 'context': [<snowplow_tracker.self_describing_json.SelfDescribingJson object at 0x1169e5070>]}
[0m17:55:13.553480 [info ] [Thread-1  ]: 1 of 4 OK created sql view model main.stg_companies ............................ [[32mOK[0m in 0.03s]
[0m17:55:13.553838 [debug] [Thread-1  ]: Finished running node model.seven_shifts_project.stg_companies
[0m17:55:13.554079 [debug] [Thread-1  ]: Began running node model.seven_shifts_project.stg_crm_accounts
[0m17:55:13.554384 [info ] [Thread-1  ]: 2 of 4 START sql view model main.stg_crm_accounts .............................. [RUN]
[0m17:55:13.554658 [debug] [Thread-1  ]: Re-using an available connection from the pool (formerly model.seven_shifts_project.stg_companies, now model.seven_shifts_project.stg_crm_accounts)
[0m17:55:13.554870 [debug] [Thread-1  ]: Began compiling node model.seven_shifts_project.stg_crm_accounts
[0m17:55:13.556585 [debug] [Thread-1  ]: Writing injected SQL for node "model.seven_shifts_project.stg_crm_accounts"
[0m17:55:13.557083 [debug] [Thread-1  ]: Began executing node model.seven_shifts_project.stg_crm_accounts
[0m17:55:13.558698 [debug] [Thread-1  ]: Writing runtime sql for node "model.seven_shifts_project.stg_crm_accounts"
[0m17:55:13.559071 [debug] [Thread-1  ]: Using sqlite connection "model.seven_shifts_project.stg_crm_accounts"
[0m17:55:13.559285 [debug] [Thread-1  ]: On model.seven_shifts_project.stg_crm_accounts: BEGIN
[0m17:55:13.559482 [debug] [Thread-1  ]: Opening a new connection, currently in state closed
[0m17:55:13.559919 [debug] [Thread-1  ]: SQL status: OK in 0.000 seconds
[0m17:55:13.560201 [debug] [Thread-1  ]: Using sqlite connection "model.seven_shifts_project.stg_crm_accounts"
[0m17:55:13.560426 [debug] [Thread-1  ]: On model.seven_shifts_project.stg_crm_accounts: /* {"app": "dbt", "dbt_version": "1.10.22", "profile_name": "seven_shifts_project", "target_name": "dev", "node_id": "model.seven_shifts_project.stg_crm_accounts"} */

    
    create view main."stg_crm_accounts" as
    SELECT * FROM main."crm_accounts";
[0m17:55:13.560892 [debug] [Thread-1  ]: SQL status: OK in 0.000 seconds
[0m17:55:13.561593 [debug] [Thread-1  ]: On model.seven_shifts_project.stg_crm_accounts: COMMIT
[0m17:55:13.561803 [debug] [Thread-1  ]: Using sqlite connection "model.seven_shifts_project.stg_crm_accounts"
[0m17:55:13.562012 [debug] [Thread-1  ]: On model.seven_shifts_project.stg_crm_accounts: COMMIT
[0m17:55:13.562409 [debug] [Thread-1  ]: SQL status: OK in 0.000 seconds
[0m17:55:13.562782 [debug] [Thread-1  ]: On model.seven_shifts_project.stg_crm_accounts: Close
[0m17:55:13.563089 [debug] [Thread-1  ]: Sending event: {'category': 'dbt', 'action': 'run_model', 'label': '9787840a-9748-4aa5-abed-38a51818595b', 'context': [<snowplow_tracker.self_describing_json.SelfDescribingJson object at 0x114db5400>]}
[0m17:55:13.563415 [info ] [Thread-1  ]: 2 of 4 OK created sql view model main.stg_crm_accounts ......................... [[32mOK[0m in 0.01s]
[0m17:55:13.563737 [debug] [Thread-1  ]: Finished running node model.seven_shifts_project.stg_crm_accounts
[0m17:55:13.563966 [debug] [Thread-1  ]: Began running node model.seven_shifts_project.stg_locations
[0m17:55:13.564282 [info ] [Thread-1  ]: 3 of 4 START sql view model main.stg_locations ................................. [RUN]
[0m17:55:13.564579 [debug] [Thread-1  ]: Re-using an available connection from the pool (formerly model.seven_shifts_project.stg_crm_accounts, now model.seven_shifts_project.stg_locations)
[0m17:55:13.564804 [debug] [Thread-1  ]: Began compiling node model.seven_shifts_project.stg_locations
[0m17:55:13.566608 [debug] [Thread-1  ]: Writing injected SQL for node "model.seven_shifts_project.stg_locations"
[0m17:55:13.566947 [debug] [Thread-1  ]: Began executing node model.seven_shifts_project.stg_locations
[0m17:55:13.568506 [debug] [Thread-1  ]: Writing runtime sql for node "model.seven_shifts_project.stg_locations"
[0m17:55:13.568860 [debug] [Thread-1  ]: Using sqlite connection "model.seven_shifts_project.stg_locations"
[0m17:55:13.569075 [debug] [Thread-1  ]: On model.seven_shifts_project.stg_locations: BEGIN
[0m17:55:13.569276 [debug] [Thread-1  ]: Opening a new connection, currently in state closed
[0m17:55:13.569684 [debug] [Thread-1  ]: SQL status: OK in 0.000 seconds
[0m17:55:13.569892 [debug] [Thread-1  ]: Using sqlite connection "model.seven_shifts_project.stg_locations"
[0m17:55:13.570104 [debug] [Thread-1  ]: On model.seven_shifts_project.stg_locations: /* {"app": "dbt", "dbt_version": "1.10.22", "profile_name": "seven_shifts_project", "target_name": "dev", "node_id": "model.seven_shifts_project.stg_locations"} */

    
    create view main."stg_locations" as
    SELECT * FROM main."locations";
[0m17:55:13.571173 [debug] [Thread-1  ]: SQL status: OK in 0.000 seconds
[0m17:55:13.571913 [debug] [Thread-1  ]: On model.seven_shifts_project.stg_locations: COMMIT
[0m17:55:13.572198 [debug] [Thread-1  ]: Using sqlite connection "model.seven_shifts_project.stg_locations"
[0m17:55:13.572402 [debug] [Thread-1  ]: On model.seven_shifts_project.stg_locations: COMMIT
[0m17:55:13.572780 [debug] [Thread-1  ]: SQL status: OK in 0.000 seconds
[0m17:55:13.573166 [debug] [Thread-1  ]: On model.seven_shifts_project.stg_locations: Close
[0m17:55:13.573502 [debug] [Thread-1  ]: Sending event: {'category': 'dbt', 'action': 'run_model', 'label': '9787840a-9748-4aa5-abed-38a51818595b', 'context': [<snowplow_tracker.self_describing_json.SelfDescribingJson object at 0x114db5400>]}
[0m17:55:13.573844 [info ] [Thread-1  ]: 3 of 4 OK created sql view model main.stg_locations ............................ [[32mOK[0m in 0.01s]
[0m17:55:13.574174 [debug] [Thread-1  ]: Finished running node model.seven_shifts_project.stg_locations
[0m17:55:13.574552 [debug] [Thread-1  ]: Began running node model.seven_shifts_project.fct_vendor_signals
[0m17:55:13.574891 [info ] [Thread-1  ]: 4 of 4 START sql view model main.fct_vendor_signals ............................ [RUN]
[0m17:55:13.575210 [debug] [Thread-1  ]: Re-using an available connection from the pool (formerly model.seven_shifts_project.stg_locations, now model.seven_shifts_project.fct_vendor_signals)
[0m17:55:13.575425 [debug] [Thread-1  ]: Began compiling node model.seven_shifts_project.fct_vendor_signals
[0m17:55:13.578633 [debug] [Thread-1  ]: Writing injected SQL for node "model.seven_shifts_project.fct_vendor_signals"
[0m17:55:13.579029 [debug] [Thread-1  ]: Began executing node model.seven_shifts_project.fct_vendor_signals
[0m17:55:13.580696 [debug] [Thread-1  ]: Writing runtime sql for node "model.seven_shifts_project.fct_vendor_signals"
[0m17:55:13.581214 [debug] [Thread-1  ]: Using sqlite connection "model.seven_shifts_project.fct_vendor_signals"
[0m17:55:13.581436 [debug] [Thread-1  ]: On model.seven_shifts_project.fct_vendor_signals: BEGIN
[0m17:55:13.581641 [debug] [Thread-1  ]: Opening a new connection, currently in state closed
[0m17:55:13.581993 [debug] [Thread-1  ]: SQL status: OK in 0.000 seconds
[0m17:55:13.582191 [debug] [Thread-1  ]: Using sqlite connection "model.seven_shifts_project.fct_vendor_signals"
[0m17:55:13.582465 [debug] [Thread-1  ]: On model.seven_shifts_project.fct_vendor_signals: /* {"app": "dbt", "dbt_version": "1.10.22", "profile_name": "seven_shifts_project", "target_name": "dev", "node_id": "model.seven_shifts_project.fct_vendor_signals"} */

    
    create view main."fct_vendor_signals" as
    WITH crm AS (
    SELECT 
        company_id,
        company_name,
        LOWER(REPLACE(REPLACE(domain, 'www.', ''), 'https://', '')) AS clean_domain,
        plan_name AS crm_plan,
        locations_in_7shifts AS crm_location_count
    FROM main."stg_crm_accounts"
),

vendor_signals AS (
    SELECT 
        c.account_id AS vendor_id,
        c.company_name AS vendor_name,
        LOWER(REPLACE(REPLACE(c.website, 'www.', ''), 'https://', '')) AS clean_domain,
        c.num_locations AS global_location_count,
        c.pos_vendor AS vendor_pos,
        SUM(CASE WHEN l.city IN ('New York', 'Brooklyn', 'Queens', 'Bronx', 'Staten Island') THEN 1 ELSE 0 END) AS total_nyc_locations,
        ROUND(AVG(CASE WHEN l.city IN ('New York', 'Brooklyn', 'Queens', 'Bronx', 'Staten Island') THEN l.review_rating ELSE NULL END), 1) AS avg_nyc_rating,
        GROUP_CONCAT(DISTINCT LOWER(l.cuisine_type)) AS cuisines
    FROM main."stg_companies" c
    LEFT JOIN main."stg_locations" l ON c.account_id = l.account_id
    GROUP BY 1, 2, 3, 4, 5
),

master_join AS (
    -- Execute the Outer Merge previously handled by Pandas
    SELECT 
        COALESCE(c.clean_domain, v.clean_domain) AS primary_domain,
        c.company_id,
        c.company_name AS crm_name,
        c.crm_plan,
        c.crm_location_count,
        v.vendor_id,
        v.vendor_name,
        v.global_location_count,
        v.total_nyc_locations,
        v.avg_nyc_rating,
        v.vendor_pos,
        v.cuisines,
        -- Programmatic calculation of physical whitespace for upselling
        (COALESCE(v.global_location_count, 0) - COALESCE(c.crm_location_count, 0)) AS location_whitespace
    FROM crm c
    FULL OUTER JOIN vendor_signals v 
        ON c.clean_domain = v.clean_domain
),

filtered_and_segmented AS (
    SELECT 
        *,
        CASE 
            -- Bucket 1: Credible Partners
            WHEN company_id IS NOT NULL 
                 AND total_nyc_locations >= 3 
                 AND avg_nyc_rating >= 4.0 
            THEN 'CREDIBLE_PARTNER'
            
            -- Bucket 2: Expansion Opportunity (Math-driven Upsell Logic)
            WHEN company_id IS NOT NULL 
                 AND (location_whitespace >= 2 OR crm_plan IN ('Basic', 'Free', 'Starter'))
            THEN 'EXPANSION_OPPORTUNITY'
            
            -- Bucket 3: Net-New Market Target
            WHEN company_id IS NULL 
                 AND total_nyc_locations >= 1 
            THEN 'NET_NEW_TARGET'
            
            ELSE 'UNCLASSIFIED'
        END AS gtm_segment
    FROM master_join
    WHERE 
        -- Firmographic Boundary
        (global_location_count <= 50 OR global_location_count IS NULL)
        
        -- Keyword Boundary
        AND (cuisines NOT LIKE '%pharmacy%' 
             AND cuisines NOT LIKE '%cvs%' 
             AND cuisines NOT LIKE '%apparel%'
             AND cuisines NOT LIKE '%convenience%'
             AND cuisines NOT LIKE '%grocery%'
             AND cuisines NOT LIKE '%supermarket%'
             AND cuisines NOT LIKE '%department store%')
)

SELECT * FROM filtered_and_segmented
WHERE gtm_segment != 'UNCLASSIFIED';
[0m17:55:13.583129 [debug] [Thread-1  ]: SQL status: OK in 0.000 seconds
[0m17:55:13.583777 [debug] [Thread-1  ]: On model.seven_shifts_project.fct_vendor_signals: COMMIT
[0m17:55:13.583984 [debug] [Thread-1  ]: Using sqlite connection "model.seven_shifts_project.fct_vendor_signals"
[0m17:55:13.584174 [debug] [Thread-1  ]: On model.seven_shifts_project.fct_vendor_signals: COMMIT
[0m17:55:13.584572 [debug] [Thread-1  ]: SQL status: OK in 0.000 seconds
[0m17:55:13.585023 [debug] [Thread-1  ]: On model.seven_shifts_project.fct_vendor_signals: Close
[0m17:55:13.585399 [debug] [Thread-1  ]: Sending event: {'category': 'dbt', 'action': 'run_model', 'label': '9787840a-9748-4aa5-abed-38a51818595b', 'context': [<snowplow_tracker.self_describing_json.SelfDescribingJson object at 0x117e8cd30>]}
[0m17:55:13.585789 [info ] [Thread-1  ]: 4 of 4 OK created sql view model main.fct_vendor_signals ....................... [[32mOK[0m in 0.01s]
[0m17:55:13.586127 [debug] [Thread-1  ]: Finished running node model.seven_shifts_project.fct_vendor_signals
[0m17:55:13.586675 [debug] [MainThread]: Using sqlite connection "master"
[0m17:55:13.586873 [debug] [MainThread]: On master: BEGIN
[0m17:55:13.587135 [debug] [MainThread]: Opening a new connection, currently in state closed
[0m17:55:13.587492 [debug] [MainThread]: SQL status: OK in 0.000 seconds
[0m17:55:13.587693 [debug] [MainThread]: On master: COMMIT
[0m17:55:13.587881 [debug] [MainThread]: Using sqlite connection "master"
[0m17:55:13.588063 [debug] [MainThread]: On master: COMMIT
[0m17:55:13.588240 [debug] [MainThread]: SQL status: OK in 0.000 seconds
[0m17:55:13.588407 [debug] [MainThread]: On master: Close
[0m17:55:13.588635 [debug] [MainThread]: Connection 'master' was properly closed.
[0m17:55:13.588795 [debug] [MainThread]: Connection 'model.seven_shifts_project.fct_vendor_signals' was properly closed.
[0m17:55:13.589010 [info ] [MainThread]: 
[0m17:55:13.589213 [info ] [MainThread]: Finished running 4 view models in 0 hours 0 minutes and 0.14 seconds (0.14s).
[0m17:55:13.589803 [debug] [MainThread]: Command end result
[0m17:55:13.602988 [debug] [MainThread]: Wrote artifact WritableManifest to /Users/nicholaschong/Projects/7shifts_summit_project/seven_shifts_project/target/manifest.json
[0m17:55:13.604250 [debug] [MainThread]: Wrote artifact SemanticManifest to /Users/nicholaschong/Projects/7shifts_summit_project/seven_shifts_project/target/semantic_manifest.json
[0m17:55:13.608312 [debug] [MainThread]: Wrote artifact RunExecutionResult to /Users/nicholaschong/Projects/7shifts_summit_project/seven_shifts_project/target/run_results.json
[0m17:55:13.608531 [info ] [MainThread]: 
[0m17:55:13.608773 [info ] [MainThread]: [32mCompleted successfully[0m
[0m17:55:13.608968 [info ] [MainThread]: 
[0m17:55:13.609174 [info ] [MainThread]: Done. PASS=4 WARN=0 ERROR=0 SKIP=0 NO-OP=0 TOTAL=4
[0m17:55:13.610860 [debug] [MainThread]: Resource report: {"command_name": "run", "command_success": true, "command_wall_clock_time": 0.5822873, "process_in_blocks": "0", "process_kernel_time": 0.160047, "process_mem_max_rss": "117669888", "process_out_blocks": "0", "process_user_time": 1.189071}
[0m17:55:13.611097 [debug] [MainThread]: Command `dbt run` succeeded at 17:55:13.611053 after 0.58 seconds
[0m17:55:13.611307 [debug] [MainThread]: Sending event: {'category': 'dbt', 'action': 'invocation', 'label': 'end', 'context': [<snowplow_tracker.self_describing_json.SelfDescribingJson object at 0x114eced90>, <snowplow_tracker.self_describing_json.SelfDescribingJson object at 0x1148efb80>, <snowplow_tracker.self_describing_json.SelfDescribingJson object at 0x116f962b0>]}
[0m17:55:13.611525 [debug] [MainThread]: Flushing usage events
[0m17:55:13.840873 [debug] [MainThread]: An error was encountered while trying to flush usage events
[0m17:59:23.759544 [debug] [MainThread]: Sending event: {'category': 'dbt', 'action': 'invocation', 'label': 'start', 'context': [<snowplow_tracker.self_describing_json.SelfDescribingJson object at 0x10333de20>, <snowplow_tracker.self_describing_json.SelfDescribingJson object at 0x1043ce280>, <snowplow_tracker.self_describing_json.SelfDescribingJson object at 0x1043ce580>]}


============================== 17:59:23.762292 | ca590d31-d17f-4bbe-bf76-2b623444a163 ==============================
[0m17:59:23.762292 [info ] [MainThread]: Running with dbt=1.10.22
[0m17:59:23.762649 [debug] [MainThread]: running dbt with arguments {'printer_width': '80', 'indirect_selection': 'eager', 'log_cache_events': 'False', 'write_json': 'True', 'partial_parse': 'True', 'cache_selected_only': 'False', 'profiles_dir': '/Users/nicholaschong/.dbt', 'debug': 'False', 'warn_error': 'None', 'log_path': '/Users/nicholaschong/Projects/7shifts_summit_project/seven_shifts_project/logs', 'fail_fast': 'False', 'version_check': 'True', 'use_colors': 'True', 'use_experimental_parser': 'False', 'empty': 'False', 'quiet': 'False', 'no_print': 'None', 'warn_error_options': 'WarnErrorOptionsV2(error=[], warn=[], silence=[])', 'invocation_command': 'dbt run', 'introspect': 'True', 'static_parser': 'True', 'target_path': 'None', 'log_format': 'default', 'send_anonymous_usage_stats': 'True'}
[0m17:59:23.850012 [debug] [MainThread]: Sending event: {'category': 'dbt', 'action': 'project_id', 'label': 'ca590d31-d17f-4bbe-bf76-2b623444a163', 'context': [<snowplow_tracker.self_describing_json.SelfDescribingJson object at 0x104429520>]}
[0m17:59:23.884109 [debug] [MainThread]: Sending event: {'category': 'dbt', 'action': 'adapter_info', 'label': 'ca590d31-d17f-4bbe-bf76-2b623444a163', 'context': [<snowplow_tracker.self_describing_json.SelfDescribingJson object at 0x104521a00>]}
[0m17:59:23.884654 [info ] [MainThread]: Registered adapter: sqlite=1.10.0
[0m17:59:23.960200 [debug] [MainThread]: checksum: 04c83ee057a648a2f8e380c895ffead170732fa039f068d62b9d36aaeefaf7cc, vars: {}, profile: , target: , version: 1.10.22
[0m17:59:24.045446 [debug] [MainThread]: Partial parsing enabled: 0 files deleted, 0 files added, 1 files changed.
[0m17:59:24.045914 [debug] [MainThread]: Partial parsing: updated file: seven_shifts_project://models/marts/fct_vendor_signals.sql
[0m17:59:24.225695 [debug] [MainThread]: Sending event: {'category': 'dbt', 'action': 'load_project', 'label': 'ca590d31-d17f-4bbe-bf76-2b623444a163', 'context': [<snowplow_tracker.self_describing_json.SelfDescribingJson object at 0x1045c42b0>]}
[0m17:59:24.273307 [debug] [MainThread]: Wrote artifact WritableManifest to /Users/nicholaschong/Projects/7shifts_summit_project/seven_shifts_project/target/manifest.json
[0m17:59:24.274562 [debug] [MainThread]: Wrote artifact SemanticManifest to /Users/nicholaschong/Projects/7shifts_summit_project/seven_shifts_project/target/semantic_manifest.json
[0m17:59:24.286416 [debug] [MainThread]: Sending event: {'category': 'dbt', 'action': 'resource_counts', 'label': 'ca590d31-d17f-4bbe-bf76-2b623444a163', 'context': [<snowplow_tracker.self_describing_json.SelfDescribingJson object at 0x10498e940>]}
[0m17:59:24.286718 [info ] [MainThread]: Found 4 models, 3 sources, 416 macros
[0m17:59:24.286954 [debug] [MainThread]: Sending event: {'category': 'dbt', 'action': 'runnable_timing', 'label': 'ca590d31-d17f-4bbe-bf76-2b623444a163', 'context': [<snowplow_tracker.self_describing_json.SelfDescribingJson object at 0x10499a4c0>]}
[0m17:59:24.287924 [info ] [MainThread]: 
[0m17:59:24.288150 [info ] [MainThread]: Concurrency: 1 threads (target='dev')
[0m17:59:24.288343 [info ] [MainThread]: 
[0m17:59:24.288633 [debug] [MainThread]: Acquiring new sqlite connection 'master'
[0m17:59:24.292159 [debug] [ThreadPool]: Acquiring new sqlite connection 'list_main'
[0m17:59:24.328940 [debug] [ThreadPool]: Using sqlite connection "list_main"
[0m17:59:24.329231 [debug] [ThreadPool]: On list_main: BEGIN
[0m17:59:24.329424 [debug] [ThreadPool]: Opening a new connection, currently in state init
[0m17:59:24.331374 [debug] [ThreadPool]: SQL status: OK in 0.002 seconds
[0m17:59:24.331584 [debug] [ThreadPool]: Using sqlite connection "list_main"
[0m17:59:24.331765 [debug] [ThreadPool]: On list_main: /* {"app": "dbt", "dbt_version": "1.10.22", "profile_name": "seven_shifts_project", "target_name": "dev", "connection_name": "list_main"} */

        pragma database_list
    
[0m17:59:24.331950 [debug] [ThreadPool]: SQL status: OK in 0.000 seconds
[0m17:59:24.332629 [debug] [ThreadPool]: On list_main: ROLLBACK
[0m17:59:24.332813 [debug] [ThreadPool]: On list_main: Close
[0m17:59:24.333549 [debug] [ThreadPool]: Re-using an available connection from the pool (formerly list_main, now list_main_main)
[0m17:59:24.338284 [debug] [ThreadPool]: Using sqlite connection "list_main_main"
[0m17:59:24.338479 [debug] [ThreadPool]: On list_main_main: BEGIN
[0m17:59:24.338646 [debug] [ThreadPool]: Opening a new connection, currently in state closed
[0m17:59:24.338929 [debug] [ThreadPool]: SQL status: OK in 0.000 seconds
[0m17:59:24.339103 [debug] [ThreadPool]: Using sqlite connection "list_main_main"
[0m17:59:24.339282 [debug] [ThreadPool]: On list_main_main: /* {"app": "dbt", "dbt_version": "1.10.22", "profile_name": "seven_shifts_project", "target_name": "dev", "connection_name": "list_main_main"} */

        pragma database_list
    
[0m17:59:24.339484 [debug] [ThreadPool]: SQL status: OK in 0.000 seconds
[0m17:59:24.340190 [debug] [ThreadPool]: Using sqlite connection "list_main_main"
[0m17:59:24.340381 [debug] [ThreadPool]: On list_main_main: /* {"app": "dbt", "dbt_version": "1.10.22", "profile_name": "seven_shifts_project", "target_name": "dev", "connection_name": "list_main_main"} */

            SELECT
                'main' as database
                ,name
                ,'main' AS schema
                ,type as data_type
            FROM
                main.sqlite_master
            WHERE
                name NOT LIKE 'sqlite_%'
        
[0m17:59:24.340874 [debug] [ThreadPool]: SQL status: OK in 0.000 seconds
[0m17:59:24.341521 [debug] [ThreadPool]: On list_main_main: ROLLBACK
[0m17:59:24.341704 [debug] [ThreadPool]: On list_main_main: Close
[0m17:59:24.342536 [debug] [MainThread]: Sending event: {'category': 'dbt', 'action': 'runnable_timing', 'label': 'ca590d31-d17f-4bbe-bf76-2b623444a163', 'context': [<snowplow_tracker.self_describing_json.SelfDescribingJson object at 0x10456b2b0>]}
[0m17:59:24.342811 [debug] [MainThread]: Using sqlite connection "master"
[0m17:59:24.342989 [debug] [MainThread]: On master: BEGIN
[0m17:59:24.343156 [debug] [MainThread]: Opening a new connection, currently in state init
[0m17:59:24.343449 [debug] [MainThread]: SQL status: OK in 0.000 seconds
[0m17:59:24.343624 [debug] [MainThread]: On master: COMMIT
[0m17:59:24.343792 [debug] [MainThread]: Using sqlite connection "master"
[0m17:59:24.343953 [debug] [MainThread]: On master: COMMIT
[0m17:59:24.344117 [debug] [MainThread]: SQL status: OK in 0.000 seconds
[0m17:59:24.344283 [debug] [MainThread]: On master: Close
[0m17:59:24.345793 [debug] [Thread-1  ]: Began running node model.seven_shifts_project.stg_companies
[0m17:59:24.346099 [info ] [Thread-1  ]: 1 of 4 START sql view model main.stg_companies ................................. [RUN]
[0m17:59:24.346375 [debug] [Thread-1  ]: Re-using an available connection from the pool (formerly list_main_main, now model.seven_shifts_project.stg_companies)
[0m17:59:24.346604 [debug] [Thread-1  ]: Began compiling node model.seven_shifts_project.stg_companies
[0m17:59:24.352524 [debug] [Thread-1  ]: Writing injected SQL for node "model.seven_shifts_project.stg_companies"
[0m17:59:24.353125 [debug] [Thread-1  ]: Began executing node model.seven_shifts_project.stg_companies
[0m17:59:24.363984 [debug] [Thread-1  ]: Using sqlite connection "model.seven_shifts_project.stg_companies"
[0m17:59:24.364244 [debug] [Thread-1  ]: On model.seven_shifts_project.stg_companies: /* {"app": "dbt", "dbt_version": "1.10.22", "profile_name": "seven_shifts_project", "target_name": "dev", "node_id": "model.seven_shifts_project.stg_companies"} */
drop view if exists "main"."stg_companies"
[0m17:59:24.364475 [debug] [Thread-1  ]: Opening a new connection, currently in state closed
[0m17:59:24.368023 [debug] [Thread-1  ]: SQL status: OK in 0.004 seconds
[0m17:59:24.370523 [debug] [Thread-1  ]: Writing runtime sql for node "model.seven_shifts_project.stg_companies"
[0m17:59:24.370972 [debug] [Thread-1  ]: Using sqlite connection "model.seven_shifts_project.stg_companies"
[0m17:59:24.371204 [debug] [Thread-1  ]: On model.seven_shifts_project.stg_companies: BEGIN
[0m17:59:24.371429 [debug] [Thread-1  ]: SQL status: OK in 0.000 seconds
[0m17:59:24.371637 [debug] [Thread-1  ]: Using sqlite connection "model.seven_shifts_project.stg_companies"
[0m17:59:24.371848 [debug] [Thread-1  ]: On model.seven_shifts_project.stg_companies: /* {"app": "dbt", "dbt_version": "1.10.22", "profile_name": "seven_shifts_project", "target_name": "dev", "node_id": "model.seven_shifts_project.stg_companies"} */

    
    create view main."stg_companies" as
    SELECT * FROM main."companies";
[0m17:59:24.372266 [debug] [Thread-1  ]: SQL status: OK in 0.000 seconds
[0m17:59:24.375714 [debug] [Thread-1  ]: On model.seven_shifts_project.stg_companies: COMMIT
[0m17:59:24.375974 [debug] [Thread-1  ]: Using sqlite connection "model.seven_shifts_project.stg_companies"
[0m17:59:24.376195 [debug] [Thread-1  ]: On model.seven_shifts_project.stg_companies: COMMIT
[0m17:59:24.376657 [debug] [Thread-1  ]: SQL status: OK in 0.000 seconds
[0m17:59:24.378371 [debug] [Thread-1  ]: On model.seven_shifts_project.stg_companies: Close
[0m17:59:24.379713 [debug] [Thread-1  ]: Sending event: {'category': 'dbt', 'action': 'run_model', 'label': 'ca590d31-d17f-4bbe-bf76-2b623444a163', 'context': [<snowplow_tracker.self_describing_json.SelfDescribingJson object at 0x1044e59d0>]}
[0m17:59:24.380114 [info ] [Thread-1  ]: 1 of 4 OK created sql view model main.stg_companies ............................ [[32mOK[0m in 0.03s]
[0m17:59:24.380464 [debug] [Thread-1  ]: Finished running node model.seven_shifts_project.stg_companies
[0m17:59:24.380717 [debug] [Thread-1  ]: Began running node model.seven_shifts_project.stg_crm_accounts
[0m17:59:24.381036 [info ] [Thread-1  ]: 2 of 4 START sql view model main.stg_crm_accounts .............................. [RUN]
[0m17:59:24.381311 [debug] [Thread-1  ]: Re-using an available connection from the pool (formerly model.seven_shifts_project.stg_companies, now model.seven_shifts_project.stg_crm_accounts)
[0m17:59:24.381535 [debug] [Thread-1  ]: Began compiling node model.seven_shifts_project.stg_crm_accounts
[0m17:59:24.384484 [debug] [Thread-1  ]: Writing injected SQL for node "model.seven_shifts_project.stg_crm_accounts"
[0m17:59:24.385027 [debug] [Thread-1  ]: Began executing node model.seven_shifts_project.stg_crm_accounts
[0m17:59:24.388205 [debug] [Thread-1  ]: Using sqlite connection "model.seven_shifts_project.stg_crm_accounts"
[0m17:59:24.388458 [debug] [Thread-1  ]: On model.seven_shifts_project.stg_crm_accounts: /* {"app": "dbt", "dbt_version": "1.10.22", "profile_name": "seven_shifts_project", "target_name": "dev", "node_id": "model.seven_shifts_project.stg_crm_accounts"} */
drop view if exists "main"."stg_crm_accounts"
[0m17:59:24.388680 [debug] [Thread-1  ]: Opening a new connection, currently in state closed
[0m17:59:24.389808 [debug] [Thread-1  ]: SQL status: OK in 0.001 seconds
[0m17:59:24.390662 [debug] [Thread-1  ]: Writing runtime sql for node "model.seven_shifts_project.stg_crm_accounts"
[0m17:59:24.391038 [debug] [Thread-1  ]: Using sqlite connection "model.seven_shifts_project.stg_crm_accounts"
[0m17:59:24.391253 [debug] [Thread-1  ]: On model.seven_shifts_project.stg_crm_accounts: BEGIN
[0m17:59:24.391459 [debug] [Thread-1  ]: SQL status: OK in 0.000 seconds
[0m17:59:24.391649 [debug] [Thread-1  ]: Using sqlite connection "model.seven_shifts_project.stg_crm_accounts"
[0m17:59:24.391844 [debug] [Thread-1  ]: On model.seven_shifts_project.stg_crm_accounts: /* {"app": "dbt", "dbt_version": "1.10.22", "profile_name": "seven_shifts_project", "target_name": "dev", "node_id": "model.seven_shifts_project.stg_crm_accounts"} */

    
    create view main."stg_crm_accounts" as
    SELECT * FROM main."crm_accounts";
[0m17:59:24.392192 [debug] [Thread-1  ]: SQL status: OK in 0.000 seconds
[0m17:59:24.392884 [debug] [Thread-1  ]: On model.seven_shifts_project.stg_crm_accounts: COMMIT
[0m17:59:24.393103 [debug] [Thread-1  ]: Using sqlite connection "model.seven_shifts_project.stg_crm_accounts"
[0m17:59:24.393295 [debug] [Thread-1  ]: On model.seven_shifts_project.stg_crm_accounts: COMMIT
[0m17:59:24.393685 [debug] [Thread-1  ]: SQL status: OK in 0.000 seconds
[0m17:59:24.394071 [debug] [Thread-1  ]: On model.seven_shifts_project.stg_crm_accounts: Close
[0m17:59:24.394450 [debug] [Thread-1  ]: Sending event: {'category': 'dbt', 'action': 'run_model', 'label': 'ca590d31-d17f-4bbe-bf76-2b623444a163', 'context': [<snowplow_tracker.self_describing_json.SelfDescribingJson object at 0x1044aa160>]}
[0m17:59:24.394809 [info ] [Thread-1  ]: 2 of 4 OK created sql view model main.stg_crm_accounts ......................... [[32mOK[0m in 0.01s]
[0m17:59:24.395139 [debug] [Thread-1  ]: Finished running node model.seven_shifts_project.stg_crm_accounts
[0m17:59:24.395379 [debug] [Thread-1  ]: Began running node model.seven_shifts_project.stg_locations
[0m17:59:24.395672 [info ] [Thread-1  ]: 3 of 4 START sql view model main.stg_locations ................................. [RUN]
[0m17:59:24.395930 [debug] [Thread-1  ]: Re-using an available connection from the pool (formerly model.seven_shifts_project.stg_crm_accounts, now model.seven_shifts_project.stg_locations)
[0m17:59:24.396149 [debug] [Thread-1  ]: Began compiling node model.seven_shifts_project.stg_locations
[0m17:59:24.397983 [debug] [Thread-1  ]: Writing injected SQL for node "model.seven_shifts_project.stg_locations"
[0m17:59:24.398324 [debug] [Thread-1  ]: Began executing node model.seven_shifts_project.stg_locations
[0m17:59:24.401442 [debug] [Thread-1  ]: Using sqlite connection "model.seven_shifts_project.stg_locations"
[0m17:59:24.401714 [debug] [Thread-1  ]: On model.seven_shifts_project.stg_locations: /* {"app": "dbt", "dbt_version": "1.10.22", "profile_name": "seven_shifts_project", "target_name": "dev", "node_id": "model.seven_shifts_project.stg_locations"} */
drop view if exists "main"."stg_locations"
[0m17:59:24.401931 [debug] [Thread-1  ]: Opening a new connection, currently in state closed
[0m17:59:24.402926 [debug] [Thread-1  ]: SQL status: OK in 0.001 seconds
[0m17:59:24.403639 [debug] [Thread-1  ]: Writing runtime sql for node "model.seven_shifts_project.stg_locations"
[0m17:59:24.403993 [debug] [Thread-1  ]: Using sqlite connection "model.seven_shifts_project.stg_locations"
[0m17:59:24.404199 [debug] [Thread-1  ]: On model.seven_shifts_project.stg_locations: BEGIN
[0m17:59:24.404425 [debug] [Thread-1  ]: SQL status: OK in 0.000 seconds
[0m17:59:24.404628 [debug] [Thread-1  ]: Using sqlite connection "model.seven_shifts_project.stg_locations"
[0m17:59:24.404820 [debug] [Thread-1  ]: On model.seven_shifts_project.stg_locations: /* {"app": "dbt", "dbt_version": "1.10.22", "profile_name": "seven_shifts_project", "target_name": "dev", "node_id": "model.seven_shifts_project.stg_locations"} */

    
    create view main."stg_locations" as
    SELECT * FROM main."locations";
[0m17:59:24.405153 [debug] [Thread-1  ]: SQL status: OK in 0.000 seconds
[0m17:59:24.405784 [debug] [Thread-1  ]: On model.seven_shifts_project.stg_locations: COMMIT
[0m17:59:24.406000 [debug] [Thread-1  ]: Using sqlite connection "model.seven_shifts_project.stg_locations"
[0m17:59:24.406200 [debug] [Thread-1  ]: On model.seven_shifts_project.stg_locations: COMMIT
[0m17:59:24.406682 [debug] [Thread-1  ]: SQL status: OK in 0.000 seconds
[0m17:59:24.407059 [debug] [Thread-1  ]: On model.seven_shifts_project.stg_locations: Close
[0m17:59:24.407401 [debug] [Thread-1  ]: Sending event: {'category': 'dbt', 'action': 'run_model', 'label': 'ca590d31-d17f-4bbe-bf76-2b623444a163', 'context': [<snowplow_tracker.self_describing_json.SelfDescribingJson object at 0x1035e9970>]}
[0m17:59:24.407755 [info ] [Thread-1  ]: 3 of 4 OK created sql view model main.stg_locations ............................ [[32mOK[0m in 0.01s]
[0m17:59:24.408073 [debug] [Thread-1  ]: Finished running node model.seven_shifts_project.stg_locations
[0m17:59:24.408460 [debug] [Thread-1  ]: Began running node model.seven_shifts_project.fct_vendor_signals
[0m17:59:24.408786 [info ] [Thread-1  ]: 4 of 4 START sql view model main.fct_vendor_signals ............................ [RUN]
[0m17:59:24.409078 [debug] [Thread-1  ]: Re-using an available connection from the pool (formerly model.seven_shifts_project.stg_locations, now model.seven_shifts_project.fct_vendor_signals)
[0m17:59:24.409308 [debug] [Thread-1  ]: Began compiling node model.seven_shifts_project.fct_vendor_signals
[0m17:59:24.412592 [debug] [Thread-1  ]: Writing injected SQL for node "model.seven_shifts_project.fct_vendor_signals"
[0m17:59:24.412955 [debug] [Thread-1  ]: Began executing node model.seven_shifts_project.fct_vendor_signals
[0m17:59:24.416589 [debug] [Thread-1  ]: Using sqlite connection "model.seven_shifts_project.fct_vendor_signals"
[0m17:59:24.416831 [debug] [Thread-1  ]: On model.seven_shifts_project.fct_vendor_signals: /* {"app": "dbt", "dbt_version": "1.10.22", "profile_name": "seven_shifts_project", "target_name": "dev", "node_id": "model.seven_shifts_project.fct_vendor_signals"} */
drop view if exists "main"."fct_vendor_signals"
[0m17:59:24.417048 [debug] [Thread-1  ]: Opening a new connection, currently in state closed
[0m17:59:24.417999 [debug] [Thread-1  ]: SQL status: OK in 0.001 seconds
[0m17:59:24.418967 [debug] [Thread-1  ]: Writing runtime sql for node "model.seven_shifts_project.fct_vendor_signals"
[0m17:59:24.420219 [debug] [Thread-1  ]: Using sqlite connection "model.seven_shifts_project.fct_vendor_signals"
[0m17:59:24.421298 [debug] [Thread-1  ]: On model.seven_shifts_project.fct_vendor_signals: BEGIN
[0m17:59:24.421959 [debug] [Thread-1  ]: SQL status: OK in 0.000 seconds
[0m17:59:24.422488 [debug] [Thread-1  ]: Using sqlite connection "model.seven_shifts_project.fct_vendor_signals"
[0m17:59:24.423189 [debug] [Thread-1  ]: On model.seven_shifts_project.fct_vendor_signals: /* {"app": "dbt", "dbt_version": "1.10.22", "profile_name": "seven_shifts_project", "target_name": "dev", "node_id": "model.seven_shifts_project.fct_vendor_signals"} */

    
    create view main."fct_vendor_signals" as
    WITH crm AS (
    SELECT 
        company_id,
        company_name,
        LOWER(REPLACE(REPLACE(domain, 'www.', ''), 'https://', '')) AS clean_domain,
        plan_name AS crm_plan,
        locations_in_7shifts AS crm_location_count
    FROM main."stg_crm_accounts"
),

vendor_signals AS (
    SELECT 
        c.account_id AS vendor_id,
        c.company_name AS vendor_name,
        c.website AS vendor_website, -- Preserve original name for Python script
        LOWER(REPLACE(REPLACE(c.website, 'www.', ''), 'https://', '')) AS clean_domain,
        c.num_locations AS global_location_count,
        c.pos_vendor AS vendor_pos,
        SUM(CASE WHEN l.city IN ('New York', 'Brooklyn', 'Queens', 'Bronx', 'Staten Island') THEN 1 ELSE 0 END) AS total_nyc_locations,
        ROUND(AVG(CASE WHEN l.city IN ('New York', 'Brooklyn', 'Queens', 'Bronx', 'Staten Island') THEN l.review_rating ELSE NULL END), 1) AS avg_nyc_rating,
        GROUP_CONCAT(DISTINCT LOWER(l.cuisine_type)) AS cuisines
    FROM main."stg_companies" c
    LEFT JOIN main."stg_locations" l ON c.account_id = l.account_id
    GROUP BY 1, 2, 3, 4, 5
),

master_join AS (
    -- Note: SQLite does not support FULL OUTER JOIN. 
    -- We use a UNION of LEFT JOINs to simulate the behavior if needed, 
    -- but here we assume your dbt environment allows this or you are running this in a warehouse.
    SELECT 
        COALESCE(c.clean_domain, v.clean_domain) AS primary_domain,
        c.company_id,
        c.company_name AS crm_name,
        c.crm_plan,
        c.crm_location_count,
        v.vendor_id,
        v.vendor_name,
        v.vendor_website, -- Explicitly passing this through
        v.global_location_count,
        v.total_nyc_locations,
        v.avg_nyc_rating,
        v.vendor_pos,
        v.cuisines,
        (COALESCE(v.global_location_count, 0) - COALESCE(c.crm_location_count, 0)) AS location_whitespace
    FROM crm c
    LEFT JOIN vendor_signals v ON c.clean_domain = v.clean_domain
    UNION
    SELECT 
        v.clean_domain,
        c.company_id,
        c.company_name,
        c.crm_plan,
        c.crm_location_count,
        v.vendor_id,
        v.vendor_name,
        v.vendor_website,
        v.global_location_count,
        v.total_nyc_locations,
        v.avg_nyc_rating,
        v.vendor_pos,
        v.cuisines,
        (COALESCE(v.global_location_count, 0) - COALESCE(c.crm_location_count, 0))
    FROM vendor_signals v
    LEFT JOIN crm c ON v.clean_domain = c.clean_domain
),

filtered_and_segmented AS (
    SELECT 
        *,
        CASE 
            WHEN company_id IS NOT NULL 
                 AND total_nyc_locations >= 3 
                 AND avg_nyc_rating >= 4.0 
            THEN 'CREDIBLE_PARTNER'
            
            -- Corrected Plan Names: Essentials and Comp
            WHEN company_id IS NOT NULL 
                 AND (location_whitespace >= 2 OR crm_plan IN ('Essentials', 'Comp'))
            THEN 'EXPANSION_OPPORTUNITY'
            
            WHEN company_id IS NULL 
                 AND total_nyc_locations >= 1 
            THEN 'NET_NEW_TARGET'
            
            ELSE 'UNCLASSIFIED'
        END AS gtm_segment
    FROM master_join
    WHERE 
        (global_location_count <= 50 OR global_location_count IS NULL)
        AND (cuisines NOT LIKE '%pharmacy%' 
             AND cuisines NOT LIKE '%cvs%' 
             AND cuisines NOT LIKE '%apparel%'
             AND cuisines NOT LIKE '%convenience%'
             AND cuisines NOT LIKE '%grocery%'
             AND cuisines NOT LIKE '%supermarket%'
             AND cuisines NOT LIKE '%department store%')
)

SELECT * FROM filtered_and_segmented
WHERE gtm_segment != 'UNCLASSIFIED';
[0m17:59:24.449440 [debug] [Thread-1  ]: SQL status: OK in 0.025 seconds
[0m17:59:24.450600 [debug] [Thread-1  ]: On model.seven_shifts_project.fct_vendor_signals: COMMIT
[0m17:59:24.450904 [debug] [Thread-1  ]: Using sqlite connection "model.seven_shifts_project.fct_vendor_signals"
[0m17:59:24.451134 [debug] [Thread-1  ]: On model.seven_shifts_project.fct_vendor_signals: COMMIT
[0m17:59:24.454273 [debug] [Thread-1  ]: SQL status: OK in 0.003 seconds
[0m17:59:24.454809 [debug] [Thread-1  ]: On model.seven_shifts_project.fct_vendor_signals: Close
[0m17:59:24.455315 [debug] [Thread-1  ]: Sending event: {'category': 'dbt', 'action': 'run_model', 'label': 'ca590d31-d17f-4bbe-bf76-2b623444a163', 'context': [<snowplow_tracker.self_describing_json.SelfDescribingJson object at 0x1035e9970>]}
[0m17:59:24.455765 [info ] [Thread-1  ]: 4 of 4 OK created sql view model main.fct_vendor_signals ....................... [[32mOK[0m in 0.05s]
[0m17:59:24.456111 [debug] [Thread-1  ]: Finished running node model.seven_shifts_project.fct_vendor_signals
[0m17:59:24.461601 [debug] [MainThread]: Using sqlite connection "master"
[0m17:59:24.461859 [debug] [MainThread]: On master: BEGIN
[0m17:59:24.462212 [debug] [MainThread]: Opening a new connection, currently in state closed
[0m17:59:24.462660 [debug] [MainThread]: SQL status: OK in 0.001 seconds
[0m17:59:24.463151 [debug] [MainThread]: On master: COMMIT
[0m17:59:24.463382 [debug] [MainThread]: Using sqlite connection "master"
[0m17:59:24.463578 [debug] [MainThread]: On master: COMMIT
[0m17:59:24.463790 [debug] [MainThread]: SQL status: OK in 0.000 seconds
[0m17:59:24.463986 [debug] [MainThread]: On master: Close
[0m17:59:24.464270 [debug] [MainThread]: Connection 'master' was properly closed.
[0m17:59:24.464449 [debug] [MainThread]: Connection 'model.seven_shifts_project.fct_vendor_signals' was properly closed.
[0m17:59:24.464683 [info ] [MainThread]: 
[0m17:59:24.464894 [info ] [MainThread]: Finished running 4 view models in 0 hours 0 minutes and 0.18 seconds (0.18s).
[0m17:59:24.465528 [debug] [MainThread]: Command end result
[0m17:59:24.484333 [debug] [MainThread]: Wrote artifact WritableManifest to /Users/nicholaschong/Projects/7shifts_summit_project/seven_shifts_project/target/manifest.json
[0m17:59:24.485665 [debug] [MainThread]: Wrote artifact SemanticManifest to /Users/nicholaschong/Projects/7shifts_summit_project/seven_shifts_project/target/semantic_manifest.json
[0m17:59:24.490385 [debug] [MainThread]: Wrote artifact RunExecutionResult to /Users/nicholaschong/Projects/7shifts_summit_project/seven_shifts_project/target/run_results.json
[0m17:59:24.490615 [info ] [MainThread]: 
[0m17:59:24.490863 [info ] [MainThread]: [32mCompleted successfully[0m
[0m17:59:24.491062 [info ] [MainThread]: 
[0m17:59:24.491270 [info ] [MainThread]: Done. PASS=4 WARN=0 ERROR=0 SKIP=0 NO-OP=0 TOTAL=4
[0m17:59:24.492974 [debug] [MainThread]: Resource report: {"command_name": "run", "command_success": true, "command_wall_clock_time": 0.77959657, "process_in_blocks": "0", "process_kernel_time": 0.189123, "process_mem_max_rss": "121520128", "process_out_blocks": "0", "process_user_time": 1.414876}
[0m17:59:24.493228 [debug] [MainThread]: Command `dbt run` succeeded at 17:59:24.493181 after 0.78 seconds
[0m17:59:24.493454 [debug] [MainThread]: Sending event: {'category': 'dbt', 'action': 'invocation', 'label': 'end', 'context': [<snowplow_tracker.self_describing_json.SelfDescribingJson object at 0x10333de20>, <snowplow_tracker.self_describing_json.SelfDescribingJson object at 0x104521a00>, <snowplow_tracker.self_describing_json.SelfDescribingJson object at 0x104588f70>]}
[0m17:59:24.493687 [debug] [MainThread]: Flushing usage events
[0m17:59:24.715716 [debug] [MainThread]: An error was encountered while trying to flush usage events
[0m18:03:29.296620 [debug] [MainThread]: Sending event: {'category': 'dbt', 'action': 'invocation', 'label': 'start', 'context': [<snowplow_tracker.self_describing_json.SelfDescribingJson object at 0x103b0ed60>, <snowplow_tracker.self_describing_json.SelfDescribingJson object at 0x104dbd910>, <snowplow_tracker.self_describing_json.SelfDescribingJson object at 0x104dbdc10>]}


============================== 18:03:29.299401 | e52c070a-cd5d-42a8-9365-c91857c123e8 ==============================
[0m18:03:29.299401 [info ] [MainThread]: Running with dbt=1.10.22
[0m18:03:29.299785 [debug] [MainThread]: running dbt with arguments {'printer_width': '80', 'indirect_selection': 'eager', 'log_cache_events': 'False', 'write_json': 'True', 'partial_parse': 'True', 'cache_selected_only': 'False', 'warn_error': 'None', 'version_check': 'True', 'profiles_dir': '/Users/nicholaschong/.dbt', 'log_path': '/Users/nicholaschong/Projects/7shifts_summit_project/seven_shifts_project/logs', 'fail_fast': 'False', 'debug': 'False', 'use_colors': 'True', 'use_experimental_parser': 'False', 'empty': 'False', 'quiet': 'False', 'no_print': 'None', 'log_format': 'default', 'static_parser': 'True', 'warn_error_options': 'WarnErrorOptionsV2(error=[], warn=[], silence=[])', 'introspect': 'True', 'target_path': 'None', 'invocation_command': 'dbt run', 'send_anonymous_usage_stats': 'True'}
[0m18:03:29.385819 [debug] [MainThread]: Sending event: {'category': 'dbt', 'action': 'project_id', 'label': 'e52c070a-cd5d-42a8-9365-c91857c123e8', 'context': [<snowplow_tracker.self_describing_json.SelfDescribingJson object at 0x101f44af0>]}
[0m18:03:29.419627 [debug] [MainThread]: Sending event: {'category': 'dbt', 'action': 'adapter_info', 'label': 'e52c070a-cd5d-42a8-9365-c91857c123e8', 'context': [<snowplow_tracker.self_describing_json.SelfDescribingJson object at 0x104f273d0>]}
[0m18:03:29.420272 [info ] [MainThread]: Registered adapter: sqlite=1.10.0
[0m18:03:29.493140 [debug] [MainThread]: checksum: 04c83ee057a648a2f8e380c895ffead170732fa039f068d62b9d36aaeefaf7cc, vars: {}, profile: , target: , version: 1.10.22
[0m18:03:29.576518 [debug] [MainThread]: Partial parsing enabled: 0 files deleted, 0 files added, 0 files changed.
[0m18:03:29.576792 [debug] [MainThread]: Partial parsing enabled, no changes found, skipping parsing
[0m18:03:29.600992 [debug] [MainThread]: Sending event: {'category': 'dbt', 'action': 'load_project', 'label': 'e52c070a-cd5d-42a8-9365-c91857c123e8', 'context': [<snowplow_tracker.self_describing_json.SelfDescribingJson object at 0x10655e130>]}
[0m18:03:29.651310 [debug] [MainThread]: Wrote artifact WritableManifest to /Users/nicholaschong/Projects/7shifts_summit_project/seven_shifts_project/target/manifest.json
[0m18:03:29.652524 [debug] [MainThread]: Wrote artifact SemanticManifest to /Users/nicholaschong/Projects/7shifts_summit_project/seven_shifts_project/target/semantic_manifest.json
[0m18:03:29.663844 [debug] [MainThread]: Sending event: {'category': 'dbt', 'action': 'resource_counts', 'label': 'e52c070a-cd5d-42a8-9365-c91857c123e8', 'context': [<snowplow_tracker.self_describing_json.SelfDescribingJson object at 0x1064d87c0>]}
[0m18:03:29.664145 [info ] [MainThread]: Found 4 models, 3 sources, 416 macros
[0m18:03:29.664383 [debug] [MainThread]: Sending event: {'category': 'dbt', 'action': 'runnable_timing', 'label': 'e52c070a-cd5d-42a8-9365-c91857c123e8', 'context': [<snowplow_tracker.self_describing_json.SelfDescribingJson object at 0x10655e820>]}
[0m18:03:29.665239 [info ] [MainThread]: 
[0m18:03:29.665462 [info ] [MainThread]: Concurrency: 1 threads (target='dev')
[0m18:03:29.665660 [info ] [MainThread]: 
[0m18:03:29.665962 [debug] [MainThread]: Acquiring new sqlite connection 'master'
[0m18:03:29.669212 [debug] [ThreadPool]: Acquiring new sqlite connection 'list_main'
[0m18:03:29.765859 [debug] [ThreadPool]: Using sqlite connection "list_main"
[0m18:03:29.766212 [debug] [ThreadPool]: On list_main: BEGIN
[0m18:03:29.769470 [debug] [ThreadPool]: Opening a new connection, currently in state init
[0m18:03:29.772111 [debug] [ThreadPool]: SQL status: OK in 0.003 seconds
[0m18:03:29.772370 [debug] [ThreadPool]: Using sqlite connection "list_main"
[0m18:03:29.772562 [debug] [ThreadPool]: On list_main: /* {"app": "dbt", "dbt_version": "1.10.22", "profile_name": "seven_shifts_project", "target_name": "dev", "connection_name": "list_main"} */

        pragma database_list
    
[0m18:03:29.772755 [debug] [ThreadPool]: SQL status: OK in 0.000 seconds
[0m18:03:29.773474 [debug] [ThreadPool]: On list_main: ROLLBACK
[0m18:03:29.773661 [debug] [ThreadPool]: On list_main: Close
[0m18:03:29.774348 [debug] [ThreadPool]: Re-using an available connection from the pool (formerly list_main, now list_main_main)
[0m18:03:29.779202 [debug] [ThreadPool]: Using sqlite connection "list_main_main"
[0m18:03:29.779414 [debug] [ThreadPool]: On list_main_main: BEGIN
[0m18:03:29.779593 [debug] [ThreadPool]: Opening a new connection, currently in state closed
[0m18:03:29.779904 [debug] [ThreadPool]: SQL status: OK in 0.000 seconds
[0m18:03:29.780082 [debug] [ThreadPool]: Using sqlite connection "list_main_main"
[0m18:03:29.780262 [debug] [ThreadPool]: On list_main_main: /* {"app": "dbt", "dbt_version": "1.10.22", "profile_name": "seven_shifts_project", "target_name": "dev", "connection_name": "list_main_main"} */

        pragma database_list
    
[0m18:03:29.780444 [debug] [ThreadPool]: SQL status: OK in 0.000 seconds
[0m18:03:29.781141 [debug] [ThreadPool]: Using sqlite connection "list_main_main"
[0m18:03:29.781334 [debug] [ThreadPool]: On list_main_main: /* {"app": "dbt", "dbt_version": "1.10.22", "profile_name": "seven_shifts_project", "target_name": "dev", "connection_name": "list_main_main"} */

            SELECT
                'main' as database
                ,name
                ,'main' AS schema
                ,type as data_type
            FROM
                main.sqlite_master
            WHERE
                name NOT LIKE 'sqlite_%'
        
[0m18:03:29.781922 [debug] [ThreadPool]: SQL status: OK in 0.000 seconds
[0m18:03:29.782682 [debug] [ThreadPool]: On list_main_main: ROLLBACK
[0m18:03:29.782901 [debug] [ThreadPool]: On list_main_main: Close
[0m18:03:29.783795 [debug] [MainThread]: Sending event: {'category': 'dbt', 'action': 'runnable_timing', 'label': 'e52c070a-cd5d-42a8-9365-c91857c123e8', 'context': [<snowplow_tracker.self_describing_json.SelfDescribingJson object at 0x10400c460>]}
[0m18:03:29.784055 [debug] [MainThread]: Using sqlite connection "master"
[0m18:03:29.784230 [debug] [MainThread]: On master: BEGIN
[0m18:03:29.784393 [debug] [MainThread]: Opening a new connection, currently in state init
[0m18:03:29.784659 [debug] [MainThread]: SQL status: OK in 0.000 seconds
[0m18:03:29.784831 [debug] [MainThread]: On master: COMMIT
[0m18:03:29.785002 [debug] [MainThread]: Using sqlite connection "master"
[0m18:03:29.785164 [debug] [MainThread]: On master: COMMIT
[0m18:03:29.785328 [debug] [MainThread]: SQL status: OK in 0.000 seconds
[0m18:03:29.785496 [debug] [MainThread]: On master: Close
[0m18:03:29.786828 [debug] [Thread-1  ]: Began running node model.seven_shifts_project.stg_companies
[0m18:03:29.787125 [info ] [Thread-1  ]: 1 of 4 START sql view model main.stg_companies ................................. [RUN]
[0m18:03:29.787399 [debug] [Thread-1  ]: Re-using an available connection from the pool (formerly list_main_main, now model.seven_shifts_project.stg_companies)
[0m18:03:29.787627 [debug] [Thread-1  ]: Began compiling node model.seven_shifts_project.stg_companies
[0m18:03:29.793742 [debug] [Thread-1  ]: Writing injected SQL for node "model.seven_shifts_project.stg_companies"
[0m18:03:29.794413 [debug] [Thread-1  ]: Began executing node model.seven_shifts_project.stg_companies
[0m18:03:29.805628 [debug] [Thread-1  ]: Using sqlite connection "model.seven_shifts_project.stg_companies"
[0m18:03:29.805887 [debug] [Thread-1  ]: On model.seven_shifts_project.stg_companies: /* {"app": "dbt", "dbt_version": "1.10.22", "profile_name": "seven_shifts_project", "target_name": "dev", "node_id": "model.seven_shifts_project.stg_companies"} */
drop view if exists "main"."stg_companies"
[0m18:03:29.806097 [debug] [Thread-1  ]: Opening a new connection, currently in state closed
[0m18:03:29.807140 [debug] [Thread-1  ]: SQL status: OK in 0.001 seconds
[0m18:03:29.809579 [debug] [Thread-1  ]: Writing runtime sql for node "model.seven_shifts_project.stg_companies"
[0m18:03:29.810110 [debug] [Thread-1  ]: Using sqlite connection "model.seven_shifts_project.stg_companies"
[0m18:03:29.810333 [debug] [Thread-1  ]: On model.seven_shifts_project.stg_companies: BEGIN
[0m18:03:29.810543 [debug] [Thread-1  ]: SQL status: OK in 0.000 seconds
[0m18:03:29.810739 [debug] [Thread-1  ]: Using sqlite connection "model.seven_shifts_project.stg_companies"
[0m18:03:29.810949 [debug] [Thread-1  ]: On model.seven_shifts_project.stg_companies: /* {"app": "dbt", "dbt_version": "1.10.22", "profile_name": "seven_shifts_project", "target_name": "dev", "node_id": "model.seven_shifts_project.stg_companies"} */

    
    create view main."stg_companies" as
    SELECT * FROM main."companies";
[0m18:03:29.811338 [debug] [Thread-1  ]: SQL status: OK in 0.000 seconds
[0m18:03:29.814535 [debug] [Thread-1  ]: On model.seven_shifts_project.stg_companies: COMMIT
[0m18:03:29.814769 [debug] [Thread-1  ]: Using sqlite connection "model.seven_shifts_project.stg_companies"
[0m18:03:29.814976 [debug] [Thread-1  ]: On model.seven_shifts_project.stg_companies: COMMIT
[0m18:03:29.815466 [debug] [Thread-1  ]: SQL status: OK in 0.000 seconds
[0m18:03:29.817063 [debug] [Thread-1  ]: On model.seven_shifts_project.stg_companies: Close
[0m18:03:29.818331 [debug] [Thread-1  ]: Sending event: {'category': 'dbt', 'action': 'run_model', 'label': 'e52c070a-cd5d-42a8-9365-c91857c123e8', 'context': [<snowplow_tracker.self_describing_json.SelfDescribingJson object at 0x106086100>]}
[0m18:03:29.818697 [info ] [Thread-1  ]: 1 of 4 OK created sql view model main.stg_companies ............................ [[32mOK[0m in 0.03s]
[0m18:03:29.819036 [debug] [Thread-1  ]: Finished running node model.seven_shifts_project.stg_companies
[0m18:03:29.819283 [debug] [Thread-1  ]: Began running node model.seven_shifts_project.stg_crm_accounts
[0m18:03:29.819594 [info ] [Thread-1  ]: 2 of 4 START sql view model main.stg_crm_accounts .............................. [RUN]
[0m18:03:29.819860 [debug] [Thread-1  ]: Re-using an available connection from the pool (formerly model.seven_shifts_project.stg_companies, now model.seven_shifts_project.stg_crm_accounts)
[0m18:03:29.820081 [debug] [Thread-1  ]: Began compiling node model.seven_shifts_project.stg_crm_accounts
[0m18:03:29.821815 [debug] [Thread-1  ]: Writing injected SQL for node "model.seven_shifts_project.stg_crm_accounts"
[0m18:03:29.822338 [debug] [Thread-1  ]: Began executing node model.seven_shifts_project.stg_crm_accounts
[0m18:03:29.825360 [debug] [Thread-1  ]: Using sqlite connection "model.seven_shifts_project.stg_crm_accounts"
[0m18:03:29.825586 [debug] [Thread-1  ]: On model.seven_shifts_project.stg_crm_accounts: /* {"app": "dbt", "dbt_version": "1.10.22", "profile_name": "seven_shifts_project", "target_name": "dev", "node_id": "model.seven_shifts_project.stg_crm_accounts"} */
drop view if exists "main"."stg_crm_accounts"
[0m18:03:29.825793 [debug] [Thread-1  ]: Opening a new connection, currently in state closed
[0m18:03:29.826611 [debug] [Thread-1  ]: SQL status: OK in 0.001 seconds
[0m18:03:29.827305 [debug] [Thread-1  ]: Writing runtime sql for node "model.seven_shifts_project.stg_crm_accounts"
[0m18:03:29.827776 [debug] [Thread-1  ]: Using sqlite connection "model.seven_shifts_project.stg_crm_accounts"
[0m18:03:29.827986 [debug] [Thread-1  ]: On model.seven_shifts_project.stg_crm_accounts: BEGIN
[0m18:03:29.828189 [debug] [Thread-1  ]: SQL status: OK in 0.000 seconds
[0m18:03:29.828383 [debug] [Thread-1  ]: Using sqlite connection "model.seven_shifts_project.stg_crm_accounts"
[0m18:03:29.828582 [debug] [Thread-1  ]: On model.seven_shifts_project.stg_crm_accounts: /* {"app": "dbt", "dbt_version": "1.10.22", "profile_name": "seven_shifts_project", "target_name": "dev", "node_id": "model.seven_shifts_project.stg_crm_accounts"} */

    
    create view main."stg_crm_accounts" as
    SELECT * FROM main."crm_accounts";
[0m18:03:29.828911 [debug] [Thread-1  ]: SQL status: OK in 0.000 seconds
[0m18:03:29.829539 [debug] [Thread-1  ]: On model.seven_shifts_project.stg_crm_accounts: COMMIT
[0m18:03:29.829755 [debug] [Thread-1  ]: Using sqlite connection "model.seven_shifts_project.stg_crm_accounts"
[0m18:03:29.829953 [debug] [Thread-1  ]: On model.seven_shifts_project.stg_crm_accounts: COMMIT
[0m18:03:29.830342 [debug] [Thread-1  ]: SQL status: OK in 0.000 seconds
[0m18:03:29.830729 [debug] [Thread-1  ]: On model.seven_shifts_project.stg_crm_accounts: Close
[0m18:03:29.831155 [debug] [Thread-1  ]: Sending event: {'category': 'dbt', 'action': 'run_model', 'label': 'e52c070a-cd5d-42a8-9365-c91857c123e8', 'context': [<snowplow_tracker.self_describing_json.SelfDescribingJson object at 0x1039f5cd0>]}
[0m18:03:29.831534 [info ] [Thread-1  ]: 2 of 4 OK created sql view model main.stg_crm_accounts ......................... [[32mOK[0m in 0.01s]
[0m18:03:29.831879 [debug] [Thread-1  ]: Finished running node model.seven_shifts_project.stg_crm_accounts
[0m18:03:29.832120 [debug] [Thread-1  ]: Began running node model.seven_shifts_project.stg_locations
[0m18:03:29.832435 [info ] [Thread-1  ]: 3 of 4 START sql view model main.stg_locations ................................. [RUN]
[0m18:03:29.832704 [debug] [Thread-1  ]: Re-using an available connection from the pool (formerly model.seven_shifts_project.stg_crm_accounts, now model.seven_shifts_project.stg_locations)
[0m18:03:29.832928 [debug] [Thread-1  ]: Began compiling node model.seven_shifts_project.stg_locations
[0m18:03:29.834897 [debug] [Thread-1  ]: Writing injected SQL for node "model.seven_shifts_project.stg_locations"
[0m18:03:29.835356 [debug] [Thread-1  ]: Began executing node model.seven_shifts_project.stg_locations
[0m18:03:29.838326 [debug] [Thread-1  ]: Using sqlite connection "model.seven_shifts_project.stg_locations"
[0m18:03:29.838565 [debug] [Thread-1  ]: On model.seven_shifts_project.stg_locations: /* {"app": "dbt", "dbt_version": "1.10.22", "profile_name": "seven_shifts_project", "target_name": "dev", "node_id": "model.seven_shifts_project.stg_locations"} */
drop view if exists "main"."stg_locations"
[0m18:03:29.838773 [debug] [Thread-1  ]: Opening a new connection, currently in state closed
[0m18:03:29.839752 [debug] [Thread-1  ]: SQL status: OK in 0.001 seconds
[0m18:03:29.840447 [debug] [Thread-1  ]: Writing runtime sql for node "model.seven_shifts_project.stg_locations"
[0m18:03:29.840789 [debug] [Thread-1  ]: Using sqlite connection "model.seven_shifts_project.stg_locations"
[0m18:03:29.841002 [debug] [Thread-1  ]: On model.seven_shifts_project.stg_locations: BEGIN
[0m18:03:29.841202 [debug] [Thread-1  ]: SQL status: OK in 0.000 seconds
[0m18:03:29.841395 [debug] [Thread-1  ]: Using sqlite connection "model.seven_shifts_project.stg_locations"
[0m18:03:29.841596 [debug] [Thread-1  ]: On model.seven_shifts_project.stg_locations: /* {"app": "dbt", "dbt_version": "1.10.22", "profile_name": "seven_shifts_project", "target_name": "dev", "node_id": "model.seven_shifts_project.stg_locations"} */

    
    create view main."stg_locations" as
    SELECT * FROM main."locations";
[0m18:03:29.841947 [debug] [Thread-1  ]: SQL status: OK in 0.000 seconds
[0m18:03:29.842579 [debug] [Thread-1  ]: On model.seven_shifts_project.stg_locations: COMMIT
[0m18:03:29.842787 [debug] [Thread-1  ]: Using sqlite connection "model.seven_shifts_project.stg_locations"
[0m18:03:29.842983 [debug] [Thread-1  ]: On model.seven_shifts_project.stg_locations: COMMIT
[0m18:03:29.843452 [debug] [Thread-1  ]: SQL status: OK in 0.000 seconds
[0m18:03:29.843857 [debug] [Thread-1  ]: On model.seven_shifts_project.stg_locations: Close
[0m18:03:29.844241 [debug] [Thread-1  ]: Sending event: {'category': 'dbt', 'action': 'run_model', 'label': 'e52c070a-cd5d-42a8-9365-c91857c123e8', 'context': [<snowplow_tracker.self_describing_json.SelfDescribingJson object at 0x1039f5cd0>]}
[0m18:03:29.844588 [info ] [Thread-1  ]: 3 of 4 OK created sql view model main.stg_locations ............................ [[32mOK[0m in 0.01s]
[0m18:03:29.844917 [debug] [Thread-1  ]: Finished running node model.seven_shifts_project.stg_locations
[0m18:03:29.845304 [debug] [Thread-1  ]: Began running node model.seven_shifts_project.fct_vendor_signals
[0m18:03:29.845627 [info ] [Thread-1  ]: 4 of 4 START sql view model main.fct_vendor_signals ............................ [RUN]
[0m18:03:29.845909 [debug] [Thread-1  ]: Re-using an available connection from the pool (formerly model.seven_shifts_project.stg_locations, now model.seven_shifts_project.fct_vendor_signals)
[0m18:03:29.846140 [debug] [Thread-1  ]: Began compiling node model.seven_shifts_project.fct_vendor_signals
[0m18:03:29.850326 [debug] [Thread-1  ]: Writing injected SQL for node "model.seven_shifts_project.fct_vendor_signals"
[0m18:03:29.850693 [debug] [Thread-1  ]: Began executing node model.seven_shifts_project.fct_vendor_signals
[0m18:03:29.853810 [debug] [Thread-1  ]: Using sqlite connection "model.seven_shifts_project.fct_vendor_signals"
[0m18:03:29.854034 [debug] [Thread-1  ]: On model.seven_shifts_project.fct_vendor_signals: /* {"app": "dbt", "dbt_version": "1.10.22", "profile_name": "seven_shifts_project", "target_name": "dev", "node_id": "model.seven_shifts_project.fct_vendor_signals"} */
drop view if exists "main"."fct_vendor_signals"
[0m18:03:29.854240 [debug] [Thread-1  ]: Opening a new connection, currently in state closed
[0m18:03:29.855202 [debug] [Thread-1  ]: SQL status: OK in 0.001 seconds
[0m18:03:29.855935 [debug] [Thread-1  ]: Writing runtime sql for node "model.seven_shifts_project.fct_vendor_signals"
[0m18:03:29.856582 [debug] [Thread-1  ]: Using sqlite connection "model.seven_shifts_project.fct_vendor_signals"
[0m18:03:29.856792 [debug] [Thread-1  ]: On model.seven_shifts_project.fct_vendor_signals: BEGIN
[0m18:03:29.857008 [debug] [Thread-1  ]: SQL status: OK in 0.000 seconds
[0m18:03:29.857208 [debug] [Thread-1  ]: Using sqlite connection "model.seven_shifts_project.fct_vendor_signals"
[0m18:03:29.857555 [debug] [Thread-1  ]: On model.seven_shifts_project.fct_vendor_signals: /* {"app": "dbt", "dbt_version": "1.10.22", "profile_name": "seven_shifts_project", "target_name": "dev", "node_id": "model.seven_shifts_project.fct_vendor_signals"} */

    
    create view main."fct_vendor_signals" as
    WITH crm AS (
    SELECT 
        company_id,
        company_name,
        LOWER(REPLACE(REPLACE(domain, 'www.', ''), 'https://', '')) AS clean_domain,
        plan_name AS crm_plan,
        locations_in_7shifts AS crm_location_count
    FROM main."stg_crm_accounts"
),

vendor_signals AS (
    SELECT 
        c.account_id AS vendor_id,
        c.company_name AS vendor_name,
        c.website AS vendor_website, -- Preserve original name for Python script
        LOWER(REPLACE(REPLACE(c.website, 'www.', ''), 'https://', '')) AS clean_domain,
        c.num_locations AS global_location_count,
        c.pos_vendor AS vendor_pos,
        SUM(CASE WHEN l.city IN ('New York', 'Brooklyn', 'Queens', 'Bronx', 'Staten Island') THEN 1 ELSE 0 END) AS total_nyc_locations,
        ROUND(AVG(CASE WHEN l.city IN ('New York', 'Brooklyn', 'Queens', 'Bronx', 'Staten Island') THEN l.review_rating ELSE NULL END), 1) AS avg_nyc_rating,
        GROUP_CONCAT(DISTINCT LOWER(l.cuisine_type)) AS cuisines
    FROM main."stg_companies" c
    LEFT JOIN main."stg_locations" l ON c.account_id = l.account_id
    GROUP BY 1, 2, 3, 4, 5
),

master_join AS (
    -- Note: SQLite does not support FULL OUTER JOIN. 
    -- We use a UNION of LEFT JOINs to simulate the behavior if needed, 
    -- but here we assume your dbt environment allows this or you are running this in a warehouse.
    SELECT 
        COALESCE(c.clean_domain, v.clean_domain) AS primary_domain,
        c.company_id,
        c.company_name AS crm_name,
        c.crm_plan,
        c.crm_location_count,
        v.vendor_id,
        v.vendor_name,
        v.vendor_website, -- Explicitly passing this through
        v.global_location_count,
        v.total_nyc_locations,
        v.avg_nyc_rating,
        v.vendor_pos,
        v.cuisines,
        (COALESCE(v.global_location_count, 0) - COALESCE(c.crm_location_count, 0)) AS location_whitespace
    FROM crm c
    LEFT JOIN vendor_signals v ON c.clean_domain = v.clean_domain
    UNION
    SELECT 
        v.clean_domain,
        c.company_id,
        c.company_name,
        c.crm_plan,
        c.crm_location_count,
        v.vendor_id,
        v.vendor_name,
        v.vendor_website,
        v.global_location_count,
        v.total_nyc_locations,
        v.avg_nyc_rating,
        v.vendor_pos,
        v.cuisines,
        (COALESCE(v.global_location_count, 0) - COALESCE(c.crm_location_count, 0))
    FROM vendor_signals v
    LEFT JOIN crm c ON v.clean_domain = c.clean_domain
),

filtered_and_segmented AS (
    SELECT 
        *,
        CASE 
            WHEN company_id IS NOT NULL 
                 AND total_nyc_locations >= 3 
                 AND avg_nyc_rating >= 4.0 
            THEN 'CREDIBLE_PARTNER'
            
            -- Corrected Plan Names: Essentials and Comp
            WHEN company_id IS NOT NULL 
                 AND (location_whitespace >= 2 OR crm_plan IN ('Essentials', 'Comp'))
            THEN 'EXPANSION_OPPORTUNITY'
            
            WHEN company_id IS NULL 
                 AND total_nyc_locations >= 1 
            THEN 'NET_NEW_TARGET'
            
            ELSE 'UNCLASSIFIED'
        END AS gtm_segment
    FROM master_join
    WHERE 
        (global_location_count <= 50 OR global_location_count IS NULL)
        AND (cuisines NOT LIKE '%pharmacy%' 
             AND cuisines NOT LIKE '%cvs%' 
             AND cuisines NOT LIKE '%apparel%'
             AND cuisines NOT LIKE '%convenience%'
             AND cuisines NOT LIKE '%grocery%'
             AND cuisines NOT LIKE '%supermarket%'
             AND cuisines NOT LIKE '%department store%')
)

SELECT * FROM filtered_and_segmented
WHERE gtm_segment != 'UNCLASSIFIED';
[0m18:03:29.858288 [debug] [Thread-1  ]: SQL status: OK in 0.000 seconds
[0m18:03:29.858961 [debug] [Thread-1  ]: On model.seven_shifts_project.fct_vendor_signals: COMMIT
[0m18:03:29.859179 [debug] [Thread-1  ]: Using sqlite connection "model.seven_shifts_project.fct_vendor_signals"
[0m18:03:29.859382 [debug] [Thread-1  ]: On model.seven_shifts_project.fct_vendor_signals: COMMIT
[0m18:03:29.860003 [debug] [Thread-1  ]: SQL status: OK in 0.000 seconds
[0m18:03:29.860390 [debug] [Thread-1  ]: On model.seven_shifts_project.fct_vendor_signals: Close
[0m18:03:29.860759 [debug] [Thread-1  ]: Sending event: {'category': 'dbt', 'action': 'run_model', 'label': 'e52c070a-cd5d-42a8-9365-c91857c123e8', 'context': [<snowplow_tracker.self_describing_json.SelfDescribingJson object at 0x106d6fa60>]}
[0m18:03:29.861103 [info ] [Thread-1  ]: 4 of 4 OK created sql view model main.fct_vendor_signals ....................... [[32mOK[0m in 0.01s]
[0m18:03:29.861435 [debug] [Thread-1  ]: Finished running node model.seven_shifts_project.fct_vendor_signals
[0m18:03:29.862018 [debug] [MainThread]: Using sqlite connection "master"
[0m18:03:29.862240 [debug] [MainThread]: On master: BEGIN
[0m18:03:29.862428 [debug] [MainThread]: Opening a new connection, currently in state closed
[0m18:03:29.862754 [debug] [MainThread]: SQL status: OK in 0.000 seconds
[0m18:03:29.862944 [debug] [MainThread]: On master: COMMIT
[0m18:03:29.863132 [debug] [MainThread]: Using sqlite connection "master"
[0m18:03:29.863310 [debug] [MainThread]: On master: COMMIT
[0m18:03:29.863496 [debug] [MainThread]: SQL status: OK in 0.000 seconds
[0m18:03:29.863677 [debug] [MainThread]: On master: Close
[0m18:03:29.863902 [debug] [MainThread]: Connection 'master' was properly closed.
[0m18:03:29.864065 [debug] [MainThread]: Connection 'model.seven_shifts_project.fct_vendor_signals' was properly closed.
[0m18:03:29.864271 [info ] [MainThread]: 
[0m18:03:29.864475 [info ] [MainThread]: Finished running 4 view models in 0 hours 0 minutes and 0.20 seconds (0.20s).
[0m18:03:29.865058 [debug] [MainThread]: Command end result
[0m18:03:29.878580 [debug] [MainThread]: Wrote artifact WritableManifest to /Users/nicholaschong/Projects/7shifts_summit_project/seven_shifts_project/target/manifest.json
[0m18:03:29.879576 [debug] [MainThread]: Wrote artifact SemanticManifest to /Users/nicholaschong/Projects/7shifts_summit_project/seven_shifts_project/target/semantic_manifest.json
[0m18:03:29.883741 [debug] [MainThread]: Wrote artifact RunExecutionResult to /Users/nicholaschong/Projects/7shifts_summit_project/seven_shifts_project/target/run_results.json
[0m18:03:29.883960 [info ] [MainThread]: 
[0m18:03:29.884202 [info ] [MainThread]: [32mCompleted successfully[0m
[0m18:03:29.884439 [info ] [MainThread]: 
[0m18:03:29.884751 [info ] [MainThread]: Done. PASS=4 WARN=0 ERROR=0 SKIP=0 NO-OP=0 TOTAL=4
[0m18:03:29.886654 [debug] [MainThread]: Resource report: {"command_name": "run", "command_success": true, "command_wall_clock_time": 0.63463116, "process_in_blocks": "0", "process_kernel_time": 0.162699, "process_mem_max_rss": "117817344", "process_out_blocks": "0", "process_user_time": 1.208044}
[0m18:03:29.886916 [debug] [MainThread]: Command `dbt run` succeeded at 18:03:29.886867 after 0.63 seconds
[0m18:03:29.887137 [debug] [MainThread]: Sending event: {'category': 'dbt', 'action': 'invocation', 'label': 'end', 'context': [<snowplow_tracker.self_describing_json.SelfDescribingJson object at 0x103b0ed60>, <snowplow_tracker.self_describing_json.SelfDescribingJson object at 0x1040d5d60>, <snowplow_tracker.self_describing_json.SelfDescribingJson object at 0x1060863a0>]}
[0m18:03:29.887365 [debug] [MainThread]: Flushing usage events
[0m18:03:30.177161 [debug] [MainThread]: An error was encountered while trying to flush usage events
[0m18:05:16.743250 [debug] [MainThread]: Sending event: {'category': 'dbt', 'action': 'invocation', 'label': 'start', 'context': [<snowplow_tracker.self_describing_json.SelfDescribingJson object at 0x103fb6d90>, <snowplow_tracker.self_describing_json.SelfDescribingJson object at 0x1050461f0>, <snowplow_tracker.self_describing_json.SelfDescribingJson object at 0x1050464f0>]}


============================== 18:05:16.746255 | b00bfb1d-99d1-42e1-8393-35f0a389e8d5 ==============================
[0m18:05:16.746255 [info ] [MainThread]: Running with dbt=1.10.22
[0m18:05:16.746652 [debug] [MainThread]: running dbt with arguments {'printer_width': '80', 'indirect_selection': 'eager', 'log_cache_events': 'False', 'write_json': 'True', 'partial_parse': 'True', 'cache_selected_only': 'False', 'profiles_dir': '/Users/nicholaschong/.dbt', 'debug': 'False', 'warn_error': 'None', 'log_path': '/Users/nicholaschong/Projects/7shifts_summit_project/seven_shifts_project/logs', 'fail_fast': 'False', 'version_check': 'True', 'use_colors': 'True', 'use_experimental_parser': 'False', 'no_print': 'None', 'quiet': 'False', 'empty': 'False', 'log_format': 'default', 'invocation_command': 'dbt run', 'static_parser': 'True', 'introspect': 'True', 'target_path': 'None', 'warn_error_options': 'WarnErrorOptionsV2(error=[], warn=[], silence=[])', 'send_anonymous_usage_stats': 'True'}
[0m18:05:16.836156 [debug] [MainThread]: Sending event: {'category': 'dbt', 'action': 'project_id', 'label': 'b00bfb1d-99d1-42e1-8393-35f0a389e8d5', 'context': [<snowplow_tracker.self_describing_json.SelfDescribingJson object at 0x1050a1040>]}
[0m18:05:16.870169 [debug] [MainThread]: Sending event: {'category': 'dbt', 'action': 'adapter_info', 'label': 'b00bfb1d-99d1-42e1-8393-35f0a389e8d5', 'context': [<snowplow_tracker.self_describing_json.SelfDescribingJson object at 0x1050a1580>]}
[0m18:05:16.870860 [info ] [MainThread]: Registered adapter: sqlite=1.10.0
[0m18:05:16.946480 [debug] [MainThread]: checksum: 04c83ee057a648a2f8e380c895ffead170732fa039f068d62b9d36aaeefaf7cc, vars: {}, profile: , target: , version: 1.10.22
[0m18:05:17.031552 [debug] [MainThread]: Partial parsing enabled: 0 files deleted, 0 files added, 1 files changed.
[0m18:05:17.031927 [debug] [MainThread]: Partial parsing: updated file: seven_shifts_project://models/marts/fct_vendor_signals.sql
[0m18:05:17.206459 [debug] [MainThread]: Sending event: {'category': 'dbt', 'action': 'load_project', 'label': 'b00bfb1d-99d1-42e1-8393-35f0a389e8d5', 'context': [<snowplow_tracker.self_describing_json.SelfDescribingJson object at 0x105138310>]}
[0m18:05:17.254211 [debug] [MainThread]: Wrote artifact WritableManifest to /Users/nicholaschong/Projects/7shifts_summit_project/seven_shifts_project/target/manifest.json
[0m18:05:17.255391 [debug] [MainThread]: Wrote artifact SemanticManifest to /Users/nicholaschong/Projects/7shifts_summit_project/seven_shifts_project/target/semantic_manifest.json
[0m18:05:17.267051 [debug] [MainThread]: Sending event: {'category': 'dbt', 'action': 'resource_counts', 'label': 'b00bfb1d-99d1-42e1-8393-35f0a389e8d5', 'context': [<snowplow_tracker.self_describing_json.SelfDescribingJson object at 0x105745220>]}
[0m18:05:17.267356 [info ] [MainThread]: Found 4 models, 3 sources, 416 macros
[0m18:05:17.267582 [debug] [MainThread]: Sending event: {'category': 'dbt', 'action': 'runnable_timing', 'label': 'b00bfb1d-99d1-42e1-8393-35f0a389e8d5', 'context': [<snowplow_tracker.self_describing_json.SelfDescribingJson object at 0x1056a60d0>]}
[0m18:05:17.268385 [info ] [MainThread]: 
[0m18:05:17.268610 [info ] [MainThread]: Concurrency: 1 threads (target='dev')
[0m18:05:17.268801 [info ] [MainThread]: 
[0m18:05:17.269087 [debug] [MainThread]: Acquiring new sqlite connection 'master'
[0m18:05:17.272314 [debug] [ThreadPool]: Acquiring new sqlite connection 'list_main'
[0m18:05:17.307866 [debug] [ThreadPool]: Using sqlite connection "list_main"
[0m18:05:17.308127 [debug] [ThreadPool]: On list_main: BEGIN
[0m18:05:17.308322 [debug] [ThreadPool]: Opening a new connection, currently in state init
[0m18:05:17.310167 [debug] [ThreadPool]: SQL status: OK in 0.002 seconds
[0m18:05:17.310386 [debug] [ThreadPool]: Using sqlite connection "list_main"
[0m18:05:17.310567 [debug] [ThreadPool]: On list_main: /* {"app": "dbt", "dbt_version": "1.10.22", "profile_name": "seven_shifts_project", "target_name": "dev", "connection_name": "list_main"} */

        pragma database_list
    
[0m18:05:17.310754 [debug] [ThreadPool]: SQL status: OK in 0.000 seconds
[0m18:05:17.311444 [debug] [ThreadPool]: On list_main: ROLLBACK
[0m18:05:17.311630 [debug] [ThreadPool]: On list_main: Close
[0m18:05:17.312309 [debug] [ThreadPool]: Re-using an available connection from the pool (formerly list_main, now list_main_main)
[0m18:05:17.317151 [debug] [ThreadPool]: Using sqlite connection "list_main_main"
[0m18:05:17.317347 [debug] [ThreadPool]: On list_main_main: BEGIN
[0m18:05:17.317515 [debug] [ThreadPool]: Opening a new connection, currently in state closed
[0m18:05:17.317797 [debug] [ThreadPool]: SQL status: OK in 0.000 seconds
[0m18:05:17.317973 [debug] [ThreadPool]: Using sqlite connection "list_main_main"
[0m18:05:17.318145 [debug] [ThreadPool]: On list_main_main: /* {"app": "dbt", "dbt_version": "1.10.22", "profile_name": "seven_shifts_project", "target_name": "dev", "connection_name": "list_main_main"} */

        pragma database_list
    
[0m18:05:17.318323 [debug] [ThreadPool]: SQL status: OK in 0.000 seconds
[0m18:05:17.319012 [debug] [ThreadPool]: Using sqlite connection "list_main_main"
[0m18:05:17.319200 [debug] [ThreadPool]: On list_main_main: /* {"app": "dbt", "dbt_version": "1.10.22", "profile_name": "seven_shifts_project", "target_name": "dev", "connection_name": "list_main_main"} */

            SELECT
                'main' as database
                ,name
                ,'main' AS schema
                ,type as data_type
            FROM
                main.sqlite_master
            WHERE
                name NOT LIKE 'sqlite_%'
        
[0m18:05:17.319884 [debug] [ThreadPool]: SQL status: OK in 0.000 seconds
[0m18:05:17.320570 [debug] [ThreadPool]: On list_main_main: ROLLBACK
[0m18:05:17.320761 [debug] [ThreadPool]: On list_main_main: Close
[0m18:05:17.321601 [debug] [MainThread]: Sending event: {'category': 'dbt', 'action': 'runnable_timing', 'label': 'b00bfb1d-99d1-42e1-8393-35f0a389e8d5', 'context': [<snowplow_tracker.self_describing_json.SelfDescribingJson object at 0x105bb71f0>]}
[0m18:05:17.321864 [debug] [MainThread]: Using sqlite connection "master"
[0m18:05:17.322036 [debug] [MainThread]: On master: BEGIN
[0m18:05:17.322196 [debug] [MainThread]: Opening a new connection, currently in state init
[0m18:05:17.322464 [debug] [MainThread]: SQL status: OK in 0.000 seconds
[0m18:05:17.322738 [debug] [MainThread]: On master: COMMIT
[0m18:05:17.322919 [debug] [MainThread]: Using sqlite connection "master"
[0m18:05:17.323088 [debug] [MainThread]: On master: COMMIT
[0m18:05:17.323253 [debug] [MainThread]: SQL status: OK in 0.000 seconds
[0m18:05:17.323415 [debug] [MainThread]: On master: Close
[0m18:05:17.324662 [debug] [Thread-1  ]: Began running node model.seven_shifts_project.stg_companies
[0m18:05:17.324957 [info ] [Thread-1  ]: 1 of 4 START sql view model main.stg_companies ................................. [RUN]
[0m18:05:17.325231 [debug] [Thread-1  ]: Re-using an available connection from the pool (formerly list_main_main, now model.seven_shifts_project.stg_companies)
[0m18:05:17.325456 [debug] [Thread-1  ]: Began compiling node model.seven_shifts_project.stg_companies
[0m18:05:17.331719 [debug] [Thread-1  ]: Writing injected SQL for node "model.seven_shifts_project.stg_companies"
[0m18:05:17.332452 [debug] [Thread-1  ]: Began executing node model.seven_shifts_project.stg_companies
[0m18:05:17.343253 [debug] [Thread-1  ]: Using sqlite connection "model.seven_shifts_project.stg_companies"
[0m18:05:17.343504 [debug] [Thread-1  ]: On model.seven_shifts_project.stg_companies: /* {"app": "dbt", "dbt_version": "1.10.22", "profile_name": "seven_shifts_project", "target_name": "dev", "node_id": "model.seven_shifts_project.stg_companies"} */
drop view if exists "main"."stg_companies"
[0m18:05:17.343711 [debug] [Thread-1  ]: Opening a new connection, currently in state closed
[0m18:05:17.344866 [debug] [Thread-1  ]: SQL status: OK in 0.001 seconds
[0m18:05:17.347329 [debug] [Thread-1  ]: Writing runtime sql for node "model.seven_shifts_project.stg_companies"
[0m18:05:17.347759 [debug] [Thread-1  ]: Using sqlite connection "model.seven_shifts_project.stg_companies"
[0m18:05:17.347987 [debug] [Thread-1  ]: On model.seven_shifts_project.stg_companies: BEGIN
[0m18:05:17.348202 [debug] [Thread-1  ]: SQL status: OK in 0.000 seconds
[0m18:05:17.348394 [debug] [Thread-1  ]: Using sqlite connection "model.seven_shifts_project.stg_companies"
[0m18:05:17.348588 [debug] [Thread-1  ]: On model.seven_shifts_project.stg_companies: /* {"app": "dbt", "dbt_version": "1.10.22", "profile_name": "seven_shifts_project", "target_name": "dev", "node_id": "model.seven_shifts_project.stg_companies"} */

    
    create view main."stg_companies" as
    SELECT * FROM main."companies";
[0m18:05:17.348952 [debug] [Thread-1  ]: SQL status: OK in 0.000 seconds
[0m18:05:17.352356 [debug] [Thread-1  ]: On model.seven_shifts_project.stg_companies: COMMIT
[0m18:05:17.352602 [debug] [Thread-1  ]: Using sqlite connection "model.seven_shifts_project.stg_companies"
[0m18:05:17.352812 [debug] [Thread-1  ]: On model.seven_shifts_project.stg_companies: COMMIT
[0m18:05:17.353362 [debug] [Thread-1  ]: SQL status: OK in 0.000 seconds
[0m18:05:17.354918 [debug] [Thread-1  ]: On model.seven_shifts_project.stg_companies: Close
[0m18:05:17.356119 [debug] [Thread-1  ]: Sending event: {'category': 'dbt', 'action': 'run_model', 'label': 'b00bfb1d-99d1-42e1-8393-35f0a389e8d5', 'context': [<snowplow_tracker.self_describing_json.SelfDescribingJson object at 0x105aa5550>]}
[0m18:05:17.356501 [info ] [Thread-1  ]: 1 of 4 OK created sql view model main.stg_companies ............................ [[32mOK[0m in 0.03s]
[0m18:05:17.356842 [debug] [Thread-1  ]: Finished running node model.seven_shifts_project.stg_companies
[0m18:05:17.357085 [debug] [Thread-1  ]: Began running node model.seven_shifts_project.stg_crm_accounts
[0m18:05:17.357397 [info ] [Thread-1  ]: 2 of 4 START sql view model main.stg_crm_accounts .............................. [RUN]
[0m18:05:17.357659 [debug] [Thread-1  ]: Re-using an available connection from the pool (formerly model.seven_shifts_project.stg_companies, now model.seven_shifts_project.stg_crm_accounts)
[0m18:05:17.357881 [debug] [Thread-1  ]: Began compiling node model.seven_shifts_project.stg_crm_accounts
[0m18:05:17.360328 [debug] [Thread-1  ]: Writing injected SQL for node "model.seven_shifts_project.stg_crm_accounts"
[0m18:05:17.360842 [debug] [Thread-1  ]: Began executing node model.seven_shifts_project.stg_crm_accounts
[0m18:05:17.363739 [debug] [Thread-1  ]: Using sqlite connection "model.seven_shifts_project.stg_crm_accounts"
[0m18:05:17.363962 [debug] [Thread-1  ]: On model.seven_shifts_project.stg_crm_accounts: /* {"app": "dbt", "dbt_version": "1.10.22", "profile_name": "seven_shifts_project", "target_name": "dev", "node_id": "model.seven_shifts_project.stg_crm_accounts"} */
drop view if exists "main"."stg_crm_accounts"
[0m18:05:17.364243 [debug] [Thread-1  ]: Opening a new connection, currently in state closed
[0m18:05:17.365266 [debug] [Thread-1  ]: SQL status: OK in 0.001 seconds
[0m18:05:17.365962 [debug] [Thread-1  ]: Writing runtime sql for node "model.seven_shifts_project.stg_crm_accounts"
[0m18:05:17.366300 [debug] [Thread-1  ]: Using sqlite connection "model.seven_shifts_project.stg_crm_accounts"
[0m18:05:17.366531 [debug] [Thread-1  ]: On model.seven_shifts_project.stg_crm_accounts: BEGIN
[0m18:05:17.366789 [debug] [Thread-1  ]: SQL status: OK in 0.000 seconds
[0m18:05:17.367011 [debug] [Thread-1  ]: Using sqlite connection "model.seven_shifts_project.stg_crm_accounts"
[0m18:05:17.367234 [debug] [Thread-1  ]: On model.seven_shifts_project.stg_crm_accounts: /* {"app": "dbt", "dbt_version": "1.10.22", "profile_name": "seven_shifts_project", "target_name": "dev", "node_id": "model.seven_shifts_project.stg_crm_accounts"} */

    
    create view main."stg_crm_accounts" as
    SELECT * FROM main."crm_accounts";
[0m18:05:17.367649 [debug] [Thread-1  ]: SQL status: OK in 0.000 seconds
[0m18:05:17.368339 [debug] [Thread-1  ]: On model.seven_shifts_project.stg_crm_accounts: COMMIT
[0m18:05:17.368771 [debug] [Thread-1  ]: Using sqlite connection "model.seven_shifts_project.stg_crm_accounts"
[0m18:05:17.369099 [debug] [Thread-1  ]: On model.seven_shifts_project.stg_crm_accounts: COMMIT
[0m18:05:17.369571 [debug] [Thread-1  ]: SQL status: OK in 0.000 seconds
[0m18:05:17.369997 [debug] [Thread-1  ]: On model.seven_shifts_project.stg_crm_accounts: Close
[0m18:05:17.370391 [debug] [Thread-1  ]: Sending event: {'category': 'dbt', 'action': 'run_model', 'label': 'b00bfb1d-99d1-42e1-8393-35f0a389e8d5', 'context': [<snowplow_tracker.self_describing_json.SelfDescribingJson object at 0x1051ddd30>]}
[0m18:05:17.370746 [info ] [Thread-1  ]: 2 of 4 OK created sql view model main.stg_crm_accounts ......................... [[32mOK[0m in 0.01s]
[0m18:05:17.371099 [debug] [Thread-1  ]: Finished running node model.seven_shifts_project.stg_crm_accounts
[0m18:05:17.371340 [debug] [Thread-1  ]: Began running node model.seven_shifts_project.stg_locations
[0m18:05:17.371630 [info ] [Thread-1  ]: 3 of 4 START sql view model main.stg_locations ................................. [RUN]
[0m18:05:17.371890 [debug] [Thread-1  ]: Re-using an available connection from the pool (formerly model.seven_shifts_project.stg_crm_accounts, now model.seven_shifts_project.stg_locations)
[0m18:05:17.372110 [debug] [Thread-1  ]: Began compiling node model.seven_shifts_project.stg_locations
[0m18:05:17.373984 [debug] [Thread-1  ]: Writing injected SQL for node "model.seven_shifts_project.stg_locations"
[0m18:05:17.374348 [debug] [Thread-1  ]: Began executing node model.seven_shifts_project.stg_locations
[0m18:05:17.377170 [debug] [Thread-1  ]: Using sqlite connection "model.seven_shifts_project.stg_locations"
[0m18:05:17.377399 [debug] [Thread-1  ]: On model.seven_shifts_project.stg_locations: /* {"app": "dbt", "dbt_version": "1.10.22", "profile_name": "seven_shifts_project", "target_name": "dev", "node_id": "model.seven_shifts_project.stg_locations"} */
drop view if exists "main"."stg_locations"
[0m18:05:17.377609 [debug] [Thread-1  ]: Opening a new connection, currently in state closed
[0m18:05:17.378500 [debug] [Thread-1  ]: SQL status: OK in 0.001 seconds
[0m18:05:17.379219 [debug] [Thread-1  ]: Writing runtime sql for node "model.seven_shifts_project.stg_locations"
[0m18:05:17.379561 [debug] [Thread-1  ]: Using sqlite connection "model.seven_shifts_project.stg_locations"
[0m18:05:17.379766 [debug] [Thread-1  ]: On model.seven_shifts_project.stg_locations: BEGIN
[0m18:05:17.379971 [debug] [Thread-1  ]: SQL status: OK in 0.000 seconds
[0m18:05:17.380165 [debug] [Thread-1  ]: Using sqlite connection "model.seven_shifts_project.stg_locations"
[0m18:05:17.380361 [debug] [Thread-1  ]: On model.seven_shifts_project.stg_locations: /* {"app": "dbt", "dbt_version": "1.10.22", "profile_name": "seven_shifts_project", "target_name": "dev", "node_id": "model.seven_shifts_project.stg_locations"} */

    
    create view main."stg_locations" as
    SELECT * FROM main."locations";
[0m18:05:17.380718 [debug] [Thread-1  ]: SQL status: OK in 0.000 seconds
[0m18:05:17.381347 [debug] [Thread-1  ]: On model.seven_shifts_project.stg_locations: COMMIT
[0m18:05:17.381548 [debug] [Thread-1  ]: Using sqlite connection "model.seven_shifts_project.stg_locations"
[0m18:05:17.381741 [debug] [Thread-1  ]: On model.seven_shifts_project.stg_locations: COMMIT
[0m18:05:17.382185 [debug] [Thread-1  ]: SQL status: OK in 0.000 seconds
[0m18:05:17.382553 [debug] [Thread-1  ]: On model.seven_shifts_project.stg_locations: Close
[0m18:05:17.382927 [debug] [Thread-1  ]: Sending event: {'category': 'dbt', 'action': 'run_model', 'label': 'b00bfb1d-99d1-42e1-8393-35f0a389e8d5', 'context': [<snowplow_tracker.self_describing_json.SelfDescribingJson object at 0x103a35400>]}
[0m18:05:17.383285 [info ] [Thread-1  ]: 3 of 4 OK created sql view model main.stg_locations ............................ [[32mOK[0m in 0.01s]
[0m18:05:17.383608 [debug] [Thread-1  ]: Finished running node model.seven_shifts_project.stg_locations
[0m18:05:17.384005 [debug] [Thread-1  ]: Began running node model.seven_shifts_project.fct_vendor_signals
[0m18:05:17.384340 [info ] [Thread-1  ]: 4 of 4 START sql view model main.fct_vendor_signals ............................ [RUN]
[0m18:05:17.384637 [debug] [Thread-1  ]: Re-using an available connection from the pool (formerly model.seven_shifts_project.stg_locations, now model.seven_shifts_project.fct_vendor_signals)
[0m18:05:17.384865 [debug] [Thread-1  ]: Began compiling node model.seven_shifts_project.fct_vendor_signals
[0m18:05:17.388398 [debug] [Thread-1  ]: Writing injected SQL for node "model.seven_shifts_project.fct_vendor_signals"
[0m18:05:17.388797 [debug] [Thread-1  ]: Began executing node model.seven_shifts_project.fct_vendor_signals
[0m18:05:17.392509 [debug] [Thread-1  ]: Using sqlite connection "model.seven_shifts_project.fct_vendor_signals"
[0m18:05:17.392727 [debug] [Thread-1  ]: On model.seven_shifts_project.fct_vendor_signals: /* {"app": "dbt", "dbt_version": "1.10.22", "profile_name": "seven_shifts_project", "target_name": "dev", "node_id": "model.seven_shifts_project.fct_vendor_signals"} */
drop view if exists "main"."fct_vendor_signals"
[0m18:05:17.392927 [debug] [Thread-1  ]: Opening a new connection, currently in state closed
[0m18:05:17.393801 [debug] [Thread-1  ]: SQL status: OK in 0.001 seconds
[0m18:05:17.394526 [debug] [Thread-1  ]: Writing runtime sql for node "model.seven_shifts_project.fct_vendor_signals"
[0m18:05:17.395051 [debug] [Thread-1  ]: Using sqlite connection "model.seven_shifts_project.fct_vendor_signals"
[0m18:05:17.395302 [debug] [Thread-1  ]: On model.seven_shifts_project.fct_vendor_signals: BEGIN
[0m18:05:17.395536 [debug] [Thread-1  ]: SQL status: OK in 0.000 seconds
[0m18:05:17.395767 [debug] [Thread-1  ]: Using sqlite connection "model.seven_shifts_project.fct_vendor_signals"
[0m18:05:17.396024 [debug] [Thread-1  ]: On model.seven_shifts_project.fct_vendor_signals: /* {"app": "dbt", "dbt_version": "1.10.22", "profile_name": "seven_shifts_project", "target_name": "dev", "node_id": "model.seven_shifts_project.fct_vendor_signals"} */

    
    create view main."fct_vendor_signals" as
    WITH crm AS (
    SELECT 
        company_id,
        company_name,
        LOWER(REPLACE(REPLACE(domain, 'www.', ''), 'https://', '')) AS clean_domain,
        plan_name AS crm_plan,
        locations_in_7shifts AS crm_location_count
    FROM main."stg_crm_accounts"
),

vendor_signals AS (
    SELECT 
        account_id AS vendor_id,
        company_name AS vendor_name,
        website AS vendor_website,
        LOWER(REPLACE(REPLACE(website, 'www.', ''), 'https://', '')) AS clean_domain,
        num_locations AS global_location_count,
        pos_vendor AS vendor_pos,
        SUM(CASE WHEN l.city IN ('New York', 'Brooklyn', 'Queens', 'Bronx', 'Staten Island') THEN 1 ELSE 0 END) AS total_nyc_locations,
        ROUND(AVG(CASE WHEN l.city IN ('New York', 'Brooklyn', 'Queens', 'Bronx', 'Staten Island') THEN l.review_rating ELSE NULL END), 1) AS avg_nyc_rating,
        GROUP_CONCAT(DISTINCT LOWER(l.cuisine_type)) AS cuisines
    FROM main."stg_companies" c
    LEFT JOIN main."stg_locations" l ON c.account_id = l.account_id
    GROUP BY 1, 2, 3, 4, 5
),

final_union AS (
    -- CRM side of the union: Explicitly nullify vendor-specific columns
    SELECT 
        clean_domain,
        company_id,
        company_name AS crm_name,
        crm_plan,
        crm_location_count,
        CAST(NULL AS TEXT) AS vendor_id,
        CAST(NULL AS TEXT) AS vendor_name,
        CAST(NULL AS TEXT) AS vendor_website,
        0 AS global_location_count,
        0 AS total_nyc_locations,
        0 AS avg_nyc_rating,
        CAST(NULL AS TEXT) AS vendor_pos,
        CAST(NULL AS TEXT) AS cuisines
    FROM crm

    UNION ALL

    -- Vendor side of the union: Explicitly nullify CRM-specific columns
    SELECT 
        clean_domain,
        CAST(NULL AS TEXT) AS company_id,
        CAST(NULL AS TEXT) AS crm_name,
        CAST(NULL AS TEXT) AS crm_plan,
        0 AS crm_location_count,
        vendor_id,
        vendor_name,
        vendor_website,
        global_location_count,
        total_nyc_locations,
        avg_nyc_rating,
        vendor_pos,
        cuisines
    FROM vendor_signals
)

SELECT * FROM final_union;
[0m18:05:17.396564 [debug] [Thread-1  ]: SQL status: OK in 0.000 seconds
[0m18:05:17.397219 [debug] [Thread-1  ]: On model.seven_shifts_project.fct_vendor_signals: COMMIT
[0m18:05:17.397423 [debug] [Thread-1  ]: Using sqlite connection "model.seven_shifts_project.fct_vendor_signals"
[0m18:05:17.397626 [debug] [Thread-1  ]: On model.seven_shifts_project.fct_vendor_signals: COMMIT
[0m18:05:17.398003 [debug] [Thread-1  ]: SQL status: OK in 0.000 seconds
[0m18:05:17.398391 [debug] [Thread-1  ]: On model.seven_shifts_project.fct_vendor_signals: Close
[0m18:05:17.398723 [debug] [Thread-1  ]: Sending event: {'category': 'dbt', 'action': 'run_model', 'label': 'b00bfb1d-99d1-42e1-8393-35f0a389e8d5', 'context': [<snowplow_tracker.self_describing_json.SelfDescribingJson object at 0x103a35400>]}
[0m18:05:17.399061 [info ] [Thread-1  ]: 4 of 4 OK created sql view model main.fct_vendor_signals ....................... [[32mOK[0m in 0.01s]
[0m18:05:17.399385 [debug] [Thread-1  ]: Finished running node model.seven_shifts_project.fct_vendor_signals
[0m18:05:17.399915 [debug] [MainThread]: Using sqlite connection "master"
[0m18:05:17.400107 [debug] [MainThread]: On master: BEGIN
[0m18:05:17.400282 [debug] [MainThread]: Opening a new connection, currently in state closed
[0m18:05:17.400595 [debug] [MainThread]: SQL status: OK in 0.000 seconds
[0m18:05:17.400782 [debug] [MainThread]: On master: COMMIT
[0m18:05:17.400964 [debug] [MainThread]: Using sqlite connection "master"
[0m18:05:17.401142 [debug] [MainThread]: On master: COMMIT
[0m18:05:17.401322 [debug] [MainThread]: SQL status: OK in 0.000 seconds
[0m18:05:17.401493 [debug] [MainThread]: On master: Close
[0m18:05:17.401723 [debug] [MainThread]: Connection 'master' was properly closed.
[0m18:05:17.401904 [debug] [MainThread]: Connection 'model.seven_shifts_project.fct_vendor_signals' was properly closed.
[0m18:05:17.402221 [info ] [MainThread]: 
[0m18:05:17.402445 [info ] [MainThread]: Finished running 4 view models in 0 hours 0 minutes and 0.13 seconds (0.13s).
[0m18:05:17.403056 [debug] [MainThread]: Command end result
[0m18:05:17.416055 [debug] [MainThread]: Wrote artifact WritableManifest to /Users/nicholaschong/Projects/7shifts_summit_project/seven_shifts_project/target/manifest.json
[0m18:05:17.417068 [debug] [MainThread]: Wrote artifact SemanticManifest to /Users/nicholaschong/Projects/7shifts_summit_project/seven_shifts_project/target/semantic_manifest.json
[0m18:05:17.421719 [debug] [MainThread]: Wrote artifact RunExecutionResult to /Users/nicholaschong/Projects/7shifts_summit_project/seven_shifts_project/target/run_results.json
[0m18:05:17.421933 [info ] [MainThread]: 
[0m18:05:17.422177 [info ] [MainThread]: [32mCompleted successfully[0m
[0m18:05:17.422372 [info ] [MainThread]: 
[0m18:05:17.422576 [info ] [MainThread]: Done. PASS=4 WARN=0 ERROR=0 SKIP=0 NO-OP=0 TOTAL=4
[0m18:05:17.424291 [debug] [MainThread]: Resource report: {"command_name": "run", "command_success": true, "command_wall_clock_time": 0.72690725, "process_in_blocks": "0", "process_kernel_time": 0.172538, "process_mem_max_rss": "121454592", "process_out_blocks": "0", "process_user_time": 1.319082}
[0m18:05:17.424526 [debug] [MainThread]: Command `dbt run` succeeded at 18:05:17.424484 after 0.73 seconds
[0m18:05:17.424741 [debug] [MainThread]: Sending event: {'category': 'dbt', 'action': 'invocation', 'label': 'end', 'context': [<snowplow_tracker.self_describing_json.SelfDescribingJson object at 0x103fb6d90>, <snowplow_tracker.self_describing_json.SelfDescribingJson object at 0x104a87220>, <snowplow_tracker.self_describing_json.SelfDescribingJson object at 0x105618550>]}
[0m18:05:17.424960 [debug] [MainThread]: Flushing usage events
[0m18:05:17.726871 [debug] [MainThread]: An error was encountered while trying to flush usage events
[0m18:12:23.001181 [debug] [MainThread]: Sending event: {'category': 'dbt', 'action': 'invocation', 'label': 'start', 'context': [<snowplow_tracker.self_describing_json.SelfDescribingJson object at 0x103db1e80>, <snowplow_tracker.self_describing_json.SelfDescribingJson object at 0x104e42130>, <snowplow_tracker.self_describing_json.SelfDescribingJson object at 0x104e42430>]}


============================== 18:12:23.003943 | c8b56f22-36de-4642-b4bd-16abb07ad79f ==============================
[0m18:12:23.003943 [info ] [MainThread]: Running with dbt=1.10.22
[0m18:12:23.004323 [debug] [MainThread]: running dbt with arguments {'printer_width': '80', 'indirect_selection': 'eager', 'log_cache_events': 'False', 'write_json': 'True', 'partial_parse': 'True', 'cache_selected_only': 'False', 'warn_error': 'None', 'version_check': 'True', 'debug': 'False', 'log_path': '/Users/nicholaschong/Projects/7shifts_summit_project/seven_shifts_project/logs', 'profiles_dir': '/Users/nicholaschong/.dbt', 'fail_fast': 'False', 'use_colors': 'True', 'use_experimental_parser': 'False', 'no_print': 'None', 'quiet': 'False', 'empty': 'False', 'warn_error_options': 'WarnErrorOptionsV2(error=[], warn=[], silence=[])', 'introspect': 'True', 'static_parser': 'True', 'log_format': 'default', 'target_path': 'None', 'invocation_command': 'dbt run --full-refresh', 'send_anonymous_usage_stats': 'True'}
[0m18:12:23.096131 [debug] [MainThread]: Sending event: {'category': 'dbt', 'action': 'project_id', 'label': 'c8b56f22-36de-4642-b4bd-16abb07ad79f', 'context': [<snowplow_tracker.self_describing_json.SelfDescribingJson object at 0x102525820>]}
[0m18:12:23.132365 [debug] [MainThread]: Sending event: {'category': 'dbt', 'action': 'adapter_info', 'label': 'c8b56f22-36de-4642-b4bd-16abb07ad79f', 'context': [<snowplow_tracker.self_describing_json.SelfDescribingJson object at 0x104f5bf70>]}
[0m18:12:23.133095 [info ] [MainThread]: Registered adapter: sqlite=1.10.0
[0m18:12:23.206947 [debug] [MainThread]: checksum: 04c83ee057a648a2f8e380c895ffead170732fa039f068d62b9d36aaeefaf7cc, vars: {}, profile: , target: , version: 1.10.22
[0m18:12:23.290846 [debug] [MainThread]: Partial parsing enabled: 0 files deleted, 0 files added, 1 files changed.
[0m18:12:23.291207 [debug] [MainThread]: Partial parsing: updated file: seven_shifts_project://models/marts/fct_vendor_signals.sql
[0m18:12:23.465478 [debug] [MainThread]: Sending event: {'category': 'dbt', 'action': 'load_project', 'label': 'c8b56f22-36de-4642-b4bd-16abb07ad79f', 'context': [<snowplow_tracker.self_describing_json.SelfDescribingJson object at 0x1051816d0>]}
[0m18:12:23.513432 [debug] [MainThread]: Wrote artifact WritableManifest to /Users/nicholaschong/Projects/7shifts_summit_project/seven_shifts_project/target/manifest.json
[0m18:12:23.514645 [debug] [MainThread]: Wrote artifact SemanticManifest to /Users/nicholaschong/Projects/7shifts_summit_project/seven_shifts_project/target/semantic_manifest.json
[0m18:12:23.526229 [debug] [MainThread]: Sending event: {'category': 'dbt', 'action': 'resource_counts', 'label': 'c8b56f22-36de-4642-b4bd-16abb07ad79f', 'context': [<snowplow_tracker.self_describing_json.SelfDescribingJson object at 0x105037970>]}
[0m18:12:23.526532 [info ] [MainThread]: Found 4 models, 3 sources, 416 macros
[0m18:12:23.526755 [debug] [MainThread]: Sending event: {'category': 'dbt', 'action': 'runnable_timing', 'label': 'c8b56f22-36de-4642-b4bd-16abb07ad79f', 'context': [<snowplow_tracker.self_describing_json.SelfDescribingJson object at 0x104f88e80>]}
[0m18:12:23.527591 [info ] [MainThread]: 
[0m18:12:23.527818 [info ] [MainThread]: Concurrency: 1 threads (target='dev')
[0m18:12:23.528008 [info ] [MainThread]: 
[0m18:12:23.528298 [debug] [MainThread]: Acquiring new sqlite connection 'master'
[0m18:12:23.531532 [debug] [ThreadPool]: Acquiring new sqlite connection 'list_main'
[0m18:12:23.566141 [debug] [ThreadPool]: Using sqlite connection "list_main"
[0m18:12:23.566405 [debug] [ThreadPool]: On list_main: BEGIN
[0m18:12:23.566596 [debug] [ThreadPool]: Opening a new connection, currently in state init
[0m18:12:23.568527 [debug] [ThreadPool]: SQL status: OK in 0.002 seconds
[0m18:12:23.568758 [debug] [ThreadPool]: Using sqlite connection "list_main"
[0m18:12:23.568950 [debug] [ThreadPool]: On list_main: /* {"app": "dbt", "dbt_version": "1.10.22", "profile_name": "seven_shifts_project", "target_name": "dev", "connection_name": "list_main"} */

        pragma database_list
    
[0m18:12:23.569143 [debug] [ThreadPool]: SQL status: OK in 0.000 seconds
[0m18:12:23.569838 [debug] [ThreadPool]: On list_main: ROLLBACK
[0m18:12:23.570094 [debug] [ThreadPool]: On list_main: Close
[0m18:12:23.570844 [debug] [ThreadPool]: Re-using an available connection from the pool (formerly list_main, now list_main_main)
[0m18:12:23.575637 [debug] [ThreadPool]: Using sqlite connection "list_main_main"
[0m18:12:23.575839 [debug] [ThreadPool]: On list_main_main: BEGIN
[0m18:12:23.576012 [debug] [ThreadPool]: Opening a new connection, currently in state closed
[0m18:12:23.576345 [debug] [ThreadPool]: SQL status: OK in 0.000 seconds
[0m18:12:23.576535 [debug] [ThreadPool]: Using sqlite connection "list_main_main"
[0m18:12:23.576721 [debug] [ThreadPool]: On list_main_main: /* {"app": "dbt", "dbt_version": "1.10.22", "profile_name": "seven_shifts_project", "target_name": "dev", "connection_name": "list_main_main"} */

        pragma database_list
    
[0m18:12:23.576903 [debug] [ThreadPool]: SQL status: OK in 0.000 seconds
[0m18:12:23.577593 [debug] [ThreadPool]: Using sqlite connection "list_main_main"
[0m18:12:23.577782 [debug] [ThreadPool]: On list_main_main: /* {"app": "dbt", "dbt_version": "1.10.22", "profile_name": "seven_shifts_project", "target_name": "dev", "connection_name": "list_main_main"} */

            SELECT
                'main' as database
                ,name
                ,'main' AS schema
                ,type as data_type
            FROM
                main.sqlite_master
            WHERE
                name NOT LIKE 'sqlite_%'
        
[0m18:12:23.578126 [debug] [ThreadPool]: SQL status: OK in 0.000 seconds
[0m18:12:23.578772 [debug] [ThreadPool]: On list_main_main: ROLLBACK
[0m18:12:23.578957 [debug] [ThreadPool]: On list_main_main: Close
[0m18:12:23.579774 [debug] [MainThread]: Sending event: {'category': 'dbt', 'action': 'runnable_timing', 'label': 'c8b56f22-36de-4642-b4bd-16abb07ad79f', 'context': [<snowplow_tracker.self_describing_json.SelfDescribingJson object at 0x104f88e80>]}
[0m18:12:23.580037 [debug] [MainThread]: Using sqlite connection "master"
[0m18:12:23.580212 [debug] [MainThread]: On master: BEGIN
[0m18:12:23.580375 [debug] [MainThread]: Opening a new connection, currently in state init
[0m18:12:23.580631 [debug] [MainThread]: SQL status: OK in 0.000 seconds
[0m18:12:23.580805 [debug] [MainThread]: On master: COMMIT
[0m18:12:23.580975 [debug] [MainThread]: Using sqlite connection "master"
[0m18:12:23.581146 [debug] [MainThread]: On master: COMMIT
[0m18:12:23.581313 [debug] [MainThread]: SQL status: OK in 0.000 seconds
[0m18:12:23.581481 [debug] [MainThread]: On master: Close
[0m18:12:23.582760 [debug] [Thread-1  ]: Began running node model.seven_shifts_project.stg_companies
[0m18:12:23.583064 [info ] [Thread-1  ]: 1 of 4 START sql view model main.stg_companies ................................. [RUN]
[0m18:12:23.583338 [debug] [Thread-1  ]: Re-using an available connection from the pool (formerly list_main_main, now model.seven_shifts_project.stg_companies)
[0m18:12:23.583567 [debug] [Thread-1  ]: Began compiling node model.seven_shifts_project.stg_companies
[0m18:12:23.589929 [debug] [Thread-1  ]: Writing injected SQL for node "model.seven_shifts_project.stg_companies"
[0m18:12:23.590540 [debug] [Thread-1  ]: Began executing node model.seven_shifts_project.stg_companies
[0m18:12:23.600676 [debug] [Thread-1  ]: Using sqlite connection "model.seven_shifts_project.stg_companies"
[0m18:12:23.600919 [debug] [Thread-1  ]: On model.seven_shifts_project.stg_companies: /* {"app": "dbt", "dbt_version": "1.10.22", "profile_name": "seven_shifts_project", "target_name": "dev", "node_id": "model.seven_shifts_project.stg_companies"} */
drop view if exists "main"."stg_companies"
[0m18:12:23.601125 [debug] [Thread-1  ]: Opening a new connection, currently in state closed
[0m18:12:23.601996 [debug] [Thread-1  ]: SQL status: OK in 0.001 seconds
[0m18:12:23.604516 [debug] [Thread-1  ]: Writing runtime sql for node "model.seven_shifts_project.stg_companies"
[0m18:12:23.605052 [debug] [Thread-1  ]: Using sqlite connection "model.seven_shifts_project.stg_companies"
[0m18:12:23.605326 [debug] [Thread-1  ]: On model.seven_shifts_project.stg_companies: BEGIN
[0m18:12:23.605595 [debug] [Thread-1  ]: SQL status: OK in 0.000 seconds
[0m18:12:23.605817 [debug] [Thread-1  ]: Using sqlite connection "model.seven_shifts_project.stg_companies"
[0m18:12:23.606036 [debug] [Thread-1  ]: On model.seven_shifts_project.stg_companies: /* {"app": "dbt", "dbt_version": "1.10.22", "profile_name": "seven_shifts_project", "target_name": "dev", "node_id": "model.seven_shifts_project.stg_companies"} */

    
    create view main."stg_companies" as
    SELECT * FROM main."companies";
[0m18:12:23.606477 [debug] [Thread-1  ]: SQL status: OK in 0.000 seconds
[0m18:12:23.609865 [debug] [Thread-1  ]: On model.seven_shifts_project.stg_companies: COMMIT
[0m18:12:23.610095 [debug] [Thread-1  ]: Using sqlite connection "model.seven_shifts_project.stg_companies"
[0m18:12:23.610292 [debug] [Thread-1  ]: On model.seven_shifts_project.stg_companies: COMMIT
[0m18:12:23.610674 [debug] [Thread-1  ]: SQL status: OK in 0.000 seconds
[0m18:12:23.612191 [debug] [Thread-1  ]: On model.seven_shifts_project.stg_companies: Close
[0m18:12:23.613370 [debug] [Thread-1  ]: Sending event: {'category': 'dbt', 'action': 'run_model', 'label': 'c8b56f22-36de-4642-b4bd-16abb07ad79f', 'context': [<snowplow_tracker.self_describing_json.SelfDescribingJson object at 0x1058a9880>]}
[0m18:12:23.613745 [info ] [Thread-1  ]: 1 of 4 OK created sql view model main.stg_companies ............................ [[32mOK[0m in 0.03s]
[0m18:12:23.614086 [debug] [Thread-1  ]: Finished running node model.seven_shifts_project.stg_companies
[0m18:12:23.614328 [debug] [Thread-1  ]: Began running node model.seven_shifts_project.stg_crm_accounts
[0m18:12:23.614647 [info ] [Thread-1  ]: 2 of 4 START sql view model main.stg_crm_accounts .............................. [RUN]
[0m18:12:23.614916 [debug] [Thread-1  ]: Re-using an available connection from the pool (formerly model.seven_shifts_project.stg_companies, now model.seven_shifts_project.stg_crm_accounts)
[0m18:12:23.615138 [debug] [Thread-1  ]: Began compiling node model.seven_shifts_project.stg_crm_accounts
[0m18:12:23.617655 [debug] [Thread-1  ]: Writing injected SQL for node "model.seven_shifts_project.stg_crm_accounts"
[0m18:12:23.618560 [debug] [Thread-1  ]: Began executing node model.seven_shifts_project.stg_crm_accounts
[0m18:12:23.621843 [debug] [Thread-1  ]: Using sqlite connection "model.seven_shifts_project.stg_crm_accounts"
[0m18:12:23.622094 [debug] [Thread-1  ]: On model.seven_shifts_project.stg_crm_accounts: /* {"app": "dbt", "dbt_version": "1.10.22", "profile_name": "seven_shifts_project", "target_name": "dev", "node_id": "model.seven_shifts_project.stg_crm_accounts"} */
drop view if exists "main"."stg_crm_accounts"
[0m18:12:23.622305 [debug] [Thread-1  ]: Opening a new connection, currently in state closed
[0m18:12:23.623145 [debug] [Thread-1  ]: SQL status: OK in 0.001 seconds
[0m18:12:23.623862 [debug] [Thread-1  ]: Writing runtime sql for node "model.seven_shifts_project.stg_crm_accounts"
[0m18:12:23.624233 [debug] [Thread-1  ]: Using sqlite connection "model.seven_shifts_project.stg_crm_accounts"
[0m18:12:23.624445 [debug] [Thread-1  ]: On model.seven_shifts_project.stg_crm_accounts: BEGIN
[0m18:12:23.624647 [debug] [Thread-1  ]: SQL status: OK in 0.000 seconds
[0m18:12:23.624839 [debug] [Thread-1  ]: Using sqlite connection "model.seven_shifts_project.stg_crm_accounts"
[0m18:12:23.625036 [debug] [Thread-1  ]: On model.seven_shifts_project.stg_crm_accounts: /* {"app": "dbt", "dbt_version": "1.10.22", "profile_name": "seven_shifts_project", "target_name": "dev", "node_id": "model.seven_shifts_project.stg_crm_accounts"} */

    
    create view main."stg_crm_accounts" as
    SELECT * FROM main."crm_accounts";
[0m18:12:23.625375 [debug] [Thread-1  ]: SQL status: OK in 0.000 seconds
[0m18:12:23.626009 [debug] [Thread-1  ]: On model.seven_shifts_project.stg_crm_accounts: COMMIT
[0m18:12:23.626239 [debug] [Thread-1  ]: Using sqlite connection "model.seven_shifts_project.stg_crm_accounts"
[0m18:12:23.626447 [debug] [Thread-1  ]: On model.seven_shifts_project.stg_crm_accounts: COMMIT
[0m18:12:23.626820 [debug] [Thread-1  ]: SQL status: OK in 0.000 seconds
[0m18:12:23.627201 [debug] [Thread-1  ]: On model.seven_shifts_project.stg_crm_accounts: Close
[0m18:12:23.627544 [debug] [Thread-1  ]: Sending event: {'category': 'dbt', 'action': 'run_model', 'label': 'c8b56f22-36de-4642-b4bd-16abb07ad79f', 'context': [<snowplow_tracker.self_describing_json.SelfDescribingJson object at 0x104f65640>]}
[0m18:12:23.627884 [info ] [Thread-1  ]: 2 of 4 OK created sql view model main.stg_crm_accounts ......................... [[32mOK[0m in 0.01s]
[0m18:12:23.628211 [debug] [Thread-1  ]: Finished running node model.seven_shifts_project.stg_crm_accounts
[0m18:12:23.628446 [debug] [Thread-1  ]: Began running node model.seven_shifts_project.stg_locations
[0m18:12:23.628736 [info ] [Thread-1  ]: 3 of 4 START sql view model main.stg_locations ................................. [RUN]
[0m18:12:23.628994 [debug] [Thread-1  ]: Re-using an available connection from the pool (formerly model.seven_shifts_project.stg_crm_accounts, now model.seven_shifts_project.stg_locations)
[0m18:12:23.629215 [debug] [Thread-1  ]: Began compiling node model.seven_shifts_project.stg_locations
[0m18:12:23.631017 [debug] [Thread-1  ]: Writing injected SQL for node "model.seven_shifts_project.stg_locations"
[0m18:12:23.631367 [debug] [Thread-1  ]: Began executing node model.seven_shifts_project.stg_locations
[0m18:12:23.634127 [debug] [Thread-1  ]: Using sqlite connection "model.seven_shifts_project.stg_locations"
[0m18:12:23.634362 [debug] [Thread-1  ]: On model.seven_shifts_project.stg_locations: /* {"app": "dbt", "dbt_version": "1.10.22", "profile_name": "seven_shifts_project", "target_name": "dev", "node_id": "model.seven_shifts_project.stg_locations"} */
drop view if exists "main"."stg_locations"
[0m18:12:23.634569 [debug] [Thread-1  ]: Opening a new connection, currently in state closed
[0m18:12:23.635388 [debug] [Thread-1  ]: SQL status: OK in 0.001 seconds
[0m18:12:23.636080 [debug] [Thread-1  ]: Writing runtime sql for node "model.seven_shifts_project.stg_locations"
[0m18:12:23.636412 [debug] [Thread-1  ]: Using sqlite connection "model.seven_shifts_project.stg_locations"
[0m18:12:23.636628 [debug] [Thread-1  ]: On model.seven_shifts_project.stg_locations: BEGIN
[0m18:12:23.636845 [debug] [Thread-1  ]: SQL status: OK in 0.000 seconds
[0m18:12:23.637048 [debug] [Thread-1  ]: Using sqlite connection "model.seven_shifts_project.stg_locations"
[0m18:12:23.637250 [debug] [Thread-1  ]: On model.seven_shifts_project.stg_locations: /* {"app": "dbt", "dbt_version": "1.10.22", "profile_name": "seven_shifts_project", "target_name": "dev", "node_id": "model.seven_shifts_project.stg_locations"} */

    
    create view main."stg_locations" as
    SELECT * FROM main."locations";
[0m18:12:23.637610 [debug] [Thread-1  ]: SQL status: OK in 0.000 seconds
[0m18:12:23.638260 [debug] [Thread-1  ]: On model.seven_shifts_project.stg_locations: COMMIT
[0m18:12:23.638969 [debug] [Thread-1  ]: Using sqlite connection "model.seven_shifts_project.stg_locations"
[0m18:12:23.639349 [debug] [Thread-1  ]: On model.seven_shifts_project.stg_locations: COMMIT
[0m18:12:23.639864 [debug] [Thread-1  ]: SQL status: OK in 0.000 seconds
[0m18:12:23.640351 [debug] [Thread-1  ]: On model.seven_shifts_project.stg_locations: Close
[0m18:12:23.640808 [debug] [Thread-1  ]: Sending event: {'category': 'dbt', 'action': 'run_model', 'label': 'c8b56f22-36de-4642-b4bd-16abb07ad79f', 'context': [<snowplow_tracker.self_describing_json.SelfDescribingJson object at 0x104f65640>]}
[0m18:12:23.642722 [info ] [Thread-1  ]: 3 of 4 OK created sql view model main.stg_locations ............................ [[32mOK[0m in 0.01s]
[0m18:12:23.649496 [debug] [Thread-1  ]: Finished running node model.seven_shifts_project.stg_locations
[0m18:12:23.653853 [debug] [Thread-1  ]: Began running node model.seven_shifts_project.fct_vendor_signals
[0m18:12:23.654943 [info ] [Thread-1  ]: 4 of 4 START sql view model main.fct_vendor_signals ............................ [RUN]
[0m18:12:23.656280 [debug] [Thread-1  ]: Re-using an available connection from the pool (formerly model.seven_shifts_project.stg_locations, now model.seven_shifts_project.fct_vendor_signals)
[0m18:12:23.656577 [debug] [Thread-1  ]: Began compiling node model.seven_shifts_project.fct_vendor_signals
[0m18:12:23.675054 [debug] [Thread-1  ]: Writing injected SQL for node "model.seven_shifts_project.fct_vendor_signals"
[0m18:12:23.684601 [debug] [Thread-1  ]: Began executing node model.seven_shifts_project.fct_vendor_signals
[0m18:12:23.708821 [debug] [Thread-1  ]: Using sqlite connection "model.seven_shifts_project.fct_vendor_signals"
[0m18:12:23.709198 [debug] [Thread-1  ]: On model.seven_shifts_project.fct_vendor_signals: /* {"app": "dbt", "dbt_version": "1.10.22", "profile_name": "seven_shifts_project", "target_name": "dev", "node_id": "model.seven_shifts_project.fct_vendor_signals"} */
drop view if exists "main"."fct_vendor_signals"
[0m18:12:23.709474 [debug] [Thread-1  ]: Opening a new connection, currently in state closed
[0m18:12:23.710911 [debug] [Thread-1  ]: SQL status: OK in 0.001 seconds
[0m18:12:23.711868 [debug] [Thread-1  ]: Writing runtime sql for node "model.seven_shifts_project.fct_vendor_signals"
[0m18:12:23.712558 [debug] [Thread-1  ]: Using sqlite connection "model.seven_shifts_project.fct_vendor_signals"
[0m18:12:23.712819 [debug] [Thread-1  ]: On model.seven_shifts_project.fct_vendor_signals: BEGIN
[0m18:12:23.713061 [debug] [Thread-1  ]: SQL status: OK in 0.000 seconds
[0m18:12:23.713280 [debug] [Thread-1  ]: Using sqlite connection "model.seven_shifts_project.fct_vendor_signals"
[0m18:12:23.713582 [debug] [Thread-1  ]: On model.seven_shifts_project.fct_vendor_signals: /* {"app": "dbt", "dbt_version": "1.10.22", "profile_name": "seven_shifts_project", "target_name": "dev", "node_id": "model.seven_shifts_project.fct_vendor_signals"} */

    
    create view main."fct_vendor_signals" as
    WITH crm AS (
    SELECT 
        company_id,
        company_name,
        LOWER(REPLACE(REPLACE(domain, 'www.', ''), 'https://', '')) AS clean_domain,
        plan_name AS crm_plan,
        locations_in_7shifts AS crm_location_count
    FROM main."stg_crm_accounts"
),

vendor_signals AS (
    SELECT 
        account_id AS vendor_id,
        company_name AS vendor_name,
        website AS vendor_website,
        LOWER(REPLACE(REPLACE(website, 'www.', ''), 'https://', '')) AS clean_domain,
        num_locations AS global_location_count,
        pos_vendor AS vendor_pos,
        SUM(CASE WHEN l.city IN ('New York', 'Brooklyn', 'Queens', 'Bronx', 'Staten Island') THEN 1 ELSE 0 END) AS total_nyc_locations,
        ROUND(AVG(CASE WHEN l.city IN ('New York', 'Brooklyn', 'Queens', 'Bronx', 'Staten Island') THEN l.review_rating ELSE NULL END), 1) AS avg_nyc_rating,
        GROUP_CONCAT(DISTINCT LOWER(l.cuisine_type)) AS cuisines
    FROM main."stg_companies" c
    LEFT JOIN main."stg_locations" l ON c.account_id = l.account_id
    GROUP BY 1, 2, 3, 4, 5
),

master_join AS (
    SELECT 
        COALESCE(c.clean_domain, v.clean_domain) AS primary_domain,
        c.company_id,
        c.company_name AS crm_name,
        c.crm_plan,
        c.crm_location_count,
        v.vendor_id,
        v.vendor_name,
        v.vendor_website,
        v.global_location_count,
        v.total_nyc_locations,
        v.avg_nyc_rating,
        v.vendor_pos,
        v.cuisines,
        (COALESCE(v.global_location_count, 0) - COALESCE(c.crm_location_count, 0)) AS location_whitespace
    FROM crm c
    LEFT JOIN vendor_signals v ON c.clean_domain = v.clean_domain
    UNION
    SELECT 
        v.clean_domain,
        c.company_id,
        c.company_name,
        c.crm_plan,
        c.crm_location_count,
        v.vendor_id,
        v.vendor_name,
        v.vendor_website,
        v.global_location_count,
        v.total_nyc_locations,
        v.avg_nyc_rating,
        v.vendor_pos,
        v.cuisines,
        (COALESCE(v.global_location_count, 0) - COALESCE(c.crm_location_count, 0))
    FROM vendor_signals v
    LEFT JOIN crm c ON v.clean_domain = c.clean_domain
),

filtered_and_segmented AS (
    SELECT 
        *,
        CASE 
            WHEN company_id IS NOT NULL AND total_nyc_locations >= 3 AND avg_nyc_rating >= 4.0 THEN 'CREDIBLE_PARTNER'
            WHEN company_id IS NOT NULL AND (location_whitespace >= 2 OR crm_plan IN ('Essentials', 'Comp')) THEN 'EXPANSION_OPPORTUNITY'
            WHEN company_id IS NULL AND total_nyc_locations >= 1 THEN 'NET_NEW_TARGET'
            ELSE 'UNCLASSIFIED'
        END AS gtm_segment
    FROM master_join
    WHERE (global_location_count <= 50 OR global_location_count IS NULL)
        AND (cuisines NOT LIKE '%pharmacy%' AND cuisines NOT LIKE '%cvs%' AND cuisines NOT LIKE '%apparel%'
             AND cuisines NOT LIKE '%convenience%' AND cuisines NOT LIKE '%grocery%' AND cuisines NOT LIKE '%supermarket%'
             AND cuisines NOT LIKE '%department store%')
)

SELECT * FROM filtered_and_segmented WHERE gtm_segment != 'UNCLASSIFIED';
[0m18:12:23.714522 [debug] [Thread-1  ]: SQL status: OK in 0.001 seconds
[0m18:12:23.715308 [debug] [Thread-1  ]: On model.seven_shifts_project.fct_vendor_signals: COMMIT
[0m18:12:23.715545 [debug] [Thread-1  ]: Using sqlite connection "model.seven_shifts_project.fct_vendor_signals"
[0m18:12:23.715756 [debug] [Thread-1  ]: On model.seven_shifts_project.fct_vendor_signals: COMMIT
[0m18:12:23.716401 [debug] [Thread-1  ]: SQL status: OK in 0.000 seconds
[0m18:12:23.716900 [debug] [Thread-1  ]: On model.seven_shifts_project.fct_vendor_signals: Close
[0m18:12:23.717488 [debug] [Thread-1  ]: Sending event: {'category': 'dbt', 'action': 'run_model', 'label': 'c8b56f22-36de-4642-b4bd-16abb07ad79f', 'context': [<snowplow_tracker.self_describing_json.SelfDescribingJson object at 0x105918fa0>]}
[0m18:12:23.717948 [info ] [Thread-1  ]: 4 of 4 OK created sql view model main.fct_vendor_signals ....................... [[32mOK[0m in 0.06s]
[0m18:12:23.718294 [debug] [Thread-1  ]: Finished running node model.seven_shifts_project.fct_vendor_signals
[0m18:12:23.718917 [debug] [MainThread]: Using sqlite connection "master"
[0m18:12:23.719123 [debug] [MainThread]: On master: BEGIN
[0m18:12:23.721365 [debug] [MainThread]: Opening a new connection, currently in state closed
[0m18:12:23.721811 [debug] [MainThread]: SQL status: OK in 0.000 seconds
[0m18:12:23.722019 [debug] [MainThread]: On master: COMMIT
[0m18:12:23.722273 [debug] [MainThread]: Using sqlite connection "master"
[0m18:12:23.722455 [debug] [MainThread]: On master: COMMIT
[0m18:12:23.722648 [debug] [MainThread]: SQL status: OK in 0.000 seconds
[0m18:12:23.722839 [debug] [MainThread]: On master: Close
[0m18:12:23.723124 [debug] [MainThread]: Connection 'master' was properly closed.
[0m18:12:23.723303 [debug] [MainThread]: Connection 'model.seven_shifts_project.fct_vendor_signals' was properly closed.
[0m18:12:23.723543 [info ] [MainThread]: 
[0m18:12:23.723753 [info ] [MainThread]: Finished running 4 view models in 0 hours 0 minutes and 0.20 seconds (0.20s).
[0m18:12:23.724449 [debug] [MainThread]: Command end result
[0m18:12:23.745274 [debug] [MainThread]: Wrote artifact WritableManifest to /Users/nicholaschong/Projects/7shifts_summit_project/seven_shifts_project/target/manifest.json
[0m18:12:23.746391 [debug] [MainThread]: Wrote artifact SemanticManifest to /Users/nicholaschong/Projects/7shifts_summit_project/seven_shifts_project/target/semantic_manifest.json
[0m18:12:23.750546 [debug] [MainThread]: Wrote artifact RunExecutionResult to /Users/nicholaschong/Projects/7shifts_summit_project/seven_shifts_project/target/run_results.json
[0m18:12:23.750765 [info ] [MainThread]: 
[0m18:12:23.751014 [info ] [MainThread]: [32mCompleted successfully[0m
[0m18:12:23.751215 [info ] [MainThread]: 
[0m18:12:23.751424 [info ] [MainThread]: Done. PASS=4 WARN=0 ERROR=0 SKIP=0 NO-OP=0 TOTAL=4
[0m18:12:23.753327 [debug] [MainThread]: Resource report: {"command_name": "run", "command_success": true, "command_wall_clock_time": 0.79720104, "process_in_blocks": "0", "process_kernel_time": 0.173021, "process_mem_max_rss": "121323520", "process_out_blocks": "0", "process_user_time": 1.340014}
[0m18:12:23.753602 [debug] [MainThread]: Command `dbt run` succeeded at 18:12:23.753554 after 0.80 seconds
[0m18:12:23.753940 [debug] [MainThread]: Sending event: {'category': 'dbt', 'action': 'invocation', 'label': 'end', 'context': [<snowplow_tracker.self_describing_json.SelfDescribingJson object at 0x103db1e80>, <snowplow_tracker.self_describing_json.SelfDescribingJson object at 0x10470f670>, <snowplow_tracker.self_describing_json.SelfDescribingJson object at 0x105037730>]}
[0m18:12:23.754235 [debug] [MainThread]: Flushing usage events
[0m18:12:23.926694 [debug] [MainThread]: An error was encountered while trying to flush usage events
[0m18:13:13.371979 [debug] [MainThread]: Sending event: {'category': 'dbt', 'action': 'invocation', 'label': 'start', 'context': [<snowplow_tracker.self_describing_json.SelfDescribingJson object at 0x110f8ed90>, <snowplow_tracker.self_describing_json.SelfDescribingJson object at 0x112c4a1f0>, <snowplow_tracker.self_describing_json.SelfDescribingJson object at 0x112c4a4f0>]}


============================== 18:13:13.374856 | 7ad51012-fcbf-4423-a7c1-73d0bd842a7a ==============================
[0m18:13:13.374856 [info ] [MainThread]: Running with dbt=1.10.22
[0m18:13:13.375247 [debug] [MainThread]: running dbt with arguments {'printer_width': '80', 'indirect_selection': 'eager', 'write_json': 'True', 'log_cache_events': 'False', 'partial_parse': 'True', 'cache_selected_only': 'False', 'warn_error': 'None', 'version_check': 'True', 'fail_fast': 'False', 'log_path': '/Users/nicholaschong/Projects/7shifts_summit_project/seven_shifts_project/logs', 'profiles_dir': '/Users/nicholaschong/.dbt', 'debug': 'False', 'use_colors': 'True', 'use_experimental_parser': 'False', 'empty': 'False', 'quiet': 'False', 'no_print': 'None', 'log_format': 'default', 'static_parser': 'True', 'introspect': 'True', 'warn_error_options': 'WarnErrorOptionsV2(error=[], warn=[], silence=[])', 'target_path': 'None', 'invocation_command': 'dbt run --full-refresh', 'send_anonymous_usage_stats': 'True'}
[0m18:13:13.464210 [debug] [MainThread]: Sending event: {'category': 'dbt', 'action': 'project_id', 'label': '7ad51012-fcbf-4423-a7c1-73d0bd842a7a', 'context': [<snowplow_tracker.self_describing_json.SelfDescribingJson object at 0x112c85040>]}
[0m18:13:13.498553 [debug] [MainThread]: Sending event: {'category': 'dbt', 'action': 'adapter_info', 'label': '7ad51012-fcbf-4423-a7c1-73d0bd842a7a', 'context': [<snowplow_tracker.self_describing_json.SelfDescribingJson object at 0x112c85580>]}
[0m18:13:13.499190 [info ] [MainThread]: Registered adapter: sqlite=1.10.0
[0m18:13:13.572508 [debug] [MainThread]: checksum: 04c83ee057a648a2f8e380c895ffead170732fa039f068d62b9d36aaeefaf7cc, vars: {}, profile: , target: , version: 1.10.22
[0m18:13:13.661282 [debug] [MainThread]: Partial parsing enabled: 0 files deleted, 0 files added, 0 files changed.
[0m18:13:13.661558 [debug] [MainThread]: Partial parsing enabled, no changes found, skipping parsing
[0m18:13:13.686215 [debug] [MainThread]: Sending event: {'category': 'dbt', 'action': 'load_project', 'label': '7ad51012-fcbf-4423-a7c1-73d0bd842a7a', 'context': [<snowplow_tracker.self_describing_json.SelfDescribingJson object at 0x113adf130>]}
[0m18:13:13.736050 [debug] [MainThread]: Wrote artifact WritableManifest to /Users/nicholaschong/Projects/7shifts_summit_project/seven_shifts_project/target/manifest.json
[0m18:13:13.737420 [debug] [MainThread]: Wrote artifact SemanticManifest to /Users/nicholaschong/Projects/7shifts_summit_project/seven_shifts_project/target/semantic_manifest.json
[0m18:13:13.748702 [debug] [MainThread]: Sending event: {'category': 'dbt', 'action': 'resource_counts', 'label': '7ad51012-fcbf-4423-a7c1-73d0bd842a7a', 'context': [<snowplow_tracker.self_describing_json.SelfDescribingJson object at 0x113a596a0>]}
[0m18:13:13.749004 [info ] [MainThread]: Found 4 models, 3 sources, 416 macros
[0m18:13:13.749236 [debug] [MainThread]: Sending event: {'category': 'dbt', 'action': 'runnable_timing', 'label': '7ad51012-fcbf-4423-a7c1-73d0bd842a7a', 'context': [<snowplow_tracker.self_describing_json.SelfDescribingJson object at 0x113adf190>]}
[0m18:13:13.750044 [info ] [MainThread]: 
[0m18:13:13.750267 [info ] [MainThread]: Concurrency: 1 threads (target='dev')
[0m18:13:13.750453 [info ] [MainThread]: 
[0m18:13:13.750752 [debug] [MainThread]: Acquiring new sqlite connection 'master'
[0m18:13:13.753987 [debug] [ThreadPool]: Acquiring new sqlite connection 'list_main'
[0m18:13:13.816786 [debug] [ThreadPool]: Using sqlite connection "list_main"
[0m18:13:13.817049 [debug] [ThreadPool]: On list_main: BEGIN
[0m18:13:13.817240 [debug] [ThreadPool]: Opening a new connection, currently in state init
[0m18:13:13.819335 [debug] [ThreadPool]: SQL status: OK in 0.002 seconds
[0m18:13:13.819581 [debug] [ThreadPool]: Using sqlite connection "list_main"
[0m18:13:13.819768 [debug] [ThreadPool]: On list_main: /* {"app": "dbt", "dbt_version": "1.10.22", "profile_name": "seven_shifts_project", "target_name": "dev", "connection_name": "list_main"} */

        pragma database_list
    
[0m18:13:13.819959 [debug] [ThreadPool]: SQL status: OK in 0.000 seconds
[0m18:13:13.820713 [debug] [ThreadPool]: On list_main: ROLLBACK
[0m18:13:13.820907 [debug] [ThreadPool]: On list_main: Close
[0m18:13:13.821618 [debug] [ThreadPool]: Re-using an available connection from the pool (formerly list_main, now list_main_main)
[0m18:13:13.826436 [debug] [ThreadPool]: Using sqlite connection "list_main_main"
[0m18:13:13.826637 [debug] [ThreadPool]: On list_main_main: BEGIN
[0m18:13:13.826809 [debug] [ThreadPool]: Opening a new connection, currently in state closed
[0m18:13:13.827105 [debug] [ThreadPool]: SQL status: OK in 0.000 seconds
[0m18:13:13.827280 [debug] [ThreadPool]: Using sqlite connection "list_main_main"
[0m18:13:13.827453 [debug] [ThreadPool]: On list_main_main: /* {"app": "dbt", "dbt_version": "1.10.22", "profile_name": "seven_shifts_project", "target_name": "dev", "connection_name": "list_main_main"} */

        pragma database_list
    
[0m18:13:13.827631 [debug] [ThreadPool]: SQL status: OK in 0.000 seconds
[0m18:13:13.828318 [debug] [ThreadPool]: Using sqlite connection "list_main_main"
[0m18:13:13.828506 [debug] [ThreadPool]: On list_main_main: /* {"app": "dbt", "dbt_version": "1.10.22", "profile_name": "seven_shifts_project", "target_name": "dev", "connection_name": "list_main_main"} */

            SELECT
                'main' as database
                ,name
                ,'main' AS schema
                ,type as data_type
            FROM
                main.sqlite_master
            WHERE
                name NOT LIKE 'sqlite_%'
        
[0m18:13:13.828759 [debug] [ThreadPool]: SQL status: OK in 0.000 seconds
[0m18:13:13.829340 [debug] [ThreadPool]: On list_main_main: ROLLBACK
[0m18:13:13.829520 [debug] [ThreadPool]: On list_main_main: Close
[0m18:13:13.829827 [debug] [MainThread]: Sending event: {'category': 'dbt', 'action': 'runnable_timing', 'label': '7ad51012-fcbf-4423-a7c1-73d0bd842a7a', 'context': [<snowplow_tracker.self_describing_json.SelfDescribingJson object at 0x112e2ca60>]}
[0m18:13:13.830100 [debug] [MainThread]: Using sqlite connection "master"
[0m18:13:13.830280 [debug] [MainThread]: On master: BEGIN
[0m18:13:13.830446 [debug] [MainThread]: Opening a new connection, currently in state init
[0m18:13:13.830712 [debug] [MainThread]: SQL status: OK in 0.000 seconds
[0m18:13:13.830886 [debug] [MainThread]: On master: COMMIT
[0m18:13:13.831057 [debug] [MainThread]: Using sqlite connection "master"
[0m18:13:13.831221 [debug] [MainThread]: On master: COMMIT
[0m18:13:13.831413 [debug] [MainThread]: SQL status: OK in 0.000 seconds
[0m18:13:13.831605 [debug] [MainThread]: On master: Close
[0m18:13:13.832865 [debug] [Thread-1  ]: Began running node model.seven_shifts_project.stg_companies
[0m18:13:13.833141 [info ] [Thread-1  ]: 1 of 4 START sql view model main.stg_companies ................................. [RUN]
[0m18:13:13.833404 [debug] [Thread-1  ]: Re-using an available connection from the pool (formerly list_main_main, now model.seven_shifts_project.stg_companies)
[0m18:13:13.833625 [debug] [Thread-1  ]: Began compiling node model.seven_shifts_project.stg_companies
[0m18:13:13.839812 [debug] [Thread-1  ]: Writing injected SQL for node "model.seven_shifts_project.stg_companies"
[0m18:13:13.840557 [debug] [Thread-1  ]: Began executing node model.seven_shifts_project.stg_companies
[0m18:13:13.849755 [debug] [Thread-1  ]: Writing runtime sql for node "model.seven_shifts_project.stg_companies"
[0m18:13:13.850347 [debug] [Thread-1  ]: Using sqlite connection "model.seven_shifts_project.stg_companies"
[0m18:13:13.850567 [debug] [Thread-1  ]: On model.seven_shifts_project.stg_companies: BEGIN
[0m18:13:13.850763 [debug] [Thread-1  ]: Opening a new connection, currently in state closed
[0m18:13:13.851088 [debug] [Thread-1  ]: SQL status: OK in 0.000 seconds
[0m18:13:13.851285 [debug] [Thread-1  ]: Using sqlite connection "model.seven_shifts_project.stg_companies"
[0m18:13:13.851485 [debug] [Thread-1  ]: On model.seven_shifts_project.stg_companies: /* {"app": "dbt", "dbt_version": "1.10.22", "profile_name": "seven_shifts_project", "target_name": "dev", "node_id": "model.seven_shifts_project.stg_companies"} */

    
    create view main."stg_companies" as
    SELECT * FROM main."companies";
[0m18:13:13.851880 [debug] [Thread-1  ]: SQL status: OK in 0.000 seconds
[0m18:13:13.855917 [debug] [Thread-1  ]: On model.seven_shifts_project.stg_companies: COMMIT
[0m18:13:13.856185 [debug] [Thread-1  ]: Using sqlite connection "model.seven_shifts_project.stg_companies"
[0m18:13:13.856414 [debug] [Thread-1  ]: On model.seven_shifts_project.stg_companies: COMMIT
[0m18:13:13.856899 [debug] [Thread-1  ]: SQL status: OK in 0.000 seconds
[0m18:13:13.858469 [debug] [Thread-1  ]: On model.seven_shifts_project.stg_companies: Close
[0m18:13:13.859633 [debug] [Thread-1  ]: Sending event: {'category': 'dbt', 'action': 'run_model', 'label': '7ad51012-fcbf-4423-a7c1-73d0bd842a7a', 'context': [<snowplow_tracker.self_describing_json.SelfDescribingJson object at 0x106ab36a0>]}
[0m18:13:13.859998 [info ] [Thread-1  ]: 1 of 4 OK created sql view model main.stg_companies ............................ [[32mOK[0m in 0.03s]
[0m18:13:13.860350 [debug] [Thread-1  ]: Finished running node model.seven_shifts_project.stg_companies
[0m18:13:13.860591 [debug] [Thread-1  ]: Began running node model.seven_shifts_project.stg_crm_accounts
[0m18:13:13.860891 [info ] [Thread-1  ]: 2 of 4 START sql view model main.stg_crm_accounts .............................. [RUN]
[0m18:13:13.861166 [debug] [Thread-1  ]: Re-using an available connection from the pool (formerly model.seven_shifts_project.stg_companies, now model.seven_shifts_project.stg_crm_accounts)
[0m18:13:13.861380 [debug] [Thread-1  ]: Began compiling node model.seven_shifts_project.stg_crm_accounts
[0m18:13:13.863146 [debug] [Thread-1  ]: Writing injected SQL for node "model.seven_shifts_project.stg_crm_accounts"
[0m18:13:13.863645 [debug] [Thread-1  ]: Began executing node model.seven_shifts_project.stg_crm_accounts
[0m18:13:13.865248 [debug] [Thread-1  ]: Writing runtime sql for node "model.seven_shifts_project.stg_crm_accounts"
[0m18:13:13.865602 [debug] [Thread-1  ]: Using sqlite connection "model.seven_shifts_project.stg_crm_accounts"
[0m18:13:13.865811 [debug] [Thread-1  ]: On model.seven_shifts_project.stg_crm_accounts: BEGIN
[0m18:13:13.866002 [debug] [Thread-1  ]: Opening a new connection, currently in state closed
[0m18:13:13.866358 [debug] [Thread-1  ]: SQL status: OK in 0.000 seconds
[0m18:13:13.866570 [debug] [Thread-1  ]: Using sqlite connection "model.seven_shifts_project.stg_crm_accounts"
[0m18:13:13.866764 [debug] [Thread-1  ]: On model.seven_shifts_project.stg_crm_accounts: /* {"app": "dbt", "dbt_version": "1.10.22", "profile_name": "seven_shifts_project", "target_name": "dev", "node_id": "model.seven_shifts_project.stg_crm_accounts"} */

    
    create view main."stg_crm_accounts" as
    SELECT * FROM main."crm_accounts";
[0m18:13:13.867132 [debug] [Thread-1  ]: SQL status: OK in 0.000 seconds
[0m18:13:13.867822 [debug] [Thread-1  ]: On model.seven_shifts_project.stg_crm_accounts: COMMIT
[0m18:13:13.868029 [debug] [Thread-1  ]: Using sqlite connection "model.seven_shifts_project.stg_crm_accounts"
[0m18:13:13.868222 [debug] [Thread-1  ]: On model.seven_shifts_project.stg_crm_accounts: COMMIT
[0m18:13:13.868608 [debug] [Thread-1  ]: SQL status: OK in 0.000 seconds
[0m18:13:13.869009 [debug] [Thread-1  ]: On model.seven_shifts_project.stg_crm_accounts: Close
[0m18:13:13.869316 [debug] [Thread-1  ]: Sending event: {'category': 'dbt', 'action': 'run_model', 'label': '7ad51012-fcbf-4423-a7c1-73d0bd842a7a', 'context': [<snowplow_tracker.self_describing_json.SelfDescribingJson object at 0x113fd01f0>]}
[0m18:13:13.869641 [info ] [Thread-1  ]: 2 of 4 OK created sql view model main.stg_crm_accounts ......................... [[32mOK[0m in 0.01s]
[0m18:13:13.869964 [debug] [Thread-1  ]: Finished running node model.seven_shifts_project.stg_crm_accounts
[0m18:13:13.870198 [debug] [Thread-1  ]: Began running node model.seven_shifts_project.stg_locations
[0m18:13:13.870501 [info ] [Thread-1  ]: 3 of 4 START sql view model main.stg_locations ................................. [RUN]
[0m18:13:13.870763 [debug] [Thread-1  ]: Re-using an available connection from the pool (formerly model.seven_shifts_project.stg_crm_accounts, now model.seven_shifts_project.stg_locations)
[0m18:13:13.871025 [debug] [Thread-1  ]: Began compiling node model.seven_shifts_project.stg_locations
[0m18:13:13.873234 [debug] [Thread-1  ]: Writing injected SQL for node "model.seven_shifts_project.stg_locations"
[0m18:13:13.873669 [debug] [Thread-1  ]: Began executing node model.seven_shifts_project.stg_locations
[0m18:13:13.875236 [debug] [Thread-1  ]: Writing runtime sql for node "model.seven_shifts_project.stg_locations"
[0m18:13:13.875620 [debug] [Thread-1  ]: Using sqlite connection "model.seven_shifts_project.stg_locations"
[0m18:13:13.875897 [debug] [Thread-1  ]: On model.seven_shifts_project.stg_locations: BEGIN
[0m18:13:13.876116 [debug] [Thread-1  ]: Opening a new connection, currently in state closed
[0m18:13:13.876469 [debug] [Thread-1  ]: SQL status: OK in 0.000 seconds
[0m18:13:13.876660 [debug] [Thread-1  ]: Using sqlite connection "model.seven_shifts_project.stg_locations"
[0m18:13:13.876852 [debug] [Thread-1  ]: On model.seven_shifts_project.stg_locations: /* {"app": "dbt", "dbt_version": "1.10.22", "profile_name": "seven_shifts_project", "target_name": "dev", "node_id": "model.seven_shifts_project.stg_locations"} */

    
    create view main."stg_locations" as
    SELECT * FROM main."locations";
[0m18:13:13.877260 [debug] [Thread-1  ]: SQL status: OK in 0.000 seconds
[0m18:13:13.877976 [debug] [Thread-1  ]: On model.seven_shifts_project.stg_locations: COMMIT
[0m18:13:13.878174 [debug] [Thread-1  ]: Using sqlite connection "model.seven_shifts_project.stg_locations"
[0m18:13:13.878358 [debug] [Thread-1  ]: On model.seven_shifts_project.stg_locations: COMMIT
[0m18:13:13.878717 [debug] [Thread-1  ]: SQL status: OK in 0.000 seconds
[0m18:13:13.879113 [debug] [Thread-1  ]: On model.seven_shifts_project.stg_locations: Close
[0m18:13:13.879428 [debug] [Thread-1  ]: Sending event: {'category': 'dbt', 'action': 'run_model', 'label': '7ad51012-fcbf-4423-a7c1-73d0bd842a7a', 'context': [<snowplow_tracker.self_describing_json.SelfDescribingJson object at 0x113fd01f0>]}
[0m18:13:13.879749 [info ] [Thread-1  ]: 3 of 4 OK created sql view model main.stg_locations ............................ [[32mOK[0m in 0.01s]
[0m18:13:13.880064 [debug] [Thread-1  ]: Finished running node model.seven_shifts_project.stg_locations
[0m18:13:13.880442 [debug] [Thread-1  ]: Began running node model.seven_shifts_project.fct_vendor_signals
[0m18:13:13.880723 [info ] [Thread-1  ]: 4 of 4 START sql view model main.fct_vendor_signals ............................ [RUN]
[0m18:13:13.880973 [debug] [Thread-1  ]: Re-using an available connection from the pool (formerly model.seven_shifts_project.stg_locations, now model.seven_shifts_project.fct_vendor_signals)
[0m18:13:13.881183 [debug] [Thread-1  ]: Began compiling node model.seven_shifts_project.fct_vendor_signals
[0m18:13:13.884341 [debug] [Thread-1  ]: Writing injected SQL for node "model.seven_shifts_project.fct_vendor_signals"
[0m18:13:13.884691 [debug] [Thread-1  ]: Began executing node model.seven_shifts_project.fct_vendor_signals
[0m18:13:13.886351 [debug] [Thread-1  ]: Writing runtime sql for node "model.seven_shifts_project.fct_vendor_signals"
[0m18:13:13.886871 [debug] [Thread-1  ]: Using sqlite connection "model.seven_shifts_project.fct_vendor_signals"
[0m18:13:13.887186 [debug] [Thread-1  ]: On model.seven_shifts_project.fct_vendor_signals: BEGIN
[0m18:13:13.887416 [debug] [Thread-1  ]: Opening a new connection, currently in state closed
[0m18:13:13.887777 [debug] [Thread-1  ]: SQL status: OK in 0.000 seconds
[0m18:13:13.887998 [debug] [Thread-1  ]: Using sqlite connection "model.seven_shifts_project.fct_vendor_signals"
[0m18:13:13.888293 [debug] [Thread-1  ]: On model.seven_shifts_project.fct_vendor_signals: /* {"app": "dbt", "dbt_version": "1.10.22", "profile_name": "seven_shifts_project", "target_name": "dev", "node_id": "model.seven_shifts_project.fct_vendor_signals"} */

    
    create view main."fct_vendor_signals" as
    WITH crm AS (
    SELECT 
        company_id,
        company_name,
        LOWER(REPLACE(REPLACE(domain, 'www.', ''), 'https://', '')) AS clean_domain,
        plan_name AS crm_plan,
        locations_in_7shifts AS crm_location_count
    FROM main."stg_crm_accounts"
),

vendor_signals AS (
    SELECT 
        account_id AS vendor_id,
        company_name AS vendor_name,
        website AS vendor_website,
        LOWER(REPLACE(REPLACE(website, 'www.', ''), 'https://', '')) AS clean_domain,
        num_locations AS global_location_count,
        pos_vendor AS vendor_pos,
        SUM(CASE WHEN l.city IN ('New York', 'Brooklyn', 'Queens', 'Bronx', 'Staten Island') THEN 1 ELSE 0 END) AS total_nyc_locations,
        ROUND(AVG(CASE WHEN l.city IN ('New York', 'Brooklyn', 'Queens', 'Bronx', 'Staten Island') THEN l.review_rating ELSE NULL END), 1) AS avg_nyc_rating,
        GROUP_CONCAT(DISTINCT LOWER(l.cuisine_type)) AS cuisines
    FROM main."stg_companies" c
    LEFT JOIN main."stg_locations" l ON c.account_id = l.account_id
    GROUP BY 1, 2, 3, 4, 5
),

master_join AS (
    SELECT 
        COALESCE(c.clean_domain, v.clean_domain) AS primary_domain,
        c.company_id,
        c.company_name AS crm_name,
        c.crm_plan,
        c.crm_location_count,
        v.vendor_id,
        v.vendor_name,
        v.vendor_website,
        v.global_location_count,
        v.total_nyc_locations,
        v.avg_nyc_rating,
        v.vendor_pos,
        v.cuisines,
        (COALESCE(v.global_location_count, 0) - COALESCE(c.crm_location_count, 0)) AS location_whitespace
    FROM crm c
    LEFT JOIN vendor_signals v ON c.clean_domain = v.clean_domain
    UNION
    SELECT 
        v.clean_domain,
        c.company_id,
        c.company_name,
        c.crm_plan,
        c.crm_location_count,
        v.vendor_id,
        v.vendor_name,
        v.vendor_website,
        v.global_location_count,
        v.total_nyc_locations,
        v.avg_nyc_rating,
        v.vendor_pos,
        v.cuisines,
        (COALESCE(v.global_location_count, 0) - COALESCE(c.crm_location_count, 0))
    FROM vendor_signals v
    LEFT JOIN crm c ON v.clean_domain = c.clean_domain
),

filtered_and_segmented AS (
    SELECT 
        *,
        CASE 
            WHEN company_id IS NOT NULL AND total_nyc_locations >= 3 AND avg_nyc_rating >= 4.0 THEN 'CREDIBLE_PARTNER'
            WHEN company_id IS NOT NULL AND (location_whitespace >= 2 OR crm_plan IN ('Essentials', 'Comp')) THEN 'EXPANSION_OPPORTUNITY'
            WHEN company_id IS NULL AND total_nyc_locations >= 1 THEN 'NET_NEW_TARGET'
            ELSE 'UNCLASSIFIED'
        END AS gtm_segment
    FROM master_join
    WHERE (global_location_count <= 50 OR global_location_count IS NULL)
        AND (cuisines NOT LIKE '%pharmacy%' AND cuisines NOT LIKE '%cvs%' AND cuisines NOT LIKE '%apparel%'
             AND cuisines NOT LIKE '%convenience%' AND cuisines NOT LIKE '%grocery%' AND cuisines NOT LIKE '%supermarket%'
             AND cuisines NOT LIKE '%department store%')
)

SELECT * FROM filtered_and_segmented WHERE gtm_segment != 'UNCLASSIFIED';
[0m18:13:13.889018 [debug] [Thread-1  ]: SQL status: OK in 0.000 seconds
[0m18:13:13.889853 [debug] [Thread-1  ]: On model.seven_shifts_project.fct_vendor_signals: COMMIT
[0m18:13:13.890085 [debug] [Thread-1  ]: Using sqlite connection "model.seven_shifts_project.fct_vendor_signals"
[0m18:13:13.890305 [debug] [Thread-1  ]: On model.seven_shifts_project.fct_vendor_signals: COMMIT
[0m18:13:13.890744 [debug] [Thread-1  ]: SQL status: OK in 0.000 seconds
[0m18:13:13.891170 [debug] [Thread-1  ]: On model.seven_shifts_project.fct_vendor_signals: Close
[0m18:13:13.891560 [debug] [Thread-1  ]: Sending event: {'category': 'dbt', 'action': 'run_model', 'label': '7ad51012-fcbf-4423-a7c1-73d0bd842a7a', 'context': [<snowplow_tracker.self_describing_json.SelfDescribingJson object at 0x11405e0a0>]}
[0m18:13:13.891924 [info ] [Thread-1  ]: 4 of 4 OK created sql view model main.fct_vendor_signals ....................... [[32mOK[0m in 0.01s]
[0m18:13:13.892255 [debug] [Thread-1  ]: Finished running node model.seven_shifts_project.fct_vendor_signals
[0m18:13:13.892812 [debug] [MainThread]: Using sqlite connection "master"
[0m18:13:13.893010 [debug] [MainThread]: On master: BEGIN
[0m18:13:13.893184 [debug] [MainThread]: Opening a new connection, currently in state closed
[0m18:13:13.893496 [debug] [MainThread]: SQL status: OK in 0.000 seconds
[0m18:13:13.893666 [debug] [MainThread]: On master: COMMIT
[0m18:13:13.893829 [debug] [MainThread]: Using sqlite connection "master"
[0m18:13:13.893990 [debug] [MainThread]: On master: COMMIT
[0m18:13:13.894156 [debug] [MainThread]: SQL status: OK in 0.000 seconds
[0m18:13:13.894319 [debug] [MainThread]: On master: Close
[0m18:13:13.894530 [debug] [MainThread]: Connection 'master' was properly closed.
[0m18:13:13.894689 [debug] [MainThread]: Connection 'model.seven_shifts_project.fct_vendor_signals' was properly closed.
[0m18:13:13.894889 [info ] [MainThread]: 
[0m18:13:13.895088 [info ] [MainThread]: Finished running 4 view models in 0 hours 0 minutes and 0.14 seconds (0.14s).
[0m18:13:13.895661 [debug] [MainThread]: Command end result
[0m18:13:13.909008 [debug] [MainThread]: Wrote artifact WritableManifest to /Users/nicholaschong/Projects/7shifts_summit_project/seven_shifts_project/target/manifest.json
[0m18:13:13.910017 [debug] [MainThread]: Wrote artifact SemanticManifest to /Users/nicholaschong/Projects/7shifts_summit_project/seven_shifts_project/target/semantic_manifest.json
[0m18:13:13.914480 [debug] [MainThread]: Wrote artifact RunExecutionResult to /Users/nicholaschong/Projects/7shifts_summit_project/seven_shifts_project/target/run_results.json
[0m18:13:13.914689 [info ] [MainThread]: 
[0m18:13:13.914929 [info ] [MainThread]: [32mCompleted successfully[0m
[0m18:13:13.915124 [info ] [MainThread]: 
[0m18:13:13.915331 [info ] [MainThread]: Done. PASS=4 WARN=0 ERROR=0 SKIP=0 NO-OP=0 TOTAL=4
[0m18:13:13.917019 [debug] [MainThread]: Resource report: {"command_name": "run", "command_success": true, "command_wall_clock_time": 0.5904441, "process_in_blocks": "0", "process_kernel_time": 0.164015, "process_mem_max_rss": "117686272", "process_out_blocks": "0", "process_user_time": 1.192811}
[0m18:13:13.917254 [debug] [MainThread]: Command `dbt run` succeeded at 18:13:13.917211 after 0.59 seconds
[0m18:13:13.917465 [debug] [MainThread]: Sending event: {'category': 'dbt', 'action': 'invocation', 'label': 'end', 'context': [<snowplow_tracker.self_describing_json.SelfDescribingJson object at 0x110f8ed90>, <snowplow_tracker.self_describing_json.SelfDescribingJson object at 0x110496670>, <snowplow_tracker.self_describing_json.SelfDescribingJson object at 0x113a59280>]}
[0m18:13:13.917676 [debug] [MainThread]: Flushing usage events
[0m18:13:14.038618 [debug] [MainThread]: An error was encountered while trying to flush usage events
[0m18:15:17.093447 [debug] [MainThread]: Sending event: {'category': 'dbt', 'action': 'invocation', 'label': 'start', 'context': [<snowplow_tracker.self_describing_json.SelfDescribingJson object at 0x103f25df0>, <snowplow_tracker.self_describing_json.SelfDescribingJson object at 0x104fb6190>, <snowplow_tracker.self_describing_json.SelfDescribingJson object at 0x104fb6490>]}


============================== 18:15:17.096189 | 50a17654-e3ac-4806-a9dd-7387e43ec0e2 ==============================
[0m18:15:17.096189 [info ] [MainThread]: Running with dbt=1.10.22
[0m18:15:17.096544 [debug] [MainThread]: running dbt with arguments {'printer_width': '80', 'indirect_selection': 'eager', 'log_cache_events': 'False', 'write_json': 'True', 'partial_parse': 'True', 'cache_selected_only': 'False', 'warn_error': 'None', 'version_check': 'True', 'debug': 'False', 'log_path': '/Users/nicholaschong/Projects/7shifts_summit_project/seven_shifts_project/logs', 'fail_fast': 'False', 'profiles_dir': '/Users/nicholaschong/.dbt', 'use_colors': 'True', 'use_experimental_parser': 'False', 'no_print': 'None', 'quiet': 'False', 'empty': 'False', 'log_format': 'default', 'introspect': 'True', 'static_parser': 'True', 'invocation_command': 'dbt run --full-refresh', 'target_path': 'None', 'warn_error_options': 'WarnErrorOptionsV2(error=[], warn=[], silence=[])', 'send_anonymous_usage_stats': 'True'}
[0m18:15:17.179277 [debug] [MainThread]: Sending event: {'category': 'dbt', 'action': 'project_id', 'label': '50a17654-e3ac-4806-a9dd-7387e43ec0e2', 'context': [<snowplow_tracker.self_describing_json.SelfDescribingJson object at 0x105010100>]}
[0m18:15:17.213288 [debug] [MainThread]: Sending event: {'category': 'dbt', 'action': 'adapter_info', 'label': '50a17654-e3ac-4806-a9dd-7387e43ec0e2', 'context': [<snowplow_tracker.self_describing_json.SelfDescribingJson object at 0x105010ac0>]}
[0m18:15:17.213947 [info ] [MainThread]: Registered adapter: sqlite=1.10.0
[0m18:15:17.288590 [debug] [MainThread]: checksum: 04c83ee057a648a2f8e380c895ffead170732fa039f068d62b9d36aaeefaf7cc, vars: {}, profile: , target: , version: 1.10.22
[0m18:15:17.372404 [debug] [MainThread]: Partial parsing enabled: 0 files deleted, 0 files added, 0 files changed.
[0m18:15:17.372685 [debug] [MainThread]: Partial parsing enabled, no changes found, skipping parsing
[0m18:15:17.397513 [debug] [MainThread]: Sending event: {'category': 'dbt', 'action': 'load_project', 'label': '50a17654-e3ac-4806-a9dd-7387e43ec0e2', 'context': [<snowplow_tracker.self_describing_json.SelfDescribingJson object at 0x10554b130>]}
[0m18:15:17.447721 [debug] [MainThread]: Wrote artifact WritableManifest to /Users/nicholaschong/Projects/7shifts_summit_project/seven_shifts_project/target/manifest.json
[0m18:15:17.448988 [debug] [MainThread]: Wrote artifact SemanticManifest to /Users/nicholaschong/Projects/7shifts_summit_project/seven_shifts_project/target/semantic_manifest.json
[0m18:15:17.459795 [debug] [MainThread]: Sending event: {'category': 'dbt', 'action': 'resource_counts', 'label': '50a17654-e3ac-4806-a9dd-7387e43ec0e2', 'context': [<snowplow_tracker.self_describing_json.SelfDescribingJson object at 0x1054a2160>]}
[0m18:15:17.460091 [info ] [MainThread]: Found 4 models, 3 sources, 416 macros
[0m18:15:17.460316 [debug] [MainThread]: Sending event: {'category': 'dbt', 'action': 'runnable_timing', 'label': '50a17654-e3ac-4806-a9dd-7387e43ec0e2', 'context': [<snowplow_tracker.self_describing_json.SelfDescribingJson object at 0x1034634c0>]}
[0m18:15:17.461131 [info ] [MainThread]: 
[0m18:15:17.461359 [info ] [MainThread]: Concurrency: 1 threads (target='dev')
[0m18:15:17.461550 [info ] [MainThread]: 
[0m18:15:17.461841 [debug] [MainThread]: Acquiring new sqlite connection 'master'
[0m18:15:17.465020 [debug] [ThreadPool]: Acquiring new sqlite connection 'list_main'
[0m18:15:17.523855 [debug] [ThreadPool]: Using sqlite connection "list_main"
[0m18:15:17.524138 [debug] [ThreadPool]: On list_main: BEGIN
[0m18:15:17.524337 [debug] [ThreadPool]: Opening a new connection, currently in state init
[0m18:15:17.527519 [debug] [ThreadPool]: SQL status: OK in 0.003 seconds
[0m18:15:17.527751 [debug] [ThreadPool]: Using sqlite connection "list_main"
[0m18:15:17.527934 [debug] [ThreadPool]: On list_main: /* {"app": "dbt", "dbt_version": "1.10.22", "profile_name": "seven_shifts_project", "target_name": "dev", "connection_name": "list_main"} */

        pragma database_list
    
[0m18:15:17.528121 [debug] [ThreadPool]: SQL status: OK in 0.000 seconds
[0m18:15:17.528866 [debug] [ThreadPool]: On list_main: ROLLBACK
[0m18:15:17.529072 [debug] [ThreadPool]: On list_main: Close
[0m18:15:17.529789 [debug] [ThreadPool]: Re-using an available connection from the pool (formerly list_main, now list_main_main)
[0m18:15:17.534573 [debug] [ThreadPool]: Using sqlite connection "list_main_main"
[0m18:15:17.534781 [debug] [ThreadPool]: On list_main_main: BEGIN
[0m18:15:17.534962 [debug] [ThreadPool]: Opening a new connection, currently in state closed
[0m18:15:17.535256 [debug] [ThreadPool]: SQL status: OK in 0.000 seconds
[0m18:15:17.535427 [debug] [ThreadPool]: Using sqlite connection "list_main_main"
[0m18:15:17.535594 [debug] [ThreadPool]: On list_main_main: /* {"app": "dbt", "dbt_version": "1.10.22", "profile_name": "seven_shifts_project", "target_name": "dev", "connection_name": "list_main_main"} */

        pragma database_list
    
[0m18:15:17.535764 [debug] [ThreadPool]: SQL status: OK in 0.000 seconds
[0m18:15:17.536439 [debug] [ThreadPool]: Using sqlite connection "list_main_main"
[0m18:15:17.536624 [debug] [ThreadPool]: On list_main_main: /* {"app": "dbt", "dbt_version": "1.10.22", "profile_name": "seven_shifts_project", "target_name": "dev", "connection_name": "list_main_main"} */

            SELECT
                'main' as database
                ,name
                ,'main' AS schema
                ,type as data_type
            FROM
                main.sqlite_master
            WHERE
                name NOT LIKE 'sqlite_%'
        
[0m18:15:17.537167 [debug] [ThreadPool]: SQL status: OK in 0.000 seconds
[0m18:15:17.537815 [debug] [ThreadPool]: On list_main_main: ROLLBACK
[0m18:15:17.538048 [debug] [ThreadPool]: On list_main_main: Close
[0m18:15:17.538912 [debug] [MainThread]: Sending event: {'category': 'dbt', 'action': 'runnable_timing', 'label': '50a17654-e3ac-4806-a9dd-7387e43ec0e2', 'context': [<snowplow_tracker.self_describing_json.SelfDescribingJson object at 0x1054e12b0>]}
[0m18:15:17.539182 [debug] [MainThread]: Using sqlite connection "master"
[0m18:15:17.539359 [debug] [MainThread]: On master: BEGIN
[0m18:15:17.539520 [debug] [MainThread]: Opening a new connection, currently in state init
[0m18:15:17.539782 [debug] [MainThread]: SQL status: OK in 0.000 seconds
[0m18:15:17.539955 [debug] [MainThread]: On master: COMMIT
[0m18:15:17.540121 [debug] [MainThread]: Using sqlite connection "master"
[0m18:15:17.540281 [debug] [MainThread]: On master: COMMIT
[0m18:15:17.540446 [debug] [MainThread]: SQL status: OK in 0.000 seconds
[0m18:15:17.540611 [debug] [MainThread]: On master: Close
[0m18:15:17.541877 [debug] [Thread-1  ]: Began running node model.seven_shifts_project.stg_companies
[0m18:15:17.542172 [info ] [Thread-1  ]: 1 of 4 START sql view model main.stg_companies ................................. [RUN]
[0m18:15:17.542440 [debug] [Thread-1  ]: Re-using an available connection from the pool (formerly list_main_main, now model.seven_shifts_project.stg_companies)
[0m18:15:17.542665 [debug] [Thread-1  ]: Began compiling node model.seven_shifts_project.stg_companies
[0m18:15:17.548575 [debug] [Thread-1  ]: Writing injected SQL for node "model.seven_shifts_project.stg_companies"
[0m18:15:17.549296 [debug] [Thread-1  ]: Began executing node model.seven_shifts_project.stg_companies
[0m18:15:17.560775 [debug] [Thread-1  ]: Using sqlite connection "model.seven_shifts_project.stg_companies"
[0m18:15:17.561040 [debug] [Thread-1  ]: On model.seven_shifts_project.stg_companies: /* {"app": "dbt", "dbt_version": "1.10.22", "profile_name": "seven_shifts_project", "target_name": "dev", "node_id": "model.seven_shifts_project.stg_companies"} */
drop view if exists "main"."stg_companies"
[0m18:15:17.561257 [debug] [Thread-1  ]: Opening a new connection, currently in state closed
[0m18:15:17.562412 [debug] [Thread-1  ]: SQL status: OK in 0.001 seconds
[0m18:15:17.564965 [debug] [Thread-1  ]: Writing runtime sql for node "model.seven_shifts_project.stg_companies"
[0m18:15:17.565503 [debug] [Thread-1  ]: Using sqlite connection "model.seven_shifts_project.stg_companies"
[0m18:15:17.565728 [debug] [Thread-1  ]: On model.seven_shifts_project.stg_companies: BEGIN
[0m18:15:17.565946 [debug] [Thread-1  ]: SQL status: OK in 0.000 seconds
[0m18:15:17.566144 [debug] [Thread-1  ]: Using sqlite connection "model.seven_shifts_project.stg_companies"
[0m18:15:17.566341 [debug] [Thread-1  ]: On model.seven_shifts_project.stg_companies: /* {"app": "dbt", "dbt_version": "1.10.22", "profile_name": "seven_shifts_project", "target_name": "dev", "node_id": "model.seven_shifts_project.stg_companies"} */

    
    create view main."stg_companies" as
    SELECT * FROM main."companies";
[0m18:15:17.566716 [debug] [Thread-1  ]: SQL status: OK in 0.000 seconds
[0m18:15:17.569959 [debug] [Thread-1  ]: On model.seven_shifts_project.stg_companies: COMMIT
[0m18:15:17.570208 [debug] [Thread-1  ]: Using sqlite connection "model.seven_shifts_project.stg_companies"
[0m18:15:17.570421 [debug] [Thread-1  ]: On model.seven_shifts_project.stg_companies: COMMIT
[0m18:15:17.570838 [debug] [Thread-1  ]: SQL status: OK in 0.000 seconds
[0m18:15:17.572502 [debug] [Thread-1  ]: On model.seven_shifts_project.stg_companies: Close
[0m18:15:17.573709 [debug] [Thread-1  ]: Sending event: {'category': 'dbt', 'action': 'run_model', 'label': '50a17654-e3ac-4806-a9dd-7387e43ec0e2', 'context': [<snowplow_tracker.self_describing_json.SelfDescribingJson object at 0x10559f1f0>]}
[0m18:15:17.574095 [info ] [Thread-1  ]: 1 of 4 OK created sql view model main.stg_companies ............................ [[32mOK[0m in 0.03s]
[0m18:15:17.574434 [debug] [Thread-1  ]: Finished running node model.seven_shifts_project.stg_companies
[0m18:15:17.574674 [debug] [Thread-1  ]: Began running node model.seven_shifts_project.stg_crm_accounts
[0m18:15:17.574974 [info ] [Thread-1  ]: 2 of 4 START sql view model main.stg_crm_accounts .............................. [RUN]
[0m18:15:17.575239 [debug] [Thread-1  ]: Re-using an available connection from the pool (formerly model.seven_shifts_project.stg_companies, now model.seven_shifts_project.stg_crm_accounts)
[0m18:15:17.575461 [debug] [Thread-1  ]: Began compiling node model.seven_shifts_project.stg_crm_accounts
[0m18:15:17.577217 [debug] [Thread-1  ]: Writing injected SQL for node "model.seven_shifts_project.stg_crm_accounts"
[0m18:15:17.577763 [debug] [Thread-1  ]: Began executing node model.seven_shifts_project.stg_crm_accounts
[0m18:15:17.580565 [debug] [Thread-1  ]: Using sqlite connection "model.seven_shifts_project.stg_crm_accounts"
[0m18:15:17.580810 [debug] [Thread-1  ]: On model.seven_shifts_project.stg_crm_accounts: /* {"app": "dbt", "dbt_version": "1.10.22", "profile_name": "seven_shifts_project", "target_name": "dev", "node_id": "model.seven_shifts_project.stg_crm_accounts"} */
drop view if exists "main"."stg_crm_accounts"
[0m18:15:17.581026 [debug] [Thread-1  ]: Opening a new connection, currently in state closed
[0m18:15:17.581991 [debug] [Thread-1  ]: SQL status: OK in 0.001 seconds
[0m18:15:17.583303 [debug] [Thread-1  ]: Writing runtime sql for node "model.seven_shifts_project.stg_crm_accounts"
[0m18:15:17.583872 [debug] [Thread-1  ]: Using sqlite connection "model.seven_shifts_project.stg_crm_accounts"
[0m18:15:17.584099 [debug] [Thread-1  ]: On model.seven_shifts_project.stg_crm_accounts: BEGIN
[0m18:15:17.584320 [debug] [Thread-1  ]: SQL status: OK in 0.000 seconds
[0m18:15:17.584520 [debug] [Thread-1  ]: Using sqlite connection "model.seven_shifts_project.stg_crm_accounts"
[0m18:15:17.584735 [debug] [Thread-1  ]: On model.seven_shifts_project.stg_crm_accounts: /* {"app": "dbt", "dbt_version": "1.10.22", "profile_name": "seven_shifts_project", "target_name": "dev", "node_id": "model.seven_shifts_project.stg_crm_accounts"} */

    
    create view main."stg_crm_accounts" as
    SELECT * FROM main."crm_accounts";
[0m18:15:17.590337 [debug] [Thread-1  ]: SQL status: OK in 0.002 seconds
[0m18:15:17.604958 [debug] [Thread-1  ]: On model.seven_shifts_project.stg_crm_accounts: COMMIT
[0m18:15:17.606852 [debug] [Thread-1  ]: Using sqlite connection "model.seven_shifts_project.stg_crm_accounts"
[0m18:15:17.608651 [debug] [Thread-1  ]: On model.seven_shifts_project.stg_crm_accounts: COMMIT
[0m18:15:17.640357 [debug] [Thread-1  ]: SQL status: OK in 0.007 seconds
[0m18:15:17.646171 [debug] [Thread-1  ]: On model.seven_shifts_project.stg_crm_accounts: Close
[0m18:15:17.647208 [debug] [Thread-1  ]: Sending event: {'category': 'dbt', 'action': 'run_model', 'label': '50a17654-e3ac-4806-a9dd-7387e43ec0e2', 'context': [<snowplow_tracker.self_describing_json.SelfDescribingJson object at 0x104f8a4f0>]}
[0m18:15:17.647884 [info ] [Thread-1  ]: 2 of 4 OK created sql view model main.stg_crm_accounts ......................... [[32mOK[0m in 0.07s]
[0m18:15:17.648327 [debug] [Thread-1  ]: Finished running node model.seven_shifts_project.stg_crm_accounts
[0m18:15:17.648614 [debug] [Thread-1  ]: Began running node model.seven_shifts_project.stg_locations
[0m18:15:17.648966 [info ] [Thread-1  ]: 3 of 4 START sql view model main.stg_locations ................................. [RUN]
[0m18:15:17.649285 [debug] [Thread-1  ]: Re-using an available connection from the pool (formerly model.seven_shifts_project.stg_crm_accounts, now model.seven_shifts_project.stg_locations)
[0m18:15:17.649525 [debug] [Thread-1  ]: Began compiling node model.seven_shifts_project.stg_locations
[0m18:15:17.652044 [debug] [Thread-1  ]: Writing injected SQL for node "model.seven_shifts_project.stg_locations"
[0m18:15:17.652565 [debug] [Thread-1  ]: Began executing node model.seven_shifts_project.stg_locations
[0m18:15:17.655903 [debug] [Thread-1  ]: Using sqlite connection "model.seven_shifts_project.stg_locations"
[0m18:15:17.656159 [debug] [Thread-1  ]: On model.seven_shifts_project.stg_locations: /* {"app": "dbt", "dbt_version": "1.10.22", "profile_name": "seven_shifts_project", "target_name": "dev", "node_id": "model.seven_shifts_project.stg_locations"} */
drop view if exists "main"."stg_locations"
[0m18:15:17.664756 [debug] [Thread-1  ]: Opening a new connection, currently in state closed
[0m18:15:17.667037 [debug] [Thread-1  ]: SQL status: OK in 0.004 seconds
[0m18:15:17.668224 [debug] [Thread-1  ]: Writing runtime sql for node "model.seven_shifts_project.stg_locations"
[0m18:15:17.668866 [debug] [Thread-1  ]: Using sqlite connection "model.seven_shifts_project.stg_locations"
[0m18:15:17.669161 [debug] [Thread-1  ]: On model.seven_shifts_project.stg_locations: BEGIN
[0m18:15:17.669420 [debug] [Thread-1  ]: SQL status: OK in 0.000 seconds
[0m18:15:17.669639 [debug] [Thread-1  ]: Using sqlite connection "model.seven_shifts_project.stg_locations"
[0m18:15:17.669856 [debug] [Thread-1  ]: On model.seven_shifts_project.stg_locations: /* {"app": "dbt", "dbt_version": "1.10.22", "profile_name": "seven_shifts_project", "target_name": "dev", "node_id": "model.seven_shifts_project.stg_locations"} */

    
    create view main."stg_locations" as
    SELECT * FROM main."locations";
[0m18:15:17.670285 [debug] [Thread-1  ]: SQL status: OK in 0.000 seconds
[0m18:15:17.671027 [debug] [Thread-1  ]: On model.seven_shifts_project.stg_locations: COMMIT
[0m18:15:17.671256 [debug] [Thread-1  ]: Using sqlite connection "model.seven_shifts_project.stg_locations"
[0m18:15:17.671466 [debug] [Thread-1  ]: On model.seven_shifts_project.stg_locations: COMMIT
[0m18:15:17.671954 [debug] [Thread-1  ]: SQL status: OK in 0.000 seconds
[0m18:15:17.672517 [debug] [Thread-1  ]: On model.seven_shifts_project.stg_locations: Close
[0m18:15:17.672962 [debug] [Thread-1  ]: Sending event: {'category': 'dbt', 'action': 'run_model', 'label': '50a17654-e3ac-4806-a9dd-7387e43ec0e2', 'context': [<snowplow_tracker.self_describing_json.SelfDescribingJson object at 0x104f8a4f0>]}
[0m18:15:17.673358 [info ] [Thread-1  ]: 3 of 4 OK created sql view model main.stg_locations ............................ [[32mOK[0m in 0.02s]
[0m18:15:17.673703 [debug] [Thread-1  ]: Finished running node model.seven_shifts_project.stg_locations
[0m18:15:17.674157 [debug] [Thread-1  ]: Began running node model.seven_shifts_project.fct_vendor_signals
[0m18:15:17.674501 [info ] [Thread-1  ]: 4 of 4 START sql view model main.fct_vendor_signals ............................ [RUN]
[0m18:15:17.674796 [debug] [Thread-1  ]: Re-using an available connection from the pool (formerly model.seven_shifts_project.stg_locations, now model.seven_shifts_project.fct_vendor_signals)
[0m18:15:17.675022 [debug] [Thread-1  ]: Began compiling node model.seven_shifts_project.fct_vendor_signals
[0m18:15:17.679862 [debug] [Thread-1  ]: Writing injected SQL for node "model.seven_shifts_project.fct_vendor_signals"
[0m18:15:17.680636 [debug] [Thread-1  ]: Began executing node model.seven_shifts_project.fct_vendor_signals
[0m18:15:17.683689 [debug] [Thread-1  ]: Using sqlite connection "model.seven_shifts_project.fct_vendor_signals"
[0m18:15:17.683921 [debug] [Thread-1  ]: On model.seven_shifts_project.fct_vendor_signals: /* {"app": "dbt", "dbt_version": "1.10.22", "profile_name": "seven_shifts_project", "target_name": "dev", "node_id": "model.seven_shifts_project.fct_vendor_signals"} */
drop view if exists "main"."fct_vendor_signals"
[0m18:15:17.684135 [debug] [Thread-1  ]: Opening a new connection, currently in state closed
[0m18:15:17.685152 [debug] [Thread-1  ]: SQL status: OK in 0.001 seconds
[0m18:15:17.685956 [debug] [Thread-1  ]: Writing runtime sql for node "model.seven_shifts_project.fct_vendor_signals"
[0m18:15:17.686512 [debug] [Thread-1  ]: Using sqlite connection "model.seven_shifts_project.fct_vendor_signals"
[0m18:15:17.686734 [debug] [Thread-1  ]: On model.seven_shifts_project.fct_vendor_signals: BEGIN
[0m18:15:17.686951 [debug] [Thread-1  ]: SQL status: OK in 0.000 seconds
[0m18:15:17.687149 [debug] [Thread-1  ]: Using sqlite connection "model.seven_shifts_project.fct_vendor_signals"
[0m18:15:17.687432 [debug] [Thread-1  ]: On model.seven_shifts_project.fct_vendor_signals: /* {"app": "dbt", "dbt_version": "1.10.22", "profile_name": "seven_shifts_project", "target_name": "dev", "node_id": "model.seven_shifts_project.fct_vendor_signals"} */

    
    create view main."fct_vendor_signals" as
    WITH crm AS (
    SELECT 
        company_id,
        company_name,
        LOWER(REPLACE(REPLACE(domain, 'www.', ''), 'https://', '')) AS clean_domain,
        plan_name AS crm_plan,
        locations_in_7shifts AS crm_location_count
    FROM main."stg_crm_accounts"
),

vendor_signals AS (
    SELECT 
        account_id AS vendor_id,
        company_name AS vendor_name,
        website AS vendor_website,
        LOWER(REPLACE(REPLACE(website, 'www.', ''), 'https://', '')) AS clean_domain,
        num_locations AS global_location_count,
        pos_vendor AS vendor_pos,
        SUM(CASE WHEN l.city IN ('New York', 'Brooklyn', 'Queens', 'Bronx', 'Staten Island') THEN 1 ELSE 0 END) AS total_nyc_locations,
        ROUND(AVG(CASE WHEN l.city IN ('New York', 'Brooklyn', 'Queens', 'Bronx', 'Staten Island') THEN l.review_rating ELSE NULL END), 1) AS avg_nyc_rating,
        GROUP_CONCAT(DISTINCT LOWER(l.cuisine_type)) AS cuisines
    FROM main."stg_companies" c
    LEFT JOIN main."stg_locations" l ON c.account_id = l.account_id
    GROUP BY 1, 2, 3, 4, 5
),

master_join AS (
    SELECT 
        COALESCE(c.clean_domain, v.clean_domain) AS primary_domain,
        c.company_id,
        c.company_name AS crm_name,
        c.crm_plan,
        c.crm_location_count,
        v.vendor_id,
        v.vendor_name,
        v.vendor_website,
        v.global_location_count,
        v.total_nyc_locations,
        v.avg_nyc_rating,
        v.vendor_pos,
        v.cuisines,
        (COALESCE(v.global_location_count, 0) - COALESCE(c.crm_location_count, 0)) AS location_whitespace
    FROM crm c
    LEFT JOIN vendor_signals v ON c.clean_domain = v.clean_domain
    UNION
    SELECT 
        v.clean_domain,
        c.company_id,
        c.company_name,
        c.crm_plan,
        c.crm_location_count,
        v.vendor_id,
        v.vendor_name,
        v.vendor_website,
        v.global_location_count,
        v.total_nyc_locations,
        v.avg_nyc_rating,
        v.vendor_pos,
        v.cuisines,
        (COALESCE(v.global_location_count, 0) - COALESCE(c.crm_location_count, 0))
    FROM vendor_signals v
    LEFT JOIN crm c ON v.clean_domain = c.clean_domain
),

filtered_and_segmented AS (
    SELECT 
        *,
        CASE 
            WHEN company_id IS NOT NULL AND total_nyc_locations >= 3 AND avg_nyc_rating >= 4.0 THEN 'CREDIBLE_PARTNER'
            WHEN company_id IS NOT NULL AND (location_whitespace >= 2 OR crm_plan IN ('Essentials', 'Comp')) THEN 'EXPANSION_OPPORTUNITY'
            WHEN company_id IS NULL AND total_nyc_locations >= 1 THEN 'NET_NEW_TARGET'
            ELSE 'UNCLASSIFIED'
        END AS gtm_segment
    FROM master_join
    WHERE (global_location_count <= 50 OR global_location_count IS NULL)
        AND (cuisines NOT LIKE '%pharmacy%' AND cuisines NOT LIKE '%cvs%' AND cuisines NOT LIKE '%apparel%'
             AND cuisines NOT LIKE '%convenience%' AND cuisines NOT LIKE '%grocery%' AND cuisines NOT LIKE '%supermarket%'
             AND cuisines NOT LIKE '%department store%')
)

SELECT * FROM filtered_and_segmented WHERE gtm_segment != 'UNCLASSIFIED';
[0m18:15:17.688206 [debug] [Thread-1  ]: SQL status: OK in 0.000 seconds
[0m18:15:17.688936 [debug] [Thread-1  ]: On model.seven_shifts_project.fct_vendor_signals: COMMIT
[0m18:15:17.689166 [debug] [Thread-1  ]: Using sqlite connection "model.seven_shifts_project.fct_vendor_signals"
[0m18:15:17.689374 [debug] [Thread-1  ]: On model.seven_shifts_project.fct_vendor_signals: COMMIT
[0m18:15:17.689850 [debug] [Thread-1  ]: SQL status: OK in 0.000 seconds
[0m18:15:17.690641 [debug] [Thread-1  ]: On model.seven_shifts_project.fct_vendor_signals: Close
[0m18:15:17.691177 [debug] [Thread-1  ]: Sending event: {'category': 'dbt', 'action': 'run_model', 'label': '50a17654-e3ac-4806-a9dd-7387e43ec0e2', 'context': [<snowplow_tracker.self_describing_json.SelfDescribingJson object at 0x104f8a4f0>]}
[0m18:15:17.691648 [info ] [Thread-1  ]: 4 of 4 OK created sql view model main.fct_vendor_signals ....................... [[32mOK[0m in 0.02s]
[0m18:15:17.692012 [debug] [Thread-1  ]: Finished running node model.seven_shifts_project.fct_vendor_signals
[0m18:15:17.692654 [debug] [MainThread]: Using sqlite connection "master"
[0m18:15:17.692851 [debug] [MainThread]: On master: BEGIN
[0m18:15:17.693028 [debug] [MainThread]: Opening a new connection, currently in state closed
[0m18:15:17.693344 [debug] [MainThread]: SQL status: OK in 0.000 seconds
[0m18:15:17.693519 [debug] [MainThread]: On master: COMMIT
[0m18:15:17.693690 [debug] [MainThread]: Using sqlite connection "master"
[0m18:15:17.693859 [debug] [MainThread]: On master: COMMIT
[0m18:15:17.694032 [debug] [MainThread]: SQL status: OK in 0.000 seconds
[0m18:15:17.694203 [debug] [MainThread]: On master: Close
[0m18:15:17.694442 [debug] [MainThread]: Connection 'master' was properly closed.
[0m18:15:17.694618 [debug] [MainThread]: Connection 'model.seven_shifts_project.fct_vendor_signals' was properly closed.
[0m18:15:17.694842 [info ] [MainThread]: 
[0m18:15:17.695047 [info ] [MainThread]: Finished running 4 view models in 0 hours 0 minutes and 0.23 seconds (0.23s).
[0m18:15:17.695643 [debug] [MainThread]: Command end result
[0m18:15:17.709415 [debug] [MainThread]: Wrote artifact WritableManifest to /Users/nicholaschong/Projects/7shifts_summit_project/seven_shifts_project/target/manifest.json
[0m18:15:17.710536 [debug] [MainThread]: Wrote artifact SemanticManifest to /Users/nicholaschong/Projects/7shifts_summit_project/seven_shifts_project/target/semantic_manifest.json
[0m18:15:17.716261 [debug] [MainThread]: Wrote artifact RunExecutionResult to /Users/nicholaschong/Projects/7shifts_summit_project/seven_shifts_project/target/run_results.json
[0m18:15:17.716492 [info ] [MainThread]: 
[0m18:15:17.716740 [info ] [MainThread]: [32mCompleted successfully[0m
[0m18:15:17.716937 [info ] [MainThread]: 
[0m18:15:17.717145 [info ] [MainThread]: Done. PASS=4 WARN=0 ERROR=0 SKIP=0 NO-OP=0 TOTAL=4
[0m18:15:17.718843 [debug] [MainThread]: Resource report: {"command_name": "run", "command_success": true, "command_wall_clock_time": 0.6701957, "process_in_blocks": "0", "process_kernel_time": 0.16085, "process_mem_max_rss": "118226944", "process_out_blocks": "0", "process_user_time": 1.213986}
[0m18:15:17.719081 [debug] [MainThread]: Command `dbt run` succeeded at 18:15:17.719038 after 0.67 seconds
[0m18:15:17.719300 [debug] [MainThread]: Sending event: {'category': 'dbt', 'action': 'invocation', 'label': 'end', 'context': [<snowplow_tracker.self_describing_json.SelfDescribingJson object at 0x103f25df0>, <snowplow_tracker.self_describing_json.SelfDescribingJson object at 0x105125cd0>, <snowplow_tracker.self_describing_json.SelfDescribingJson object at 0x105010100>]}
[0m18:15:17.719519 [debug] [MainThread]: Flushing usage events
[0m18:15:18.064912 [debug] [MainThread]: An error was encountered while trying to flush usage events
[0m18:18:53.797001 [debug] [MainThread]: Sending event: {'category': 'dbt', 'action': 'invocation', 'label': 'start', 'context': [<snowplow_tracker.self_describing_json.SelfDescribingJson object at 0x107415e50>, <snowplow_tracker.self_describing_json.SelfDescribingJson object at 0x1084a6190>, <snowplow_tracker.self_describing_json.SelfDescribingJson object at 0x1084a6490>]}


============================== 18:18:53.799768 | 40069a5f-7faa-4a6a-b386-6b3ae3adc624 ==============================
[0m18:18:53.799768 [info ] [MainThread]: Running with dbt=1.10.22
[0m18:18:53.800174 [debug] [MainThread]: running dbt with arguments {'printer_width': '80', 'indirect_selection': 'eager', 'write_json': 'True', 'log_cache_events': 'False', 'partial_parse': 'True', 'cache_selected_only': 'False', 'warn_error': 'None', 'version_check': 'True', 'fail_fast': 'False', 'log_path': '/Users/nicholaschong/Projects/7shifts_summit_project/seven_shifts_project/logs', 'profiles_dir': '/Users/nicholaschong/.dbt', 'debug': 'False', 'use_colors': 'True', 'use_experimental_parser': 'False', 'empty': 'False', 'quiet': 'False', 'no_print': 'None', 'warn_error_options': 'WarnErrorOptionsV2(error=[], warn=[], silence=[])', 'invocation_command': 'dbt run --full-refresh', 'log_format': 'default', 'introspect': 'True', 'target_path': 'None', 'static_parser': 'True', 'send_anonymous_usage_stats': 'True'}
[0m18:18:53.812301 [error] [MainThread]: Encountered an error:
Runtime Error
  Credentials in profile "seven_shifts_project", target "dev" invalid: 'schema' is a required property
[0m18:18:53.814072 [debug] [MainThread]: Resource report: {"command_name": "run", "command_success": false, "command_wall_clock_time": 0.061306916, "process_in_blocks": "0", "process_kernel_time": 0.100057, "process_mem_max_rss": "100450304", "process_out_blocks": "0", "process_user_time": 0.757561}
[0m18:18:53.815608 [debug] [MainThread]: Command `dbt run` failed at 18:18:53.815532 after 0.06 seconds
[0m18:18:53.815872 [debug] [MainThread]: Sending event: {'category': 'dbt', 'action': 'invocation', 'label': 'end', 'context': [<snowplow_tracker.self_describing_json.SelfDescribingJson object at 0x107415e50>, <snowplow_tracker.self_describing_json.SelfDescribingJson object at 0x107d73130>, <snowplow_tracker.self_describing_json.SelfDescribingJson object at 0x1084823a0>]}
[0m18:18:53.816125 [debug] [MainThread]: Flushing usage events
[0m18:18:55.157063 [debug] [MainThread]: An error was encountered while trying to flush usage events
[0m18:19:32.300960 [debug] [MainThread]: Sending event: {'category': 'dbt', 'action': 'invocation', 'label': 'start', 'context': [<snowplow_tracker.self_describing_json.SelfDescribingJson object at 0x1032b9e20>, <snowplow_tracker.self_describing_json.SelfDescribingJson object at 0x10434a280>, <snowplow_tracker.self_describing_json.SelfDescribingJson object at 0x10434a580>]}


============================== 18:19:32.303826 | a198d4b3-c38f-4d04-b01e-599de1b0a3ef ==============================
[0m18:19:32.303826 [info ] [MainThread]: Running with dbt=1.10.22
[0m18:19:32.304222 [debug] [MainThread]: running dbt with arguments {'printer_width': '80', 'indirect_selection': 'eager', 'log_cache_events': 'False', 'write_json': 'True', 'partial_parse': 'True', 'cache_selected_only': 'False', 'warn_error': 'None', 'version_check': 'True', 'profiles_dir': '/Users/nicholaschong/.dbt', 'log_path': '/Users/nicholaschong/Projects/7shifts_summit_project/seven_shifts_project/logs', 'debug': 'False', 'fail_fast': 'False', 'use_colors': 'True', 'use_experimental_parser': 'False', 'no_print': 'None', 'quiet': 'False', 'empty': 'False', 'warn_error_options': 'WarnErrorOptionsV2(error=[], warn=[], silence=[])', 'static_parser': 'True', 'introspect': 'True', 'invocation_command': 'dbt run --full-refresh', 'target_path': 'None', 'log_format': 'default', 'send_anonymous_usage_stats': 'True'}
[0m18:19:32.317594 [error] [MainThread]: Encountered an error:
Runtime Error
  Credentials in profile "seven_shifts_project", target "dev" invalid: 'schemas_and_paths' is a required property
[0m18:19:32.319498 [debug] [MainThread]: Resource report: {"command_name": "run", "command_success": false, "command_wall_clock_time": 0.06263458, "process_in_blocks": "0", "process_kernel_time": 0.105626, "process_mem_max_rss": "99352576", "process_out_blocks": "0", "process_user_time": 0.771067}
[0m18:19:32.319830 [debug] [MainThread]: Command `dbt run` failed at 18:19:32.319766 after 0.06 seconds
[0m18:19:32.320077 [debug] [MainThread]: Sending event: {'category': 'dbt', 'action': 'invocation', 'label': 'end', 'context': [<snowplow_tracker.self_describing_json.SelfDescribingJson object at 0x1032b9e20>, <snowplow_tracker.self_describing_json.SelfDescribingJson object at 0x10431ea00>, <snowplow_tracker.self_describing_json.SelfDescribingJson object at 0x10431ea60>]}
[0m18:19:32.320316 [debug] [MainThread]: Flushing usage events
[0m18:19:32.440603 [debug] [MainThread]: An error was encountered while trying to flush usage events
[0m18:20:09.840629 [debug] [MainThread]: Sending event: {'category': 'dbt', 'action': 'invocation', 'label': 'start', 'context': [<snowplow_tracker.self_describing_json.SelfDescribingJson object at 0x107e39e50>, <snowplow_tracker.self_describing_json.SelfDescribingJson object at 0x111d0a190>, <snowplow_tracker.self_describing_json.SelfDescribingJson object at 0x111d0a490>]}


============================== 18:20:09.843525 | 55564945-70c7-46e2-bd6e-f4964e681eb0 ==============================
[0m18:20:09.843525 [info ] [MainThread]: Running with dbt=1.10.22
[0m18:20:09.843913 [debug] [MainThread]: running dbt with arguments {'printer_width': '80', 'indirect_selection': 'eager', 'log_cache_events': 'False', 'write_json': 'True', 'partial_parse': 'True', 'cache_selected_only': 'False', 'profiles_dir': '/Users/nicholaschong/.dbt', 'version_check': 'True', 'fail_fast': 'False', 'log_path': '/Users/nicholaschong/Projects/7shifts_summit_project/seven_shifts_project/logs', 'warn_error': 'None', 'debug': 'False', 'use_colors': 'True', 'use_experimental_parser': 'False', 'no_print': 'None', 'quiet': 'False', 'empty': 'False', 'log_format': 'default', 'static_parser': 'True', 'warn_error_options': 'WarnErrorOptionsV2(error=[], warn=[], silence=[])', 'invocation_command': 'dbt run --full-refresh', 'target_path': 'None', 'introspect': 'True', 'send_anonymous_usage_stats': 'True'}
[0m18:20:09.857100 [error] [MainThread]: Encountered an error:
Runtime Error
  Credentials in profile "seven_shifts_project", target "dev" invalid: 'schema_directory' is a required property
[0m18:20:09.858937 [debug] [MainThread]: Resource report: {"command_name": "run", "command_success": false, "command_wall_clock_time": 0.062686294, "process_in_blocks": "0", "process_kernel_time": 0.097675, "process_mem_max_rss": "100712448", "process_out_blocks": "0", "process_user_time": 0.76617}
[0m18:20:09.860424 [debug] [MainThread]: Command `dbt run` failed at 18:20:09.860337 after 0.06 seconds
[0m18:20:09.860689 [debug] [MainThread]: Sending event: {'category': 'dbt', 'action': 'invocation', 'label': 'end', 'context': [<snowplow_tracker.self_describing_json.SelfDescribingJson object at 0x107e39e50>, <snowplow_tracker.self_describing_json.SelfDescribingJson object at 0x1105ad670>, <snowplow_tracker.self_describing_json.SelfDescribingJson object at 0x111cb47f0>]}
[0m18:20:09.860947 [debug] [MainThread]: Flushing usage events
[0m18:20:09.978877 [debug] [MainThread]: An error was encountered while trying to flush usage events
[0m18:21:06.262047 [debug] [MainThread]: Sending event: {'category': 'dbt', 'action': 'invocation', 'label': 'start', 'context': [<snowplow_tracker.self_describing_json.SelfDescribingJson object at 0x108261eb0>, <snowplow_tracker.self_describing_json.SelfDescribingJson object at 0x109d0a130>, <snowplow_tracker.self_describing_json.SelfDescribingJson object at 0x109d0a430>]}


============================== 18:21:06.264533 | d7128c52-5216-4a75-9aea-1f3473bb0b04 ==============================
[0m18:21:06.264533 [info ] [MainThread]: Running with dbt=1.10.22
[0m18:21:06.264881 [debug] [MainThread]: running dbt with arguments {'printer_width': '80', 'indirect_selection': 'eager', 'write_json': 'True', 'log_cache_events': 'False', 'partial_parse': 'True', 'cache_selected_only': 'False', 'warn_error': 'None', 'fail_fast': 'False', 'profiles_dir': '/Users/nicholaschong/.dbt', 'log_path': '/Users/nicholaschong/Projects/7shifts_summit_project/seven_shifts_project/logs', 'debug': 'False', 'version_check': 'True', 'use_colors': 'True', 'use_experimental_parser': 'False', 'no_print': 'None', 'quiet': 'False', 'empty': 'False', 'log_format': 'default', 'static_parser': 'True', 'warn_error_options': 'WarnErrorOptionsV2(error=[], warn=[], silence=[])', 'invocation_command': 'dbt run --full-refresh', 'target_path': 'None', 'introspect': 'True', 'send_anonymous_usage_stats': 'True'}
[0m18:21:06.277071 [error] [MainThread]: Encountered an error:
Runtime Error
  Credentials in profile "seven_shifts_project", target "dev" invalid: 'schemas_and_paths' is a required property
[0m18:21:06.279053 [debug] [MainThread]: Resource report: {"command_name": "run", "command_success": false, "command_wall_clock_time": 0.060629293, "process_in_blocks": "0", "process_kernel_time": 0.096193, "process_mem_max_rss": "99123200", "process_out_blocks": "0", "process_user_time": 0.762969}
[0m18:21:06.279370 [debug] [MainThread]: Command `dbt run` failed at 18:21:06.279310 after 0.06 seconds
[0m18:21:06.279615 [debug] [MainThread]: Sending event: {'category': 'dbt', 'action': 'invocation', 'label': 'end', 'context': [<snowplow_tracker.self_describing_json.SelfDescribingJson object at 0x108261eb0>, <snowplow_tracker.self_describing_json.SelfDescribingJson object at 0x109cdc760>, <snowplow_tracker.self_describing_json.SelfDescribingJson object at 0x109d738e0>]}
[0m18:21:06.279857 [debug] [MainThread]: Flushing usage events
[0m18:21:06.830503 [debug] [MainThread]: An error was encountered while trying to flush usage events
[0m18:21:49.970076 [debug] [MainThread]: Sending event: {'category': 'dbt', 'action': 'invocation', 'label': 'start', 'context': [<snowplow_tracker.self_describing_json.SelfDescribingJson object at 0x10728de50>, <snowplow_tracker.self_describing_json.SelfDescribingJson object at 0x110f4a190>, <snowplow_tracker.self_describing_json.SelfDescribingJson object at 0x110f4a490>]}


============================== 18:21:49.972823 | 0dcad813-804d-42dc-a954-49560e037026 ==============================
[0m18:21:49.972823 [info ] [MainThread]: Running with dbt=1.10.22
[0m18:21:49.973185 [debug] [MainThread]: running dbt with arguments {'printer_width': '80', 'indirect_selection': 'eager', 'write_json': 'True', 'log_cache_events': 'False', 'partial_parse': 'True', 'cache_selected_only': 'False', 'warn_error': 'None', 'fail_fast': 'False', 'version_check': 'True', 'log_path': '/Users/nicholaschong/Projects/7shifts_summit_project/seven_shifts_project/logs', 'debug': 'False', 'profiles_dir': '/Users/nicholaschong/.dbt', 'use_colors': 'True', 'use_experimental_parser': 'False', 'empty': 'False', 'quiet': 'False', 'no_print': 'None', 'log_format': 'default', 'introspect': 'True', 'warn_error_options': 'WarnErrorOptionsV2(error=[], warn=[], silence=[])', 'invocation_command': 'dbt run --full-refresh', 'target_path': 'None', 'static_parser': 'True', 'send_anonymous_usage_stats': 'True'}
[0m18:21:50.059679 [debug] [MainThread]: Sending event: {'category': 'dbt', 'action': 'project_id', 'label': '0dcad813-804d-42dc-a954-49560e037026', 'context': [<snowplow_tracker.self_describing_json.SelfDescribingJson object at 0x110fa64f0>]}
[0m18:21:50.093975 [debug] [MainThread]: Sending event: {'category': 'dbt', 'action': 'adapter_info', 'label': '0dcad813-804d-42dc-a954-49560e037026', 'context': [<snowplow_tracker.self_describing_json.SelfDescribingJson object at 0x107858490>]}
[0m18:21:50.094626 [info ] [MainThread]: Registered adapter: sqlite=1.10.0
[0m18:21:50.171084 [debug] [MainThread]: checksum: 04c83ee057a648a2f8e380c895ffead170732fa039f068d62b9d36aaeefaf7cc, vars: {}, profile: , target: , version: 1.10.22
[0m18:21:50.231549 [info ] [MainThread]: Unable to do partial parsing because profile has changed
[0m18:21:50.231888 [debug] [MainThread]: Sending event: {'category': 'dbt', 'action': 'partial_parser', 'label': '0dcad813-804d-42dc-a954-49560e037026', 'context': [<snowplow_tracker.self_describing_json.SelfDescribingJson object at 0x1113c9790>]}
[0m18:21:50.887555 [debug] [MainThread]: Sending event: {'category': 'dbt', 'action': 'load_project', 'label': '0dcad813-804d-42dc-a954-49560e037026', 'context': [<snowplow_tracker.self_describing_json.SelfDescribingJson object at 0x112a5b130>]}
[0m18:21:50.933271 [debug] [MainThread]: Wrote artifact WritableManifest to /Users/nicholaschong/Projects/7shifts_summit_project/seven_shifts_project/target/manifest.json
[0m18:21:50.934401 [debug] [MainThread]: Wrote artifact SemanticManifest to /Users/nicholaschong/Projects/7shifts_summit_project/seven_shifts_project/target/semantic_manifest.json
[0m18:21:50.945619 [debug] [MainThread]: Sending event: {'category': 'dbt', 'action': 'resource_counts', 'label': '0dcad813-804d-42dc-a954-49560e037026', 'context': [<snowplow_tracker.self_describing_json.SelfDescribingJson object at 0x112a506a0>]}
[0m18:21:50.945933 [info ] [MainThread]: Found 4 models, 3 sources, 416 macros
[0m18:21:50.946161 [debug] [MainThread]: Sending event: {'category': 'dbt', 'action': 'runnable_timing', 'label': '0dcad813-804d-42dc-a954-49560e037026', 'context': [<snowplow_tracker.self_describing_json.SelfDescribingJson object at 0x112adb130>]}
[0m18:21:50.946945 [info ] [MainThread]: 
[0m18:21:50.947165 [info ] [MainThread]: Concurrency: 1 threads (target='dev')
[0m18:21:50.947355 [info ] [MainThread]: 
[0m18:21:50.947638 [debug] [MainThread]: Acquiring new sqlite connection 'master'
[0m18:21:50.950804 [debug] [ThreadPool]: Acquiring new sqlite connection 'list_7shifts_nyc_data'
[0m18:21:51.015151 [debug] [ThreadPool]: Using sqlite connection "list_7shifts_nyc_data"
[0m18:21:51.015438 [debug] [ThreadPool]: On list_7shifts_nyc_data: BEGIN
[0m18:21:51.015634 [debug] [ThreadPool]: Opening a new connection, currently in state init
[0m18:21:51.017318 [debug] [ThreadPool]: SQL status: OK in 0.002 seconds
[0m18:21:51.017536 [debug] [ThreadPool]: Using sqlite connection "list_7shifts_nyc_data"
[0m18:21:51.017720 [debug] [ThreadPool]: On list_7shifts_nyc_data: /* {"app": "dbt", "dbt_version": "1.10.22", "profile_name": "seven_shifts_project", "target_name": "dev", "connection_name": "list_7shifts_nyc_data"} */

        pragma database_list
    
[0m18:21:51.017904 [debug] [ThreadPool]: SQL status: OK in 0.000 seconds
[0m18:21:51.018572 [debug] [ThreadPool]: On list_7shifts_nyc_data: ROLLBACK
[0m18:21:51.018761 [debug] [ThreadPool]: On list_7shifts_nyc_data: Close
[0m18:21:51.019447 [debug] [ThreadPool]: Re-using an available connection from the pool (formerly list_7shifts_nyc_data, now list_7shifts_nyc_data_main)
[0m18:21:51.024188 [debug] [ThreadPool]: Using sqlite connection "list_7shifts_nyc_data_main"
[0m18:21:51.024428 [debug] [ThreadPool]: On list_7shifts_nyc_data_main: BEGIN
[0m18:21:51.024618 [debug] [ThreadPool]: Opening a new connection, currently in state closed
[0m18:21:51.024915 [debug] [ThreadPool]: SQL status: OK in 0.000 seconds
[0m18:21:51.025089 [debug] [ThreadPool]: Using sqlite connection "list_7shifts_nyc_data_main"
[0m18:21:51.025273 [debug] [ThreadPool]: On list_7shifts_nyc_data_main: /* {"app": "dbt", "dbt_version": "1.10.22", "profile_name": "seven_shifts_project", "target_name": "dev", "connection_name": "list_7shifts_nyc_data_main"} */

        pragma database_list
    
[0m18:21:51.025459 [debug] [ThreadPool]: SQL status: OK in 0.000 seconds
[0m18:21:51.026127 [debug] [ThreadPool]: Using sqlite connection "list_7shifts_nyc_data_main"
[0m18:21:51.026321 [debug] [ThreadPool]: On list_7shifts_nyc_data_main: /* {"app": "dbt", "dbt_version": "1.10.22", "profile_name": "seven_shifts_project", "target_name": "dev", "connection_name": "list_7shifts_nyc_data_main"} */

            SELECT
                '7shifts_nyc_data' as database
                ,name
                ,'main' AS schema
                ,type as data_type
            FROM
                main.sqlite_master
            WHERE
                name NOT LIKE 'sqlite_%'
        
[0m18:21:51.026590 [debug] [ThreadPool]: SQL status: OK in 0.000 seconds
[0m18:21:51.027177 [debug] [ThreadPool]: On list_7shifts_nyc_data_main: ROLLBACK
[0m18:21:51.027357 [debug] [ThreadPool]: On list_7shifts_nyc_data_main: Close
[0m18:21:51.027917 [debug] [MainThread]: Sending event: {'category': 'dbt', 'action': 'runnable_timing', 'label': '0dcad813-804d-42dc-a954-49560e037026', 'context': [<snowplow_tracker.self_describing_json.SelfDescribingJson object at 0x112a35790>]}
[0m18:21:51.028195 [debug] [MainThread]: Using sqlite connection "master"
[0m18:21:51.028389 [debug] [MainThread]: On master: BEGIN
[0m18:21:51.028551 [debug] [MainThread]: Opening a new connection, currently in state init
[0m18:21:51.028820 [debug] [MainThread]: SQL status: OK in 0.000 seconds
[0m18:21:51.028996 [debug] [MainThread]: On master: COMMIT
[0m18:21:51.029165 [debug] [MainThread]: Using sqlite connection "master"
[0m18:21:51.029347 [debug] [MainThread]: On master: COMMIT
[0m18:21:51.029515 [debug] [MainThread]: SQL status: OK in 0.000 seconds
[0m18:21:51.029684 [debug] [MainThread]: On master: Close
[0m18:21:51.031097 [debug] [Thread-1  ]: Began running node model.seven_shifts_project.stg_companies
[0m18:21:51.031387 [info ] [Thread-1  ]: 1 of 4 START sql view model main.stg_companies ................................. [RUN]
[0m18:21:51.031709 [debug] [Thread-1  ]: Re-using an available connection from the pool (formerly list_7shifts_nyc_data_main, now model.seven_shifts_project.stg_companies)
[0m18:21:51.031970 [debug] [Thread-1  ]: Began compiling node model.seven_shifts_project.stg_companies
[0m18:21:51.037797 [debug] [Thread-1  ]: Writing injected SQL for node "model.seven_shifts_project.stg_companies"
[0m18:21:51.038651 [debug] [Thread-1  ]: Began executing node model.seven_shifts_project.stg_companies
[0m18:21:51.048465 [debug] [Thread-1  ]: Writing runtime sql for node "model.seven_shifts_project.stg_companies"
[0m18:21:51.049039 [debug] [Thread-1  ]: Using sqlite connection "model.seven_shifts_project.stg_companies"
[0m18:21:51.049268 [debug] [Thread-1  ]: On model.seven_shifts_project.stg_companies: BEGIN
[0m18:21:51.049478 [debug] [Thread-1  ]: Opening a new connection, currently in state closed
[0m18:21:51.049848 [debug] [Thread-1  ]: SQL status: OK in 0.000 seconds
[0m18:21:51.050053 [debug] [Thread-1  ]: Using sqlite connection "model.seven_shifts_project.stg_companies"
[0m18:21:51.050264 [debug] [Thread-1  ]: On model.seven_shifts_project.stg_companies: /* {"app": "dbt", "dbt_version": "1.10.22", "profile_name": "seven_shifts_project", "target_name": "dev", "node_id": "model.seven_shifts_project.stg_companies"} */

    
    create view main."stg_companies" as
    SELECT * FROM main."companies";
[0m18:21:51.050745 [debug] [Thread-1  ]: SQL status: OK in 0.000 seconds
[0m18:21:51.054244 [debug] [Thread-1  ]: On model.seven_shifts_project.stg_companies: COMMIT
[0m18:21:51.054486 [debug] [Thread-1  ]: Using sqlite connection "model.seven_shifts_project.stg_companies"
[0m18:21:51.054697 [debug] [Thread-1  ]: On model.seven_shifts_project.stg_companies: COMMIT
[0m18:21:51.055123 [debug] [Thread-1  ]: SQL status: OK in 0.000 seconds
[0m18:21:51.056683 [debug] [Thread-1  ]: On model.seven_shifts_project.stg_companies: Close
[0m18:21:51.057890 [debug] [Thread-1  ]: Sending event: {'category': 'dbt', 'action': 'run_model', 'label': '0dcad813-804d-42dc-a954-49560e037026', 'context': [<snowplow_tracker.self_describing_json.SelfDescribingJson object at 0x104fa98b0>]}
[0m18:21:51.058279 [info ] [Thread-1  ]: 1 of 4 OK created sql view model main.stg_companies ............................ [[32mOK[0m in 0.03s]
[0m18:21:51.058624 [debug] [Thread-1  ]: Finished running node model.seven_shifts_project.stg_companies
[0m18:21:51.058867 [debug] [Thread-1  ]: Began running node model.seven_shifts_project.stg_crm_accounts
[0m18:21:51.059166 [info ] [Thread-1  ]: 2 of 4 START sql view model main.stg_crm_accounts .............................. [RUN]
[0m18:21:51.059426 [debug] [Thread-1  ]: Re-using an available connection from the pool (formerly model.seven_shifts_project.stg_companies, now model.seven_shifts_project.stg_crm_accounts)
[0m18:21:51.059641 [debug] [Thread-1  ]: Began compiling node model.seven_shifts_project.stg_crm_accounts
[0m18:21:51.061383 [debug] [Thread-1  ]: Writing injected SQL for node "model.seven_shifts_project.stg_crm_accounts"
[0m18:21:51.061879 [debug] [Thread-1  ]: Began executing node model.seven_shifts_project.stg_crm_accounts
[0m18:21:51.063485 [debug] [Thread-1  ]: Writing runtime sql for node "model.seven_shifts_project.stg_crm_accounts"
[0m18:21:51.063844 [debug] [Thread-1  ]: Using sqlite connection "model.seven_shifts_project.stg_crm_accounts"
[0m18:21:51.064058 [debug] [Thread-1  ]: On model.seven_shifts_project.stg_crm_accounts: BEGIN
[0m18:21:51.064255 [debug] [Thread-1  ]: Opening a new connection, currently in state closed
[0m18:21:51.064608 [debug] [Thread-1  ]: SQL status: OK in 0.000 seconds
[0m18:21:51.064821 [debug] [Thread-1  ]: Using sqlite connection "model.seven_shifts_project.stg_crm_accounts"
[0m18:21:51.065028 [debug] [Thread-1  ]: On model.seven_shifts_project.stg_crm_accounts: /* {"app": "dbt", "dbt_version": "1.10.22", "profile_name": "seven_shifts_project", "target_name": "dev", "node_id": "model.seven_shifts_project.stg_crm_accounts"} */

    
    create view main."stg_crm_accounts" as
    SELECT * FROM main."crm_accounts";
[0m18:21:51.065442 [debug] [Thread-1  ]: SQL status: OK in 0.000 seconds
[0m18:21:51.066141 [debug] [Thread-1  ]: On model.seven_shifts_project.stg_crm_accounts: COMMIT
[0m18:21:51.066356 [debug] [Thread-1  ]: Using sqlite connection "model.seven_shifts_project.stg_crm_accounts"
[0m18:21:51.066631 [debug] [Thread-1  ]: On model.seven_shifts_project.stg_crm_accounts: COMMIT
[0m18:21:51.067123 [debug] [Thread-1  ]: SQL status: OK in 0.000 seconds
[0m18:21:51.067592 [debug] [Thread-1  ]: On model.seven_shifts_project.stg_crm_accounts: Close
[0m18:21:51.067944 [debug] [Thread-1  ]: Sending event: {'category': 'dbt', 'action': 'run_model', 'label': '0dcad813-804d-42dc-a954-49560e037026', 'context': [<snowplow_tracker.self_describing_json.SelfDescribingJson object at 0x106d1b430>]}
[0m18:21:51.068304 [info ] [Thread-1  ]: 2 of 4 OK created sql view model main.stg_crm_accounts ......................... [[32mOK[0m in 0.01s]
[0m18:21:51.068636 [debug] [Thread-1  ]: Finished running node model.seven_shifts_project.stg_crm_accounts
[0m18:21:51.068873 [debug] [Thread-1  ]: Began running node model.seven_shifts_project.stg_locations
[0m18:21:51.069191 [info ] [Thread-1  ]: 3 of 4 START sql view model main.stg_locations ................................. [RUN]
[0m18:21:51.069472 [debug] [Thread-1  ]: Re-using an available connection from the pool (formerly model.seven_shifts_project.stg_crm_accounts, now model.seven_shifts_project.stg_locations)
[0m18:21:51.069693 [debug] [Thread-1  ]: Began compiling node model.seven_shifts_project.stg_locations
[0m18:21:51.071531 [debug] [Thread-1  ]: Writing injected SQL for node "model.seven_shifts_project.stg_locations"
[0m18:21:51.071894 [debug] [Thread-1  ]: Began executing node model.seven_shifts_project.stg_locations
[0m18:21:51.073426 [debug] [Thread-1  ]: Writing runtime sql for node "model.seven_shifts_project.stg_locations"
[0m18:21:51.073909 [debug] [Thread-1  ]: Using sqlite connection "model.seven_shifts_project.stg_locations"
[0m18:21:51.074119 [debug] [Thread-1  ]: On model.seven_shifts_project.stg_locations: BEGIN
[0m18:21:51.074322 [debug] [Thread-1  ]: Opening a new connection, currently in state closed
[0m18:21:51.074819 [debug] [Thread-1  ]: SQL status: OK in 0.000 seconds
[0m18:21:51.075031 [debug] [Thread-1  ]: Using sqlite connection "model.seven_shifts_project.stg_locations"
[0m18:21:51.075243 [debug] [Thread-1  ]: On model.seven_shifts_project.stg_locations: /* {"app": "dbt", "dbt_version": "1.10.22", "profile_name": "seven_shifts_project", "target_name": "dev", "node_id": "model.seven_shifts_project.stg_locations"} */

    
    create view main."stg_locations" as
    SELECT * FROM main."locations";
[0m18:21:51.075736 [debug] [Thread-1  ]: SQL status: OK in 0.000 seconds
[0m18:21:51.076634 [debug] [Thread-1  ]: On model.seven_shifts_project.stg_locations: COMMIT
[0m18:21:51.076869 [debug] [Thread-1  ]: Using sqlite connection "model.seven_shifts_project.stg_locations"
[0m18:21:51.077082 [debug] [Thread-1  ]: On model.seven_shifts_project.stg_locations: COMMIT
[0m18:21:51.077511 [debug] [Thread-1  ]: SQL status: OK in 0.000 seconds
[0m18:21:51.077953 [debug] [Thread-1  ]: On model.seven_shifts_project.stg_locations: Close
[0m18:21:51.078309 [debug] [Thread-1  ]: Sending event: {'category': 'dbt', 'action': 'run_model', 'label': '0dcad813-804d-42dc-a954-49560e037026', 'context': [<snowplow_tracker.self_describing_json.SelfDescribingJson object at 0x106d1b430>]}
[0m18:21:51.078688 [info ] [Thread-1  ]: 3 of 4 OK created sql view model main.stg_locations ............................ [[32mOK[0m in 0.01s]
[0m18:21:51.079020 [debug] [Thread-1  ]: Finished running node model.seven_shifts_project.stg_locations
[0m18:21:51.079418 [debug] [Thread-1  ]: Began running node model.seven_shifts_project.fct_vendor_signals
[0m18:21:51.079711 [info ] [Thread-1  ]: 4 of 4 START sql view model main.fct_vendor_signals ............................ [RUN]
[0m18:21:51.079970 [debug] [Thread-1  ]: Re-using an available connection from the pool (formerly model.seven_shifts_project.stg_locations, now model.seven_shifts_project.fct_vendor_signals)
[0m18:21:51.080184 [debug] [Thread-1  ]: Began compiling node model.seven_shifts_project.fct_vendor_signals
[0m18:21:51.083395 [debug] [Thread-1  ]: Writing injected SQL for node "model.seven_shifts_project.fct_vendor_signals"
[0m18:21:51.083752 [debug] [Thread-1  ]: Began executing node model.seven_shifts_project.fct_vendor_signals
[0m18:21:51.085476 [debug] [Thread-1  ]: Writing runtime sql for node "model.seven_shifts_project.fct_vendor_signals"
[0m18:21:51.086094 [debug] [Thread-1  ]: Using sqlite connection "model.seven_shifts_project.fct_vendor_signals"
[0m18:21:51.086334 [debug] [Thread-1  ]: On model.seven_shifts_project.fct_vendor_signals: BEGIN
[0m18:21:51.086543 [debug] [Thread-1  ]: Opening a new connection, currently in state closed
[0m18:21:51.086887 [debug] [Thread-1  ]: SQL status: OK in 0.000 seconds
[0m18:21:51.087093 [debug] [Thread-1  ]: Using sqlite connection "model.seven_shifts_project.fct_vendor_signals"
[0m18:21:51.087378 [debug] [Thread-1  ]: On model.seven_shifts_project.fct_vendor_signals: /* {"app": "dbt", "dbt_version": "1.10.22", "profile_name": "seven_shifts_project", "target_name": "dev", "node_id": "model.seven_shifts_project.fct_vendor_signals"} */

    
    create view main."fct_vendor_signals" as
    WITH crm AS (
    SELECT 
        company_id,
        company_name,
        LOWER(REPLACE(REPLACE(domain, 'www.', ''), 'https://', '')) AS clean_domain,
        plan_name AS crm_plan,
        locations_in_7shifts AS crm_location_count
    FROM main."stg_crm_accounts"
),

vendor_signals AS (
    SELECT 
        account_id AS vendor_id,
        company_name AS vendor_name,
        website AS vendor_website,
        LOWER(REPLACE(REPLACE(website, 'www.', ''), 'https://', '')) AS clean_domain,
        num_locations AS global_location_count,
        pos_vendor AS vendor_pos,
        SUM(CASE WHEN l.city IN ('New York', 'Brooklyn', 'Queens', 'Bronx', 'Staten Island') THEN 1 ELSE 0 END) AS total_nyc_locations,
        ROUND(AVG(CASE WHEN l.city IN ('New York', 'Brooklyn', 'Queens', 'Bronx', 'Staten Island') THEN l.review_rating ELSE NULL END), 1) AS avg_nyc_rating,
        GROUP_CONCAT(DISTINCT LOWER(l.cuisine_type)) AS cuisines
    FROM main."stg_companies" c
    LEFT JOIN main."stg_locations" l ON c.account_id = l.account_id
    GROUP BY 1, 2, 3, 4, 5
),

master_join AS (
    SELECT 
        COALESCE(c.clean_domain, v.clean_domain) AS primary_domain,
        c.company_id,
        c.company_name AS crm_name,
        c.crm_plan,
        c.crm_location_count,
        v.vendor_id,
        v.vendor_name,
        v.vendor_website,
        v.global_location_count,
        v.total_nyc_locations,
        v.avg_nyc_rating,
        v.vendor_pos,
        v.cuisines,
        (COALESCE(v.global_location_count, 0) - COALESCE(c.crm_location_count, 0)) AS location_whitespace
    FROM crm c
    LEFT JOIN vendor_signals v ON c.clean_domain = v.clean_domain
    UNION
    SELECT 
        v.clean_domain,
        c.company_id,
        c.company_name,
        c.crm_plan,
        c.crm_location_count,
        v.vendor_id,
        v.vendor_name,
        v.vendor_website,
        v.global_location_count,
        v.total_nyc_locations,
        v.avg_nyc_rating,
        v.vendor_pos,
        v.cuisines,
        (COALESCE(v.global_location_count, 0) - COALESCE(c.crm_location_count, 0))
    FROM vendor_signals v
    LEFT JOIN crm c ON v.clean_domain = c.clean_domain
),

filtered_and_segmented AS (
    SELECT 
        *,
        CASE 
            WHEN company_id IS NOT NULL AND total_nyc_locations >= 3 AND avg_nyc_rating >= 4.0 THEN 'CREDIBLE_PARTNER'
            WHEN company_id IS NOT NULL AND (location_whitespace >= 2 OR crm_plan IN ('Essentials', 'Comp')) THEN 'EXPANSION_OPPORTUNITY'
            WHEN company_id IS NULL AND total_nyc_locations >= 1 THEN 'NET_NEW_TARGET'
            ELSE 'UNCLASSIFIED'
        END AS gtm_segment
    FROM master_join
    WHERE (global_location_count <= 50 OR global_location_count IS NULL)
        AND (cuisines NOT LIKE '%pharmacy%' AND cuisines NOT LIKE '%cvs%' AND cuisines NOT LIKE '%apparel%'
             AND cuisines NOT LIKE '%convenience%' AND cuisines NOT LIKE '%grocery%' AND cuisines NOT LIKE '%supermarket%'
             AND cuisines NOT LIKE '%department store%')
)

SELECT * FROM filtered_and_segmented WHERE gtm_segment != 'UNCLASSIFIED';
[0m18:21:51.088118 [debug] [Thread-1  ]: SQL status: OK in 0.000 seconds
[0m18:21:51.089088 [debug] [Thread-1  ]: On model.seven_shifts_project.fct_vendor_signals: COMMIT
[0m18:21:51.089332 [debug] [Thread-1  ]: Using sqlite connection "model.seven_shifts_project.fct_vendor_signals"
[0m18:21:51.089530 [debug] [Thread-1  ]: On model.seven_shifts_project.fct_vendor_signals: COMMIT
[0m18:21:51.089935 [debug] [Thread-1  ]: SQL status: OK in 0.000 seconds
[0m18:21:51.090346 [debug] [Thread-1  ]: On model.seven_shifts_project.fct_vendor_signals: Close
[0m18:21:51.090726 [debug] [Thread-1  ]: Sending event: {'category': 'dbt', 'action': 'run_model', 'label': '0dcad813-804d-42dc-a954-49560e037026', 'context': [<snowplow_tracker.self_describing_json.SelfDescribingJson object at 0x112addca0>]}
[0m18:21:51.091099 [info ] [Thread-1  ]: 4 of 4 OK created sql view model main.fct_vendor_signals ....................... [[32mOK[0m in 0.01s]
[0m18:21:51.091418 [debug] [Thread-1  ]: Finished running node model.seven_shifts_project.fct_vendor_signals
[0m18:21:51.091980 [debug] [MainThread]: Using sqlite connection "master"
[0m18:21:51.092180 [debug] [MainThread]: On master: BEGIN
[0m18:21:51.092351 [debug] [MainThread]: Opening a new connection, currently in state closed
[0m18:21:51.092642 [debug] [MainThread]: SQL status: OK in 0.000 seconds
[0m18:21:51.092825 [debug] [MainThread]: On master: COMMIT
[0m18:21:51.093080 [debug] [MainThread]: Using sqlite connection "master"
[0m18:21:51.093293 [debug] [MainThread]: On master: COMMIT
[0m18:21:51.093497 [debug] [MainThread]: SQL status: OK in 0.000 seconds
[0m18:21:51.093691 [debug] [MainThread]: On master: Close
[0m18:21:51.093939 [debug] [MainThread]: Connection 'master' was properly closed.
[0m18:21:51.094115 [debug] [MainThread]: Connection 'model.seven_shifts_project.fct_vendor_signals' was properly closed.
[0m18:21:51.094329 [info ] [MainThread]: 
[0m18:21:51.094537 [info ] [MainThread]: Finished running 4 view models in 0 hours 0 minutes and 0.15 seconds (0.15s).
[0m18:21:51.095116 [debug] [MainThread]: Command end result
[0m18:21:51.108619 [debug] [MainThread]: Wrote artifact WritableManifest to /Users/nicholaschong/Projects/7shifts_summit_project/seven_shifts_project/target/manifest.json
[0m18:21:51.109635 [debug] [MainThread]: Wrote artifact SemanticManifest to /Users/nicholaschong/Projects/7shifts_summit_project/seven_shifts_project/target/semantic_manifest.json
[0m18:21:51.113826 [debug] [MainThread]: Wrote artifact RunExecutionResult to /Users/nicholaschong/Projects/7shifts_summit_project/seven_shifts_project/target/run_results.json
[0m18:21:51.114048 [info ] [MainThread]: 
[0m18:21:51.114289 [info ] [MainThread]: [32mCompleted successfully[0m
[0m18:21:51.114486 [info ] [MainThread]: 
[0m18:21:51.114694 [info ] [MainThread]: Done. PASS=4 WARN=0 ERROR=0 SKIP=0 NO-OP=0 TOTAL=4
[0m18:21:51.116353 [debug] [MainThread]: Resource report: {"command_name": "run", "command_success": true, "command_wall_clock_time": 1.1925682, "process_in_blocks": "0", "process_kernel_time": 0.162527, "process_mem_max_rss": "123453440", "process_out_blocks": "0", "process_user_time": 1.786621}
[0m18:21:51.116590 [debug] [MainThread]: Command `dbt run` succeeded at 18:21:51.116547 after 1.19 seconds
[0m18:21:51.116804 [debug] [MainThread]: Sending event: {'category': 'dbt', 'action': 'invocation', 'label': 'end', 'context': [<snowplow_tracker.self_describing_json.SelfDescribingJson object at 0x10728de50>, <snowplow_tracker.self_describing_json.SelfDescribingJson object at 0x112ae09a0>, <snowplow_tracker.self_describing_json.SelfDescribingJson object at 0x112ae0760>]}
[0m18:21:51.117022 [debug] [MainThread]: Flushing usage events
[0m18:21:51.260342 [debug] [MainThread]: An error was encountered while trying to flush usage events
[0m18:22:32.189653 [debug] [MainThread]: Sending event: {'category': 'dbt', 'action': 'invocation', 'label': 'start', 'context': [<snowplow_tracker.self_describing_json.SelfDescribingJson object at 0x104211df0>, <snowplow_tracker.self_describing_json.SelfDescribingJson object at 0x1052a2190>, <snowplow_tracker.self_describing_json.SelfDescribingJson object at 0x1052a2490>]}


============================== 18:22:32.192470 | 58711b15-632b-4de3-84f2-ce4a5034622e ==============================
[0m18:22:32.192470 [info ] [MainThread]: Running with dbt=1.10.22
[0m18:22:32.192838 [debug] [MainThread]: running dbt with arguments {'printer_width': '80', 'indirect_selection': 'eager', 'log_cache_events': 'False', 'write_json': 'True', 'partial_parse': 'True', 'cache_selected_only': 'False', 'warn_error': 'None', 'version_check': 'True', 'debug': 'False', 'log_path': '/Users/nicholaschong/Projects/7shifts_summit_project/seven_shifts_project/logs', 'fail_fast': 'False', 'profiles_dir': '/Users/nicholaschong/.dbt', 'use_colors': 'True', 'use_experimental_parser': 'False', 'empty': 'False', 'quiet': 'False', 'no_print': 'None', 'warn_error_options': 'WarnErrorOptionsV2(error=[], warn=[], silence=[])', 'invocation_command': 'dbt run --full-refresh', 'introspect': 'True', 'static_parser': 'True', 'target_path': 'None', 'log_format': 'default', 'send_anonymous_usage_stats': 'True'}
[0m18:22:32.279919 [debug] [MainThread]: Sending event: {'category': 'dbt', 'action': 'project_id', 'label': '58711b15-632b-4de3-84f2-ce4a5034622e', 'context': [<snowplow_tracker.self_describing_json.SelfDescribingJson object at 0x1029853a0>]}
[0m18:22:32.314939 [debug] [MainThread]: Sending event: {'category': 'dbt', 'action': 'adapter_info', 'label': '58711b15-632b-4de3-84f2-ce4a5034622e', 'context': [<snowplow_tracker.self_describing_json.SelfDescribingJson object at 0x104b70400>]}
[0m18:22:32.315628 [info ] [MainThread]: Registered adapter: sqlite=1.10.0
[0m18:22:32.390749 [debug] [MainThread]: checksum: 04c83ee057a648a2f8e380c895ffead170732fa039f068d62b9d36aaeefaf7cc, vars: {}, profile: , target: , version: 1.10.22
[0m18:22:32.474453 [debug] [MainThread]: Partial parsing enabled: 0 files deleted, 0 files added, 0 files changed.
[0m18:22:32.474758 [debug] [MainThread]: Partial parsing enabled, no changes found, skipping parsing
[0m18:22:32.499161 [debug] [MainThread]: Sending event: {'category': 'dbt', 'action': 'load_project', 'label': '58711b15-632b-4de3-84f2-ce4a5034622e', 'context': [<snowplow_tracker.self_describing_json.SelfDescribingJson object at 0x1057d4130>]}
[0m18:22:32.549933 [debug] [MainThread]: Wrote artifact WritableManifest to /Users/nicholaschong/Projects/7shifts_summit_project/seven_shifts_project/target/manifest.json
[0m18:22:32.551131 [debug] [MainThread]: Wrote artifact SemanticManifest to /Users/nicholaschong/Projects/7shifts_summit_project/seven_shifts_project/target/semantic_manifest.json
[0m18:22:32.562841 [debug] [MainThread]: Sending event: {'category': 'dbt', 'action': 'resource_counts', 'label': '58711b15-632b-4de3-84f2-ce4a5034622e', 'context': [<snowplow_tracker.self_describing_json.SelfDescribingJson object at 0x1057d07c0>]}
[0m18:22:32.563158 [info ] [MainThread]: Found 4 models, 3 sources, 416 macros
[0m18:22:32.563399 [debug] [MainThread]: Sending event: {'category': 'dbt', 'action': 'runnable_timing', 'label': '58711b15-632b-4de3-84f2-ce4a5034622e', 'context': [<snowplow_tracker.self_describing_json.SelfDescribingJson object at 0x1057d4670>]}
[0m18:22:32.564246 [info ] [MainThread]: 
[0m18:22:32.564480 [info ] [MainThread]: Concurrency: 1 threads (target='dev')
[0m18:22:32.564673 [info ] [MainThread]: 
[0m18:22:32.564973 [debug] [MainThread]: Acquiring new sqlite connection 'master'
[0m18:22:32.568341 [debug] [ThreadPool]: Acquiring new sqlite connection 'list_7shifts_nyc_data'
[0m18:22:32.627269 [debug] [ThreadPool]: Using sqlite connection "list_7shifts_nyc_data"
[0m18:22:32.627565 [debug] [ThreadPool]: On list_7shifts_nyc_data: BEGIN
[0m18:22:32.627767 [debug] [ThreadPool]: Opening a new connection, currently in state init
[0m18:22:32.629335 [debug] [ThreadPool]: SQL status: OK in 0.002 seconds
[0m18:22:32.629549 [debug] [ThreadPool]: Using sqlite connection "list_7shifts_nyc_data"
[0m18:22:32.629734 [debug] [ThreadPool]: On list_7shifts_nyc_data: /* {"app": "dbt", "dbt_version": "1.10.22", "profile_name": "seven_shifts_project", "target_name": "dev", "connection_name": "list_7shifts_nyc_data"} */

        pragma database_list
    
[0m18:22:32.629924 [debug] [ThreadPool]: SQL status: OK in 0.000 seconds
[0m18:22:32.630625 [debug] [ThreadPool]: On list_7shifts_nyc_data: ROLLBACK
[0m18:22:32.630814 [debug] [ThreadPool]: On list_7shifts_nyc_data: Close
[0m18:22:32.631565 [debug] [ThreadPool]: Re-using an available connection from the pool (formerly list_7shifts_nyc_data, now list_7shifts_nyc_data_main)
[0m18:22:32.636851 [debug] [ThreadPool]: Using sqlite connection "list_7shifts_nyc_data_main"
[0m18:22:32.637057 [debug] [ThreadPool]: On list_7shifts_nyc_data_main: BEGIN
[0m18:22:32.637231 [debug] [ThreadPool]: Opening a new connection, currently in state closed
[0m18:22:32.637531 [debug] [ThreadPool]: SQL status: OK in 0.000 seconds
[0m18:22:32.637703 [debug] [ThreadPool]: Using sqlite connection "list_7shifts_nyc_data_main"
[0m18:22:32.637873 [debug] [ThreadPool]: On list_7shifts_nyc_data_main: /* {"app": "dbt", "dbt_version": "1.10.22", "profile_name": "seven_shifts_project", "target_name": "dev", "connection_name": "list_7shifts_nyc_data_main"} */

        pragma database_list
    
[0m18:22:32.638052 [debug] [ThreadPool]: SQL status: OK in 0.000 seconds
[0m18:22:32.638752 [debug] [ThreadPool]: Using sqlite connection "list_7shifts_nyc_data_main"
[0m18:22:32.638960 [debug] [ThreadPool]: On list_7shifts_nyc_data_main: /* {"app": "dbt", "dbt_version": "1.10.22", "profile_name": "seven_shifts_project", "target_name": "dev", "connection_name": "list_7shifts_nyc_data_main"} */

            SELECT
                '7shifts_nyc_data' as database
                ,name
                ,'main' AS schema
                ,type as data_type
            FROM
                main.sqlite_master
            WHERE
                name NOT LIKE 'sqlite_%'
        
[0m18:22:32.639236 [debug] [ThreadPool]: SQL status: OK in 0.000 seconds
[0m18:22:32.639853 [debug] [ThreadPool]: On list_7shifts_nyc_data_main: ROLLBACK
[0m18:22:32.640032 [debug] [ThreadPool]: On list_7shifts_nyc_data_main: Close
[0m18:22:32.640672 [debug] [MainThread]: Sending event: {'category': 'dbt', 'action': 'runnable_timing', 'label': '58711b15-632b-4de3-84f2-ce4a5034622e', 'context': [<snowplow_tracker.self_describing_json.SelfDescribingJson object at 0x1057e49d0>]}
[0m18:22:32.640931 [debug] [MainThread]: Using sqlite connection "master"
[0m18:22:32.641098 [debug] [MainThread]: On master: BEGIN
[0m18:22:32.641262 [debug] [MainThread]: Opening a new connection, currently in state init
[0m18:22:32.641522 [debug] [MainThread]: SQL status: OK in 0.000 seconds
[0m18:22:32.641693 [debug] [MainThread]: On master: COMMIT
[0m18:22:32.641864 [debug] [MainThread]: Using sqlite connection "master"
[0m18:22:32.642027 [debug] [MainThread]: On master: COMMIT
[0m18:22:32.642201 [debug] [MainThread]: SQL status: OK in 0.000 seconds
[0m18:22:32.642368 [debug] [MainThread]: On master: Close
[0m18:22:32.643648 [debug] [Thread-1  ]: Began running node model.seven_shifts_project.stg_companies
[0m18:22:32.644060 [info ] [Thread-1  ]: 1 of 4 START sql view model main.stg_companies ................................. [RUN]
[0m18:22:32.644336 [debug] [Thread-1  ]: Re-using an available connection from the pool (formerly list_7shifts_nyc_data_main, now model.seven_shifts_project.stg_companies)
[0m18:22:32.644564 [debug] [Thread-1  ]: Began compiling node model.seven_shifts_project.stg_companies
[0m18:22:32.650611 [debug] [Thread-1  ]: Writing injected SQL for node "model.seven_shifts_project.stg_companies"
[0m18:22:32.651356 [debug] [Thread-1  ]: Began executing node model.seven_shifts_project.stg_companies
[0m18:22:32.660838 [debug] [Thread-1  ]: Writing runtime sql for node "model.seven_shifts_project.stg_companies"
[0m18:22:32.661450 [debug] [Thread-1  ]: Using sqlite connection "model.seven_shifts_project.stg_companies"
[0m18:22:32.661687 [debug] [Thread-1  ]: On model.seven_shifts_project.stg_companies: BEGIN
[0m18:22:32.661896 [debug] [Thread-1  ]: Opening a new connection, currently in state closed
[0m18:22:32.662237 [debug] [Thread-1  ]: SQL status: OK in 0.000 seconds
[0m18:22:32.662441 [debug] [Thread-1  ]: Using sqlite connection "model.seven_shifts_project.stg_companies"
[0m18:22:32.662643 [debug] [Thread-1  ]: On model.seven_shifts_project.stg_companies: /* {"app": "dbt", "dbt_version": "1.10.22", "profile_name": "seven_shifts_project", "target_name": "dev", "node_id": "model.seven_shifts_project.stg_companies"} */

    
    create view main."stg_companies" as
    SELECT * FROM main."companies";
[0m18:22:32.663087 [debug] [Thread-1  ]: SQL status: OK in 0.000 seconds
[0m18:22:32.666359 [debug] [Thread-1  ]: On model.seven_shifts_project.stg_companies: COMMIT
[0m18:22:32.666587 [debug] [Thread-1  ]: Using sqlite connection "model.seven_shifts_project.stg_companies"
[0m18:22:32.666792 [debug] [Thread-1  ]: On model.seven_shifts_project.stg_companies: COMMIT
[0m18:22:32.667254 [debug] [Thread-1  ]: SQL status: OK in 0.000 seconds
[0m18:22:32.668797 [debug] [Thread-1  ]: On model.seven_shifts_project.stg_companies: Close
[0m18:22:32.670014 [debug] [Thread-1  ]: Sending event: {'category': 'dbt', 'action': 'run_model', 'label': '58711b15-632b-4de3-84f2-ce4a5034622e', 'context': [<snowplow_tracker.self_describing_json.SelfDescribingJson object at 0x105239460>]}
[0m18:22:32.670424 [info ] [Thread-1  ]: 1 of 4 OK created sql view model main.stg_companies ............................ [[32mOK[0m in 0.02s]
[0m18:22:32.670778 [debug] [Thread-1  ]: Finished running node model.seven_shifts_project.stg_companies
[0m18:22:32.671022 [debug] [Thread-1  ]: Began running node model.seven_shifts_project.stg_crm_accounts
[0m18:22:32.671348 [info ] [Thread-1  ]: 2 of 4 START sql view model main.stg_crm_accounts .............................. [RUN]
[0m18:22:32.671639 [debug] [Thread-1  ]: Re-using an available connection from the pool (formerly model.seven_shifts_project.stg_companies, now model.seven_shifts_project.stg_crm_accounts)
[0m18:22:32.671861 [debug] [Thread-1  ]: Began compiling node model.seven_shifts_project.stg_crm_accounts
[0m18:22:32.673588 [debug] [Thread-1  ]: Writing injected SQL for node "model.seven_shifts_project.stg_crm_accounts"
[0m18:22:32.674153 [debug] [Thread-1  ]: Began executing node model.seven_shifts_project.stg_crm_accounts
[0m18:22:32.675919 [debug] [Thread-1  ]: Writing runtime sql for node "model.seven_shifts_project.stg_crm_accounts"
[0m18:22:32.676444 [debug] [Thread-1  ]: Using sqlite connection "model.seven_shifts_project.stg_crm_accounts"
[0m18:22:32.676694 [debug] [Thread-1  ]: On model.seven_shifts_project.stg_crm_accounts: BEGIN
[0m18:22:32.676903 [debug] [Thread-1  ]: Opening a new connection, currently in state closed
[0m18:22:32.677237 [debug] [Thread-1  ]: SQL status: OK in 0.000 seconds
[0m18:22:32.677442 [debug] [Thread-1  ]: Using sqlite connection "model.seven_shifts_project.stg_crm_accounts"
[0m18:22:32.677648 [debug] [Thread-1  ]: On model.seven_shifts_project.stg_crm_accounts: /* {"app": "dbt", "dbt_version": "1.10.22", "profile_name": "seven_shifts_project", "target_name": "dev", "node_id": "model.seven_shifts_project.stg_crm_accounts"} */

    
    create view main."stg_crm_accounts" as
    SELECT * FROM main."crm_accounts";
[0m18:22:32.678084 [debug] [Thread-1  ]: SQL status: OK in 0.000 seconds
[0m18:22:32.678818 [debug] [Thread-1  ]: On model.seven_shifts_project.stg_crm_accounts: COMMIT
[0m18:22:32.679034 [debug] [Thread-1  ]: Using sqlite connection "model.seven_shifts_project.stg_crm_accounts"
[0m18:22:32.679235 [debug] [Thread-1  ]: On model.seven_shifts_project.stg_crm_accounts: COMMIT
[0m18:22:32.679779 [debug] [Thread-1  ]: SQL status: OK in 0.000 seconds
[0m18:22:32.680243 [debug] [Thread-1  ]: On model.seven_shifts_project.stg_crm_accounts: Close
[0m18:22:32.680616 [debug] [Thread-1  ]: Sending event: {'category': 'dbt', 'action': 'run_model', 'label': '58711b15-632b-4de3-84f2-ce4a5034622e', 'context': [<snowplow_tracker.self_describing_json.SelfDescribingJson object at 0x105b866d0>]}
[0m18:22:32.680979 [info ] [Thread-1  ]: 2 of 4 OK created sql view model main.stg_crm_accounts ......................... [[32mOK[0m in 0.01s]
[0m18:22:32.681306 [debug] [Thread-1  ]: Finished running node model.seven_shifts_project.stg_crm_accounts
[0m18:22:32.681539 [debug] [Thread-1  ]: Began running node model.seven_shifts_project.stg_locations
[0m18:22:32.681837 [info ] [Thread-1  ]: 3 of 4 START sql view model main.stg_locations ................................. [RUN]
[0m18:22:32.682098 [debug] [Thread-1  ]: Re-using an available connection from the pool (formerly model.seven_shifts_project.stg_crm_accounts, now model.seven_shifts_project.stg_locations)
[0m18:22:32.682323 [debug] [Thread-1  ]: Began compiling node model.seven_shifts_project.stg_locations
[0m18:22:32.685009 [debug] [Thread-1  ]: Writing injected SQL for node "model.seven_shifts_project.stg_locations"
[0m18:22:32.685381 [debug] [Thread-1  ]: Began executing node model.seven_shifts_project.stg_locations
[0m18:22:32.687048 [debug] [Thread-1  ]: Writing runtime sql for node "model.seven_shifts_project.stg_locations"
[0m18:22:32.687412 [debug] [Thread-1  ]: Using sqlite connection "model.seven_shifts_project.stg_locations"
[0m18:22:32.687621 [debug] [Thread-1  ]: On model.seven_shifts_project.stg_locations: BEGIN
[0m18:22:32.687816 [debug] [Thread-1  ]: Opening a new connection, currently in state closed
[0m18:22:32.688125 [debug] [Thread-1  ]: SQL status: OK in 0.000 seconds
[0m18:22:32.688339 [debug] [Thread-1  ]: Using sqlite connection "model.seven_shifts_project.stg_locations"
[0m18:22:32.688622 [debug] [Thread-1  ]: On model.seven_shifts_project.stg_locations: /* {"app": "dbt", "dbt_version": "1.10.22", "profile_name": "seven_shifts_project", "target_name": "dev", "node_id": "model.seven_shifts_project.stg_locations"} */

    
    create view main."stg_locations" as
    SELECT * FROM main."locations";
[0m18:22:32.689101 [debug] [Thread-1  ]: SQL status: OK in 0.000 seconds
[0m18:22:32.689816 [debug] [Thread-1  ]: On model.seven_shifts_project.stg_locations: COMMIT
[0m18:22:32.690039 [debug] [Thread-1  ]: Using sqlite connection "model.seven_shifts_project.stg_locations"
[0m18:22:32.690298 [debug] [Thread-1  ]: On model.seven_shifts_project.stg_locations: COMMIT
[0m18:22:32.690729 [debug] [Thread-1  ]: SQL status: OK in 0.000 seconds
[0m18:22:32.691156 [debug] [Thread-1  ]: On model.seven_shifts_project.stg_locations: Close
[0m18:22:32.691502 [debug] [Thread-1  ]: Sending event: {'category': 'dbt', 'action': 'run_model', 'label': '58711b15-632b-4de3-84f2-ce4a5034622e', 'context': [<snowplow_tracker.self_describing_json.SelfDescribingJson object at 0x105cd76a0>]}
[0m18:22:32.691864 [info ] [Thread-1  ]: 3 of 4 OK created sql view model main.stg_locations ............................ [[32mOK[0m in 0.01s]
[0m18:22:32.692193 [debug] [Thread-1  ]: Finished running node model.seven_shifts_project.stg_locations
[0m18:22:32.692624 [debug] [Thread-1  ]: Began running node model.seven_shifts_project.fct_vendor_signals
[0m18:22:32.692948 [info ] [Thread-1  ]: 4 of 4 START sql view model main.fct_vendor_signals ............................ [RUN]
[0m18:22:32.693221 [debug] [Thread-1  ]: Re-using an available connection from the pool (formerly model.seven_shifts_project.stg_locations, now model.seven_shifts_project.fct_vendor_signals)
[0m18:22:32.693444 [debug] [Thread-1  ]: Began compiling node model.seven_shifts_project.fct_vendor_signals
[0m18:22:32.696940 [debug] [Thread-1  ]: Writing injected SQL for node "model.seven_shifts_project.fct_vendor_signals"
[0m18:22:32.697374 [debug] [Thread-1  ]: Began executing node model.seven_shifts_project.fct_vendor_signals
[0m18:22:32.699084 [debug] [Thread-1  ]: Writing runtime sql for node "model.seven_shifts_project.fct_vendor_signals"
[0m18:22:32.699584 [debug] [Thread-1  ]: Using sqlite connection "model.seven_shifts_project.fct_vendor_signals"
[0m18:22:32.699806 [debug] [Thread-1  ]: On model.seven_shifts_project.fct_vendor_signals: BEGIN
[0m18:22:32.700014 [debug] [Thread-1  ]: Opening a new connection, currently in state closed
[0m18:22:32.700342 [debug] [Thread-1  ]: SQL status: OK in 0.000 seconds
[0m18:22:32.700539 [debug] [Thread-1  ]: Using sqlite connection "model.seven_shifts_project.fct_vendor_signals"
[0m18:22:32.700817 [debug] [Thread-1  ]: On model.seven_shifts_project.fct_vendor_signals: /* {"app": "dbt", "dbt_version": "1.10.22", "profile_name": "seven_shifts_project", "target_name": "dev", "node_id": "model.seven_shifts_project.fct_vendor_signals"} */

    
    create view main."fct_vendor_signals" as
    WITH crm AS (
    SELECT 
        company_id,
        company_name,
        LOWER(REPLACE(REPLACE(domain, 'www.', ''), 'https://', '')) AS clean_domain,
        plan_name AS crm_plan,
        locations_in_7shifts AS crm_location_count
    FROM main."stg_crm_accounts"
),

vendor_signals AS (
    SELECT 
        account_id AS vendor_id,
        company_name AS vendor_name,
        website AS vendor_website,
        LOWER(REPLACE(REPLACE(website, 'www.', ''), 'https://', '')) AS clean_domain,
        num_locations AS global_location_count,
        pos_vendor AS vendor_pos,
        SUM(CASE WHEN l.city IN ('New York', 'Brooklyn', 'Queens', 'Bronx', 'Staten Island') THEN 1 ELSE 0 END) AS total_nyc_locations,
        ROUND(AVG(CASE WHEN l.city IN ('New York', 'Brooklyn', 'Queens', 'Bronx', 'Staten Island') THEN l.review_rating ELSE NULL END), 1) AS avg_nyc_rating,
        GROUP_CONCAT(DISTINCT LOWER(l.cuisine_type)) AS cuisines
    FROM main."stg_companies" c
    LEFT JOIN main."stg_locations" l ON c.account_id = l.account_id
    GROUP BY 1, 2, 3, 4, 5
),

master_join AS (
    SELECT 
        COALESCE(c.clean_domain, v.clean_domain) AS primary_domain,
        c.company_id,
        c.company_name AS crm_name,
        c.crm_plan,
        c.crm_location_count,
        v.vendor_id,
        v.vendor_name,
        v.vendor_website,
        v.global_location_count,
        v.total_nyc_locations,
        v.avg_nyc_rating,
        v.vendor_pos,
        v.cuisines,
        (COALESCE(v.global_location_count, 0) - COALESCE(c.crm_location_count, 0)) AS location_whitespace
    FROM crm c
    LEFT JOIN vendor_signals v ON c.clean_domain = v.clean_domain
    UNION
    SELECT 
        v.clean_domain,
        c.company_id,
        c.company_name,
        c.crm_plan,
        c.crm_location_count,
        v.vendor_id,
        v.vendor_name,
        v.vendor_website,
        v.global_location_count,
        v.total_nyc_locations,
        v.avg_nyc_rating,
        v.vendor_pos,
        v.cuisines,
        (COALESCE(v.global_location_count, 0) - COALESCE(c.crm_location_count, 0))
    FROM vendor_signals v
    LEFT JOIN crm c ON v.clean_domain = c.clean_domain
),

filtered_and_segmented AS (
    SELECT 
        *,
        CASE 
            WHEN company_id IS NOT NULL AND total_nyc_locations >= 3 AND avg_nyc_rating >= 4.0 THEN 'CREDIBLE_PARTNER'
            WHEN company_id IS NOT NULL AND (location_whitespace >= 2 OR crm_plan IN ('Essentials', 'Comp')) THEN 'EXPANSION_OPPORTUNITY'
            WHEN company_id IS NULL AND total_nyc_locations >= 1 THEN 'NET_NEW_TARGET'
            ELSE 'UNCLASSIFIED'
        END AS gtm_segment
    FROM master_join
    WHERE (global_location_count <= 50 OR global_location_count IS NULL)
        AND (cuisines NOT LIKE '%pharmacy%' AND cuisines NOT LIKE '%cvs%' AND cuisines NOT LIKE '%apparel%'
             AND cuisines NOT LIKE '%convenience%' AND cuisines NOT LIKE '%grocery%' AND cuisines NOT LIKE '%supermarket%'
             AND cuisines NOT LIKE '%department store%')
)

SELECT * FROM filtered_and_segmented WHERE gtm_segment != 'UNCLASSIFIED';
[0m18:22:32.701511 [debug] [Thread-1  ]: SQL status: OK in 0.000 seconds
[0m18:22:32.702202 [debug] [Thread-1  ]: On model.seven_shifts_project.fct_vendor_signals: COMMIT
[0m18:22:32.702419 [debug] [Thread-1  ]: Using sqlite connection "model.seven_shifts_project.fct_vendor_signals"
[0m18:22:32.702618 [debug] [Thread-1  ]: On model.seven_shifts_project.fct_vendor_signals: COMMIT
[0m18:22:32.703118 [debug] [Thread-1  ]: SQL status: OK in 0.000 seconds
[0m18:22:32.703548 [debug] [Thread-1  ]: On model.seven_shifts_project.fct_vendor_signals: Close
[0m18:22:32.703916 [debug] [Thread-1  ]: Sending event: {'category': 'dbt', 'action': 'run_model', 'label': '58711b15-632b-4de3-84f2-ce4a5034622e', 'context': [<snowplow_tracker.self_describing_json.SelfDescribingJson object at 0x105bc5040>]}
[0m18:22:32.704269 [info ] [Thread-1  ]: 4 of 4 OK created sql view model main.fct_vendor_signals ....................... [[32mOK[0m in 0.01s]
[0m18:22:32.704606 [debug] [Thread-1  ]: Finished running node model.seven_shifts_project.fct_vendor_signals
[0m18:22:32.705153 [debug] [MainThread]: Using sqlite connection "master"
[0m18:22:32.705339 [debug] [MainThread]: On master: BEGIN
[0m18:22:32.705509 [debug] [MainThread]: Opening a new connection, currently in state closed
[0m18:22:32.705804 [debug] [MainThread]: SQL status: OK in 0.000 seconds
[0m18:22:32.705975 [debug] [MainThread]: On master: COMMIT
[0m18:22:32.706143 [debug] [MainThread]: Using sqlite connection "master"
[0m18:22:32.706305 [debug] [MainThread]: On master: COMMIT
[0m18:22:32.706475 [debug] [MainThread]: SQL status: OK in 0.000 seconds
[0m18:22:32.706641 [debug] [MainThread]: On master: Close
[0m18:22:32.706859 [debug] [MainThread]: Connection 'master' was properly closed.
[0m18:22:32.707038 [debug] [MainThread]: Connection 'model.seven_shifts_project.fct_vendor_signals' was properly closed.
[0m18:22:32.707258 [info ] [MainThread]: 
[0m18:22:32.707458 [info ] [MainThread]: Finished running 4 view models in 0 hours 0 minutes and 0.14 seconds (0.14s).
[0m18:22:32.708064 [debug] [MainThread]: Command end result
[0m18:22:32.722361 [debug] [MainThread]: Wrote artifact WritableManifest to /Users/nicholaschong/Projects/7shifts_summit_project/seven_shifts_project/target/manifest.json
[0m18:22:32.723283 [debug] [MainThread]: Wrote artifact SemanticManifest to /Users/nicholaschong/Projects/7shifts_summit_project/seven_shifts_project/target/semantic_manifest.json
[0m18:22:32.728441 [debug] [MainThread]: Wrote artifact RunExecutionResult to /Users/nicholaschong/Projects/7shifts_summit_project/seven_shifts_project/target/run_results.json
[0m18:22:32.728674 [info ] [MainThread]: 
[0m18:22:32.728920 [info ] [MainThread]: [32mCompleted successfully[0m
[0m18:22:32.729115 [info ] [MainThread]: 
[0m18:22:32.729320 [info ] [MainThread]: Done. PASS=4 WARN=0 ERROR=0 SKIP=0 NO-OP=0 TOTAL=4
[0m18:22:32.731060 [debug] [MainThread]: Resource report: {"command_name": "run", "command_success": true, "command_wall_clock_time": 0.58618206, "process_in_blocks": "0", "process_kernel_time": 0.158675, "process_mem_max_rss": "116260864", "process_out_blocks": "0", "process_user_time": 1.199078}
[0m18:22:32.731305 [debug] [MainThread]: Command `dbt run` succeeded at 18:22:32.731260 after 0.59 seconds
[0m18:22:32.731534 [debug] [MainThread]: Sending event: {'category': 'dbt', 'action': 'invocation', 'label': 'end', 'context': [<snowplow_tracker.self_describing_json.SelfDescribingJson object at 0x104211df0>, <snowplow_tracker.self_describing_json.SelfDescribingJson object at 0x1054b8160>, <snowplow_tracker.self_describing_json.SelfDescribingJson object at 0x103754370>]}
[0m18:22:32.731772 [debug] [MainThread]: Flushing usage events
[0m18:22:33.000397 [debug] [MainThread]: An error was encountered while trying to flush usage events
[0m18:23:09.906466 [debug] [MainThread]: Sending event: {'category': 'dbt', 'action': 'invocation', 'label': 'start', 'context': [<snowplow_tracker.self_describing_json.SelfDescribingJson object at 0x10438de50>, <snowplow_tracker.self_describing_json.SelfDescribingJson object at 0x10574a190>, <snowplow_tracker.self_describing_json.SelfDescribingJson object at 0x10574a490>]}


============================== 18:23:09.909009 | a92c9720-17f9-40b4-b90d-ac86911af476 ==============================
[0m18:23:09.909009 [info ] [MainThread]: Running with dbt=1.10.22
[0m18:23:09.909416 [debug] [MainThread]: running dbt with arguments {'printer_width': '80', 'indirect_selection': 'eager', 'write_json': 'True', 'log_cache_events': 'False', 'partial_parse': 'True', 'cache_selected_only': 'False', 'warn_error': 'None', 'fail_fast': 'False', 'version_check': 'True', 'log_path': '/Users/nicholaschong/Projects/7shifts_summit_project/seven_shifts_project/logs', 'profiles_dir': '/Users/nicholaschong/.dbt', 'debug': 'False', 'use_colors': 'True', 'use_experimental_parser': 'False', 'empty': 'False', 'quiet': 'False', 'no_print': 'None', 'warn_error_options': 'WarnErrorOptionsV2(error=[], warn=[], silence=[])', 'introspect': 'True', 'static_parser': 'True', 'log_format': 'default', 'target_path': 'None', 'invocation_command': 'dbt run --full-refresh', 'send_anonymous_usage_stats': 'True'}
[0m18:23:09.996892 [debug] [MainThread]: Sending event: {'category': 'dbt', 'action': 'project_id', 'label': 'a92c9720-17f9-40b4-b90d-ac86911af476', 'context': [<snowplow_tracker.self_describing_json.SelfDescribingJson object at 0x1057a84f0>]}
[0m18:23:10.031689 [debug] [MainThread]: Sending event: {'category': 'dbt', 'action': 'adapter_info', 'label': 'a92c9720-17f9-40b4-b90d-ac86911af476', 'context': [<snowplow_tracker.self_describing_json.SelfDescribingJson object at 0x104858490>]}
[0m18:23:10.032377 [info ] [MainThread]: Registered adapter: sqlite=1.10.0
[0m18:23:10.106469 [debug] [MainThread]: checksum: 04c83ee057a648a2f8e380c895ffead170732fa039f068d62b9d36aaeefaf7cc, vars: {}, profile: , target: , version: 1.10.22
[0m18:23:10.189643 [debug] [MainThread]: Partial parsing enabled: 0 files deleted, 0 files added, 0 files changed.
[0m18:23:10.189900 [debug] [MainThread]: Partial parsing enabled, no changes found, skipping parsing
[0m18:23:10.214143 [debug] [MainThread]: Sending event: {'category': 'dbt', 'action': 'load_project', 'label': 'a92c9720-17f9-40b4-b90d-ac86911af476', 'context': [<snowplow_tracker.self_describing_json.SelfDescribingJson object at 0x10677b130>]}
[0m18:23:10.264190 [debug] [MainThread]: Wrote artifact WritableManifest to /Users/nicholaschong/Projects/7shifts_summit_project/seven_shifts_project/target/manifest.json
[0m18:23:10.265466 [debug] [MainThread]: Wrote artifact SemanticManifest to /Users/nicholaschong/Projects/7shifts_summit_project/seven_shifts_project/target/semantic_manifest.json
[0m18:23:10.276700 [debug] [MainThread]: Sending event: {'category': 'dbt', 'action': 'resource_counts', 'label': 'a92c9720-17f9-40b4-b90d-ac86911af476', 'context': [<snowplow_tracker.self_describing_json.SelfDescribingJson object at 0x1067689a0>]}
[0m18:23:10.277003 [info ] [MainThread]: Found 4 models, 3 sources, 416 macros
[0m18:23:10.277233 [debug] [MainThread]: Sending event: {'category': 'dbt', 'action': 'runnable_timing', 'label': 'a92c9720-17f9-40b4-b90d-ac86911af476', 'context': [<snowplow_tracker.self_describing_json.SelfDescribingJson object at 0x106790fd0>]}
[0m18:23:10.278052 [info ] [MainThread]: 
[0m18:23:10.278271 [info ] [MainThread]: Concurrency: 1 threads (target='dev')
[0m18:23:10.278464 [info ] [MainThread]: 
[0m18:23:10.278755 [debug] [MainThread]: Acquiring new sqlite connection 'master'
[0m18:23:10.282065 [debug] [ThreadPool]: Acquiring new sqlite connection 'list_7shifts_nyc_data'
[0m18:23:10.339725 [debug] [ThreadPool]: Using sqlite connection "list_7shifts_nyc_data"
[0m18:23:10.339993 [debug] [ThreadPool]: On list_7shifts_nyc_data: BEGIN
[0m18:23:10.340190 [debug] [ThreadPool]: Opening a new connection, currently in state init
[0m18:23:10.342036 [debug] [ThreadPool]: SQL status: OK in 0.002 seconds
[0m18:23:10.342256 [debug] [ThreadPool]: Using sqlite connection "list_7shifts_nyc_data"
[0m18:23:10.342441 [debug] [ThreadPool]: On list_7shifts_nyc_data: /* {"app": "dbt", "dbt_version": "1.10.22", "profile_name": "seven_shifts_project", "target_name": "dev", "connection_name": "list_7shifts_nyc_data"} */

        pragma database_list
    
[0m18:23:10.342627 [debug] [ThreadPool]: SQL status: OK in 0.000 seconds
[0m18:23:10.343302 [debug] [ThreadPool]: On list_7shifts_nyc_data: ROLLBACK
[0m18:23:10.343488 [debug] [ThreadPool]: On list_7shifts_nyc_data: Close
[0m18:23:10.344186 [debug] [ThreadPool]: Re-using an available connection from the pool (formerly list_7shifts_nyc_data, now list_7shifts_nyc_data_main)
[0m18:23:10.349287 [debug] [ThreadPool]: Using sqlite connection "list_7shifts_nyc_data_main"
[0m18:23:10.349494 [debug] [ThreadPool]: On list_7shifts_nyc_data_main: BEGIN
[0m18:23:10.349671 [debug] [ThreadPool]: Opening a new connection, currently in state closed
[0m18:23:10.349978 [debug] [ThreadPool]: SQL status: OK in 0.000 seconds
[0m18:23:10.350155 [debug] [ThreadPool]: Using sqlite connection "list_7shifts_nyc_data_main"
[0m18:23:10.350333 [debug] [ThreadPool]: On list_7shifts_nyc_data_main: /* {"app": "dbt", "dbt_version": "1.10.22", "profile_name": "seven_shifts_project", "target_name": "dev", "connection_name": "list_7shifts_nyc_data_main"} */

        pragma database_list
    
[0m18:23:10.350512 [debug] [ThreadPool]: SQL status: OK in 0.000 seconds
[0m18:23:10.351242 [debug] [ThreadPool]: Using sqlite connection "list_7shifts_nyc_data_main"
[0m18:23:10.351449 [debug] [ThreadPool]: On list_7shifts_nyc_data_main: /* {"app": "dbt", "dbt_version": "1.10.22", "profile_name": "seven_shifts_project", "target_name": "dev", "connection_name": "list_7shifts_nyc_data_main"} */

            SELECT
                '7shifts_nyc_data' as database
                ,name
                ,'main' AS schema
                ,type as data_type
            FROM
                main.sqlite_master
            WHERE
                name NOT LIKE 'sqlite_%'
        
[0m18:23:10.351749 [debug] [ThreadPool]: SQL status: OK in 0.000 seconds
[0m18:23:10.352365 [debug] [ThreadPool]: On list_7shifts_nyc_data_main: ROLLBACK
[0m18:23:10.352550 [debug] [ThreadPool]: On list_7shifts_nyc_data_main: Close
[0m18:23:10.353116 [debug] [MainThread]: Sending event: {'category': 'dbt', 'action': 'runnable_timing', 'label': 'a92c9720-17f9-40b4-b90d-ac86911af476', 'context': [<snowplow_tracker.self_describing_json.SelfDescribingJson object at 0x103904850>]}
[0m18:23:10.353387 [debug] [MainThread]: Using sqlite connection "master"
[0m18:23:10.353568 [debug] [MainThread]: On master: BEGIN
[0m18:23:10.353734 [debug] [MainThread]: Opening a new connection, currently in state init
[0m18:23:10.354018 [debug] [MainThread]: SQL status: OK in 0.000 seconds
[0m18:23:10.354190 [debug] [MainThread]: On master: COMMIT
[0m18:23:10.354361 [debug] [MainThread]: Using sqlite connection "master"
[0m18:23:10.354525 [debug] [MainThread]: On master: COMMIT
[0m18:23:10.354694 [debug] [MainThread]: SQL status: OK in 0.000 seconds
[0m18:23:10.354861 [debug] [MainThread]: On master: Close
[0m18:23:10.356116 [debug] [Thread-1  ]: Began running node model.seven_shifts_project.stg_companies
[0m18:23:10.356460 [info ] [Thread-1  ]: 1 of 4 START sql view model main.stg_companies ................................. [RUN]
[0m18:23:10.356739 [debug] [Thread-1  ]: Re-using an available connection from the pool (formerly list_7shifts_nyc_data_main, now model.seven_shifts_project.stg_companies)
[0m18:23:10.356943 [debug] [Thread-1  ]: Began compiling node model.seven_shifts_project.stg_companies
[0m18:23:10.362909 [debug] [Thread-1  ]: Writing injected SQL for node "model.seven_shifts_project.stg_companies"
[0m18:23:10.363579 [debug] [Thread-1  ]: Began executing node model.seven_shifts_project.stg_companies
[0m18:23:10.372937 [debug] [Thread-1  ]: Writing runtime sql for node "model.seven_shifts_project.stg_companies"
[0m18:23:10.373488 [debug] [Thread-1  ]: Using sqlite connection "model.seven_shifts_project.stg_companies"
[0m18:23:10.373713 [debug] [Thread-1  ]: On model.seven_shifts_project.stg_companies: BEGIN
[0m18:23:10.373912 [debug] [Thread-1  ]: Opening a new connection, currently in state closed
[0m18:23:10.374239 [debug] [Thread-1  ]: SQL status: OK in 0.000 seconds
[0m18:23:10.374444 [debug] [Thread-1  ]: Using sqlite connection "model.seven_shifts_project.stg_companies"
[0m18:23:10.374651 [debug] [Thread-1  ]: On model.seven_shifts_project.stg_companies: /* {"app": "dbt", "dbt_version": "1.10.22", "profile_name": "seven_shifts_project", "target_name": "dev", "node_id": "model.seven_shifts_project.stg_companies"} */

    
    create view main."stg_companies" as
    SELECT * FROM main."companies";
[0m18:23:10.375234 [debug] [Thread-1  ]: SQL status: OK in 0.000 seconds
[0m18:23:10.378722 [debug] [Thread-1  ]: On model.seven_shifts_project.stg_companies: COMMIT
[0m18:23:10.378960 [debug] [Thread-1  ]: Using sqlite connection "model.seven_shifts_project.stg_companies"
[0m18:23:10.379166 [debug] [Thread-1  ]: On model.seven_shifts_project.stg_companies: COMMIT
[0m18:23:10.379622 [debug] [Thread-1  ]: SQL status: OK in 0.000 seconds
[0m18:23:10.381163 [debug] [Thread-1  ]: On model.seven_shifts_project.stg_companies: Close
[0m18:23:10.382321 [debug] [Thread-1  ]: Sending event: {'category': 'dbt', 'action': 'run_model', 'label': 'a92c9720-17f9-40b4-b90d-ac86911af476', 'context': [<snowplow_tracker.self_describing_json.SelfDescribingJson object at 0x1067a7370>]}
[0m18:23:10.382692 [info ] [Thread-1  ]: 1 of 4 OK created sql view model main.stg_companies ............................ [[32mOK[0m in 0.02s]
[0m18:23:10.383033 [debug] [Thread-1  ]: Finished running node model.seven_shifts_project.stg_companies
[0m18:23:10.383278 [debug] [Thread-1  ]: Began running node model.seven_shifts_project.stg_crm_accounts
[0m18:23:10.383570 [info ] [Thread-1  ]: 2 of 4 START sql view model main.stg_crm_accounts .............................. [RUN]
[0m18:23:10.383833 [debug] [Thread-1  ]: Re-using an available connection from the pool (formerly model.seven_shifts_project.stg_companies, now model.seven_shifts_project.stg_crm_accounts)
[0m18:23:10.384052 [debug] [Thread-1  ]: Began compiling node model.seven_shifts_project.stg_crm_accounts
[0m18:23:10.385785 [debug] [Thread-1  ]: Writing injected SQL for node "model.seven_shifts_project.stg_crm_accounts"
[0m18:23:10.386340 [debug] [Thread-1  ]: Began executing node model.seven_shifts_project.stg_crm_accounts
[0m18:23:10.387979 [debug] [Thread-1  ]: Writing runtime sql for node "model.seven_shifts_project.stg_crm_accounts"
[0m18:23:10.388335 [debug] [Thread-1  ]: Using sqlite connection "model.seven_shifts_project.stg_crm_accounts"
[0m18:23:10.388547 [debug] [Thread-1  ]: On model.seven_shifts_project.stg_crm_accounts: BEGIN
[0m18:23:10.388755 [debug] [Thread-1  ]: Opening a new connection, currently in state closed
[0m18:23:10.389172 [debug] [Thread-1  ]: SQL status: OK in 0.000 seconds
[0m18:23:10.389395 [debug] [Thread-1  ]: Using sqlite connection "model.seven_shifts_project.stg_crm_accounts"
[0m18:23:10.389604 [debug] [Thread-1  ]: On model.seven_shifts_project.stg_crm_accounts: /* {"app": "dbt", "dbt_version": "1.10.22", "profile_name": "seven_shifts_project", "target_name": "dev", "node_id": "model.seven_shifts_project.stg_crm_accounts"} */

    
    create view main."stg_crm_accounts" as
    SELECT * FROM main."crm_accounts";
[0m18:23:10.390021 [debug] [Thread-1  ]: SQL status: OK in 0.000 seconds
[0m18:23:10.390718 [debug] [Thread-1  ]: On model.seven_shifts_project.stg_crm_accounts: COMMIT
[0m18:23:10.390930 [debug] [Thread-1  ]: Using sqlite connection "model.seven_shifts_project.stg_crm_accounts"
[0m18:23:10.391132 [debug] [Thread-1  ]: On model.seven_shifts_project.stg_crm_accounts: COMMIT
[0m18:23:10.391518 [debug] [Thread-1  ]: SQL status: OK in 0.000 seconds
[0m18:23:10.391928 [debug] [Thread-1  ]: On model.seven_shifts_project.stg_crm_accounts: Close
[0m18:23:10.392256 [debug] [Thread-1  ]: Sending event: {'category': 'dbt', 'action': 'run_model', 'label': 'a92c9720-17f9-40b4-b90d-ac86911af476', 'context': [<snowplow_tracker.self_describing_json.SelfDescribingJson object at 0x1067a7370>]}
[0m18:23:10.392618 [info ] [Thread-1  ]: 2 of 4 OK created sql view model main.stg_crm_accounts ......................... [[32mOK[0m in 0.01s]
[0m18:23:10.392947 [debug] [Thread-1  ]: Finished running node model.seven_shifts_project.stg_crm_accounts
[0m18:23:10.393190 [debug] [Thread-1  ]: Began running node model.seven_shifts_project.stg_locations
[0m18:23:10.393490 [info ] [Thread-1  ]: 3 of 4 START sql view model main.stg_locations ................................. [RUN]
[0m18:23:10.393859 [debug] [Thread-1  ]: Re-using an available connection from the pool (formerly model.seven_shifts_project.stg_crm_accounts, now model.seven_shifts_project.stg_locations)
[0m18:23:10.394082 [debug] [Thread-1  ]: Began compiling node model.seven_shifts_project.stg_locations
[0m18:23:10.396688 [debug] [Thread-1  ]: Writing injected SQL for node "model.seven_shifts_project.stg_locations"
[0m18:23:10.397192 [debug] [Thread-1  ]: Began executing node model.seven_shifts_project.stg_locations
[0m18:23:10.398735 [debug] [Thread-1  ]: Writing runtime sql for node "model.seven_shifts_project.stg_locations"
[0m18:23:10.399181 [debug] [Thread-1  ]: Using sqlite connection "model.seven_shifts_project.stg_locations"
[0m18:23:10.399413 [debug] [Thread-1  ]: On model.seven_shifts_project.stg_locations: BEGIN
[0m18:23:10.399625 [debug] [Thread-1  ]: Opening a new connection, currently in state closed
[0m18:23:10.399946 [debug] [Thread-1  ]: SQL status: OK in 0.000 seconds
[0m18:23:10.400159 [debug] [Thread-1  ]: Using sqlite connection "model.seven_shifts_project.stg_locations"
[0m18:23:10.400373 [debug] [Thread-1  ]: On model.seven_shifts_project.stg_locations: /* {"app": "dbt", "dbt_version": "1.10.22", "profile_name": "seven_shifts_project", "target_name": "dev", "node_id": "model.seven_shifts_project.stg_locations"} */

    
    create view main."stg_locations" as
    SELECT * FROM main."locations";
[0m18:23:10.400779 [debug] [Thread-1  ]: SQL status: OK in 0.000 seconds
[0m18:23:10.401434 [debug] [Thread-1  ]: On model.seven_shifts_project.stg_locations: COMMIT
[0m18:23:10.401643 [debug] [Thread-1  ]: Using sqlite connection "model.seven_shifts_project.stg_locations"
[0m18:23:10.401896 [debug] [Thread-1  ]: On model.seven_shifts_project.stg_locations: COMMIT
[0m18:23:10.402305 [debug] [Thread-1  ]: SQL status: OK in 0.000 seconds
[0m18:23:10.402729 [debug] [Thread-1  ]: On model.seven_shifts_project.stg_locations: Close
[0m18:23:10.403073 [debug] [Thread-1  ]: Sending event: {'category': 'dbt', 'action': 'run_model', 'label': 'a92c9720-17f9-40b4-b90d-ac86911af476', 'context': [<snowplow_tracker.self_describing_json.SelfDescribingJson object at 0x106c2d550>]}
[0m18:23:10.403417 [info ] [Thread-1  ]: 3 of 4 OK created sql view model main.stg_locations ............................ [[32mOK[0m in 0.01s]
[0m18:23:10.403747 [debug] [Thread-1  ]: Finished running node model.seven_shifts_project.stg_locations
[0m18:23:10.404136 [debug] [Thread-1  ]: Began running node model.seven_shifts_project.fct_vendor_signals
[0m18:23:10.404424 [info ] [Thread-1  ]: 4 of 4 START sql view model main.fct_vendor_signals ............................ [RUN]
[0m18:23:10.404680 [debug] [Thread-1  ]: Re-using an available connection from the pool (formerly model.seven_shifts_project.stg_locations, now model.seven_shifts_project.fct_vendor_signals)
[0m18:23:10.404900 [debug] [Thread-1  ]: Began compiling node model.seven_shifts_project.fct_vendor_signals
[0m18:23:10.408075 [debug] [Thread-1  ]: Writing injected SQL for node "model.seven_shifts_project.fct_vendor_signals"
[0m18:23:10.408451 [debug] [Thread-1  ]: Began executing node model.seven_shifts_project.fct_vendor_signals
[0m18:23:10.410255 [debug] [Thread-1  ]: Writing runtime sql for node "model.seven_shifts_project.fct_vendor_signals"
[0m18:23:10.410897 [debug] [Thread-1  ]: Using sqlite connection "model.seven_shifts_project.fct_vendor_signals"
[0m18:23:10.411133 [debug] [Thread-1  ]: On model.seven_shifts_project.fct_vendor_signals: BEGIN
[0m18:23:10.411345 [debug] [Thread-1  ]: Opening a new connection, currently in state closed
[0m18:23:10.411703 [debug] [Thread-1  ]: SQL status: OK in 0.000 seconds
[0m18:23:10.411909 [debug] [Thread-1  ]: Using sqlite connection "model.seven_shifts_project.fct_vendor_signals"
[0m18:23:10.412188 [debug] [Thread-1  ]: On model.seven_shifts_project.fct_vendor_signals: /* {"app": "dbt", "dbt_version": "1.10.22", "profile_name": "seven_shifts_project", "target_name": "dev", "node_id": "model.seven_shifts_project.fct_vendor_signals"} */

    
    create view main."fct_vendor_signals" as
    WITH crm AS (
    SELECT 
        company_id,
        company_name,
        LOWER(REPLACE(REPLACE(domain, 'www.', ''), 'https://', '')) AS clean_domain,
        plan_name AS crm_plan,
        locations_in_7shifts AS crm_location_count
    FROM main."stg_crm_accounts"
),

vendor_signals AS (
    SELECT 
        account_id AS vendor_id,
        company_name AS vendor_name,
        website AS vendor_website,
        LOWER(REPLACE(REPLACE(website, 'www.', ''), 'https://', '')) AS clean_domain,
        num_locations AS global_location_count,
        pos_vendor AS vendor_pos,
        SUM(CASE WHEN l.city IN ('New York', 'Brooklyn', 'Queens', 'Bronx', 'Staten Island') THEN 1 ELSE 0 END) AS total_nyc_locations,
        ROUND(AVG(CASE WHEN l.city IN ('New York', 'Brooklyn', 'Queens', 'Bronx', 'Staten Island') THEN l.review_rating ELSE NULL END), 1) AS avg_nyc_rating,
        GROUP_CONCAT(DISTINCT LOWER(l.cuisine_type)) AS cuisines
    FROM main."stg_companies" c
    LEFT JOIN main."stg_locations" l ON c.account_id = l.account_id
    GROUP BY 1, 2, 3, 4, 5
),

master_join AS (
    SELECT 
        COALESCE(c.clean_domain, v.clean_domain) AS primary_domain,
        c.company_id,
        c.company_name AS crm_name,
        c.crm_plan,
        c.crm_location_count,
        v.vendor_id,
        v.vendor_name,
        v.vendor_website,
        v.global_location_count,
        v.total_nyc_locations,
        v.avg_nyc_rating,
        v.vendor_pos,
        v.cuisines,
        (COALESCE(v.global_location_count, 0) - COALESCE(c.crm_location_count, 0)) AS location_whitespace
    FROM crm c
    LEFT JOIN vendor_signals v ON c.clean_domain = v.clean_domain
    UNION
    SELECT 
        v.clean_domain,
        c.company_id,
        c.company_name,
        c.crm_plan,
        c.crm_location_count,
        v.vendor_id,
        v.vendor_name,
        v.vendor_website,
        v.global_location_count,
        v.total_nyc_locations,
        v.avg_nyc_rating,
        v.vendor_pos,
        v.cuisines,
        (COALESCE(v.global_location_count, 0) - COALESCE(c.crm_location_count, 0))
    FROM vendor_signals v
    LEFT JOIN crm c ON v.clean_domain = c.clean_domain
),

filtered_and_segmented AS (
    SELECT 
        *,
        CASE 
            WHEN company_id IS NOT NULL AND total_nyc_locations >= 3 AND avg_nyc_rating >= 4.0 THEN 'CREDIBLE_PARTNER'
            WHEN company_id IS NOT NULL AND (location_whitespace >= 2 OR crm_plan IN ('Essentials', 'Comp')) THEN 'EXPANSION_OPPORTUNITY'
            WHEN company_id IS NULL AND total_nyc_locations >= 1 THEN 'NET_NEW_TARGET'
            ELSE 'UNCLASSIFIED'
        END AS gtm_segment
    FROM master_join
    WHERE (global_location_count <= 50 OR global_location_count IS NULL)
        AND (cuisines NOT LIKE '%pharmacy%' AND cuisines NOT LIKE '%cvs%' AND cuisines NOT LIKE '%apparel%'
             AND cuisines NOT LIKE '%convenience%' AND cuisines NOT LIKE '%grocery%' AND cuisines NOT LIKE '%supermarket%'
             AND cuisines NOT LIKE '%department store%')
)

SELECT * FROM filtered_and_segmented WHERE gtm_segment != 'UNCLASSIFIED';
[0m18:23:10.412925 [debug] [Thread-1  ]: SQL status: OK in 0.000 seconds
[0m18:23:10.413621 [debug] [Thread-1  ]: On model.seven_shifts_project.fct_vendor_signals: COMMIT
[0m18:23:10.413834 [debug] [Thread-1  ]: Using sqlite connection "model.seven_shifts_project.fct_vendor_signals"
[0m18:23:10.414033 [debug] [Thread-1  ]: On model.seven_shifts_project.fct_vendor_signals: COMMIT
[0m18:23:10.414412 [debug] [Thread-1  ]: SQL status: OK in 0.000 seconds
[0m18:23:10.414816 [debug] [Thread-1  ]: On model.seven_shifts_project.fct_vendor_signals: Close
[0m18:23:10.415178 [debug] [Thread-1  ]: Sending event: {'category': 'dbt', 'action': 'run_model', 'label': 'a92c9720-17f9-40b4-b90d-ac86911af476', 'context': [<snowplow_tracker.self_describing_json.SelfDescribingJson object at 0x106c7bdf0>]}
[0m18:23:10.415522 [info ] [Thread-1  ]: 4 of 4 OK created sql view model main.fct_vendor_signals ....................... [[32mOK[0m in 0.01s]
[0m18:23:10.415847 [debug] [Thread-1  ]: Finished running node model.seven_shifts_project.fct_vendor_signals
[0m18:23:10.416403 [debug] [MainThread]: Using sqlite connection "master"
[0m18:23:10.416616 [debug] [MainThread]: On master: BEGIN
[0m18:23:10.416790 [debug] [MainThread]: Opening a new connection, currently in state closed
[0m18:23:10.417076 [debug] [MainThread]: SQL status: OK in 0.000 seconds
[0m18:23:10.417249 [debug] [MainThread]: On master: COMMIT
[0m18:23:10.417421 [debug] [MainThread]: Using sqlite connection "master"
[0m18:23:10.417589 [debug] [MainThread]: On master: COMMIT
[0m18:23:10.417760 [debug] [MainThread]: SQL status: OK in 0.000 seconds
[0m18:23:10.417929 [debug] [MainThread]: On master: Close
[0m18:23:10.418150 [debug] [MainThread]: Connection 'master' was properly closed.
[0m18:23:10.418313 [debug] [MainThread]: Connection 'model.seven_shifts_project.fct_vendor_signals' was properly closed.
[0m18:23:10.418523 [info ] [MainThread]: 
[0m18:23:10.418724 [info ] [MainThread]: Finished running 4 view models in 0 hours 0 minutes and 0.14 seconds (0.14s).
[0m18:23:10.419340 [debug] [MainThread]: Command end result
[0m18:23:10.432532 [debug] [MainThread]: Wrote artifact WritableManifest to /Users/nicholaschong/Projects/7shifts_summit_project/seven_shifts_project/target/manifest.json
[0m18:23:10.433453 [debug] [MainThread]: Wrote artifact SemanticManifest to /Users/nicholaschong/Projects/7shifts_summit_project/seven_shifts_project/target/semantic_manifest.json
[0m18:23:10.437469 [debug] [MainThread]: Wrote artifact RunExecutionResult to /Users/nicholaschong/Projects/7shifts_summit_project/seven_shifts_project/target/run_results.json
[0m18:23:10.437677 [info ] [MainThread]: 
[0m18:23:10.437918 [info ] [MainThread]: [32mCompleted successfully[0m
[0m18:23:10.438115 [info ] [MainThread]: 
[0m18:23:10.438322 [info ] [MainThread]: Done. PASS=4 WARN=0 ERROR=0 SKIP=0 NO-OP=0 TOTAL=4
[0m18:23:10.439762 [debug] [MainThread]: Resource report: {"command_name": "run", "command_success": true, "command_wall_clock_time": 0.57738703, "process_in_blocks": "0", "process_kernel_time": 0.153134, "process_mem_max_rss": "116981760", "process_out_blocks": "0", "process_user_time": 1.194046}
[0m18:23:10.440004 [debug] [MainThread]: Command `dbt run` succeeded at 18:23:10.439960 after 0.58 seconds
[0m18:23:10.440223 [debug] [MainThread]: Sending event: {'category': 'dbt', 'action': 'invocation', 'label': 'end', 'context': [<snowplow_tracker.self_describing_json.SelfDescribingJson object at 0x10438de50>, <snowplow_tracker.self_describing_json.SelfDescribingJson object at 0x10464a640>, <snowplow_tracker.self_describing_json.SelfDescribingJson object at 0x104858490>]}
[0m18:23:10.440441 [debug] [MainThread]: Flushing usage events
[0m18:23:10.560925 [debug] [MainThread]: An error was encountered while trying to flush usage events
[0m18:25:13.924038 [debug] [MainThread]: Sending event: {'category': 'dbt', 'action': 'invocation', 'label': 'start', 'context': [<snowplow_tracker.self_describing_json.SelfDescribingJson object at 0x105d8de50>, <snowplow_tracker.self_describing_json.SelfDescribingJson object at 0x10794a190>, <snowplow_tracker.self_describing_json.SelfDescribingJson object at 0x10794a490>]}


============================== 18:25:13.926911 | 3782c774-221b-4246-98d6-6f60edb0c1f0 ==============================
[0m18:25:13.926911 [info ] [MainThread]: Running with dbt=1.10.22
[0m18:25:13.927272 [debug] [MainThread]: running dbt with arguments {'printer_width': '80', 'indirect_selection': 'eager', 'log_cache_events': 'False', 'write_json': 'True', 'partial_parse': 'True', 'cache_selected_only': 'False', 'profiles_dir': '/Users/nicholaschong/.dbt', 'fail_fast': 'False', 'debug': 'False', 'log_path': '/Users/nicholaschong/Projects/7shifts_summit_project/seven_shifts_project/logs', 'version_check': 'True', 'warn_error': 'None', 'use_colors': 'True', 'use_experimental_parser': 'False', 'no_print': 'None', 'quiet': 'False', 'empty': 'False', 'log_format': 'default', 'introspect': 'True', 'warn_error_options': 'WarnErrorOptionsV2(error=[], warn=[], silence=[])', 'invocation_command': 'dbt run --full-refresh', 'target_path': 'None', 'static_parser': 'True', 'send_anonymous_usage_stats': 'True'}
[0m18:25:14.014737 [debug] [MainThread]: Sending event: {'category': 'dbt', 'action': 'project_id', 'label': '3782c774-221b-4246-98d6-6f60edb0c1f0', 'context': [<snowplow_tracker.self_describing_json.SelfDescribingJson object at 0x10794a490>]}
[0m18:25:14.049035 [debug] [MainThread]: Sending event: {'category': 'dbt', 'action': 'adapter_info', 'label': '3782c774-221b-4246-98d6-6f60edb0c1f0', 'context': [<snowplow_tracker.self_describing_json.SelfDescribingJson object at 0x10790d760>]}
[0m18:25:14.049811 [info ] [MainThread]: Registered adapter: sqlite=1.10.0
[0m18:25:14.127365 [debug] [MainThread]: checksum: 04c83ee057a648a2f8e380c895ffead170732fa039f068d62b9d36aaeefaf7cc, vars: {}, profile: , target: , version: 1.10.22
[0m18:25:14.187780 [info ] [MainThread]: Unable to do partial parsing because a project config has changed
[0m18:25:14.188140 [debug] [MainThread]: Sending event: {'category': 'dbt', 'action': 'partial_parser', 'label': '3782c774-221b-4246-98d6-6f60edb0c1f0', 'context': [<snowplow_tracker.self_describing_json.SelfDescribingJson object at 0x107cca6a0>]}
[0m18:25:14.838911 [debug] [MainThread]: Sending event: {'category': 'dbt', 'action': 'load_project', 'label': '3782c774-221b-4246-98d6-6f60edb0c1f0', 'context': [<snowplow_tracker.self_describing_json.SelfDescribingJson object at 0x110b55130>]}
[0m18:25:14.883942 [debug] [MainThread]: Wrote artifact WritableManifest to /Users/nicholaschong/Projects/7shifts_summit_project/seven_shifts_project/target/manifest.json
[0m18:25:14.885173 [debug] [MainThread]: Wrote artifact SemanticManifest to /Users/nicholaschong/Projects/7shifts_summit_project/seven_shifts_project/target/semantic_manifest.json
[0m18:25:14.896577 [debug] [MainThread]: Sending event: {'category': 'dbt', 'action': 'resource_counts', 'label': '3782c774-221b-4246-98d6-6f60edb0c1f0', 'context': [<snowplow_tracker.self_describing_json.SelfDescribingJson object at 0x110b56be0>]}
[0m18:25:14.896878 [info ] [MainThread]: Found 4 models, 3 sources, 416 macros
[0m18:25:14.897104 [debug] [MainThread]: Sending event: {'category': 'dbt', 'action': 'runnable_timing', 'label': '3782c774-221b-4246-98d6-6f60edb0c1f0', 'context': [<snowplow_tracker.self_describing_json.SelfDescribingJson object at 0x110bdd130>]}
[0m18:25:14.897897 [info ] [MainThread]: 
[0m18:25:14.898115 [info ] [MainThread]: Concurrency: 1 threads (target='dev')
[0m18:25:14.898301 [info ] [MainThread]: 
[0m18:25:14.898589 [debug] [MainThread]: Acquiring new sqlite connection 'master'
[0m18:25:14.901855 [debug] [ThreadPool]: Acquiring new sqlite connection 'list_7shifts_nyc_data'
[0m18:25:14.964351 [debug] [ThreadPool]: Using sqlite connection "list_7shifts_nyc_data"
[0m18:25:14.964643 [debug] [ThreadPool]: On list_7shifts_nyc_data: BEGIN
[0m18:25:14.964850 [debug] [ThreadPool]: Opening a new connection, currently in state init
[0m18:25:14.966854 [debug] [ThreadPool]: SQL status: OK in 0.002 seconds
[0m18:25:14.967087 [debug] [ThreadPool]: Using sqlite connection "list_7shifts_nyc_data"
[0m18:25:14.967270 [debug] [ThreadPool]: On list_7shifts_nyc_data: /* {"app": "dbt", "dbt_version": "1.10.22", "profile_name": "seven_shifts_project", "target_name": "dev", "connection_name": "list_7shifts_nyc_data"} */

        pragma database_list
    
[0m18:25:14.967456 [debug] [ThreadPool]: SQL status: OK in 0.000 seconds
[0m18:25:14.968197 [debug] [ThreadPool]: On list_7shifts_nyc_data: ROLLBACK
[0m18:25:14.968390 [debug] [ThreadPool]: On list_7shifts_nyc_data: Close
[0m18:25:14.970012 [debug] [ThreadPool]: Using sqlite connection "list_7shifts_nyc_data"
[0m18:25:14.970225 [debug] [ThreadPool]: On list_7shifts_nyc_data: BEGIN
[0m18:25:14.970411 [debug] [ThreadPool]: Opening a new connection, currently in state closed
[0m18:25:14.970739 [debug] [ThreadPool]: SQL status: OK in 0.000 seconds
[0m18:25:14.970923 [debug] [ThreadPool]: Using sqlite connection "list_7shifts_nyc_data"
[0m18:25:14.971093 [debug] [ThreadPool]: On list_7shifts_nyc_data: /* {"app": "dbt", "dbt_version": "1.10.22", "profile_name": "seven_shifts_project", "target_name": "dev", "connection_name": "list_7shifts_nyc_data"} */

        pragma database_list
    
[0m18:25:14.971269 [debug] [ThreadPool]: SQL status: OK in 0.000 seconds
[0m18:25:14.971880 [debug] [ThreadPool]: On list_7shifts_nyc_data: ROLLBACK
[0m18:25:14.972052 [debug] [ThreadPool]: On list_7shifts_nyc_data: Close
[0m18:25:14.972381 [debug] [ThreadPool]: Re-using an available connection from the pool (formerly list_7shifts_nyc_data, now create_7shifts_nyc_data_main_main)
[0m18:25:14.972826 [debug] [ThreadPool]: Creating schema "database: "7shifts_nyc_data"
schema: "main_main"
"
[0m18:25:14.976758 [debug] [ThreadPool]: Using sqlite connection "create_7shifts_nyc_data_main_main"
[0m18:25:14.976958 [debug] [ThreadPool]: On create_7shifts_nyc_data_main_main: BEGIN
[0m18:25:14.977129 [debug] [ThreadPool]: Opening a new connection, currently in state closed
[0m18:25:14.977437 [debug] [ThreadPool]: SQL status: OK in 0.000 seconds
[0m18:25:14.977623 [debug] [ThreadPool]: Using sqlite connection "create_7shifts_nyc_data_main_main"
[0m18:25:14.977799 [debug] [ThreadPool]: On create_7shifts_nyc_data_main_main: /* {"app": "dbt", "dbt_version": "1.10.22", "profile_name": "seven_shifts_project", "target_name": "dev", "connection_name": "create_7shifts_nyc_data_main_main"} */
attach database '/Users/nicholaschong/Projects/7shifts_summit_project/data/main_main.db' as main_main
[0m18:25:14.978427 [debug] [ThreadPool]: SQL status: OK in 0.000 seconds
[0m18:25:14.978880 [debug] [ThreadPool]: On create_7shifts_nyc_data_main_main: COMMIT
[0m18:25:14.979063 [debug] [ThreadPool]: Using sqlite connection "create_7shifts_nyc_data_main_main"
[0m18:25:14.979228 [debug] [ThreadPool]: On create_7shifts_nyc_data_main_main: COMMIT
[0m18:25:14.979396 [debug] [ThreadPool]: SQL status: OK in 0.000 seconds
[0m18:25:14.979562 [debug] [ThreadPool]: On create_7shifts_nyc_data_main_main: Close
[0m18:25:14.980258 [debug] [ThreadPool]: Re-using an available connection from the pool (formerly create_7shifts_nyc_data_main_main, now list_7shifts_nyc_data_main_main)
[0m18:25:14.984965 [debug] [ThreadPool]: Using sqlite connection "list_7shifts_nyc_data_main_main"
[0m18:25:14.985165 [debug] [ThreadPool]: On list_7shifts_nyc_data_main_main: BEGIN
[0m18:25:14.985339 [debug] [ThreadPool]: Opening a new connection, currently in state closed
[0m18:25:14.985834 [debug] [ThreadPool]: SQL status: OK in 0.000 seconds
[0m18:25:14.986019 [debug] [ThreadPool]: Using sqlite connection "list_7shifts_nyc_data_main_main"
[0m18:25:14.986196 [debug] [ThreadPool]: On list_7shifts_nyc_data_main_main: /* {"app": "dbt", "dbt_version": "1.10.22", "profile_name": "seven_shifts_project", "target_name": "dev", "connection_name": "list_7shifts_nyc_data_main_main"} */

        pragma database_list
    
[0m18:25:14.986377 [debug] [ThreadPool]: SQL status: OK in 0.000 seconds
[0m18:25:14.987071 [debug] [ThreadPool]: Using sqlite connection "list_7shifts_nyc_data_main_main"
[0m18:25:14.987266 [debug] [ThreadPool]: On list_7shifts_nyc_data_main_main: /* {"app": "dbt", "dbt_version": "1.10.22", "profile_name": "seven_shifts_project", "target_name": "dev", "connection_name": "list_7shifts_nyc_data_main_main"} */

            SELECT
                '7shifts_nyc_data' as database
                ,name
                ,'main_main' AS schema
                ,type as data_type
            FROM
                main_main.sqlite_master
            WHERE
                name NOT LIKE 'sqlite_%'
        
[0m18:25:14.987472 [debug] [ThreadPool]: SQL status: OK in 0.000 seconds
[0m18:25:14.988036 [debug] [ThreadPool]: On list_7shifts_nyc_data_main_main: ROLLBACK
[0m18:25:14.988226 [debug] [ThreadPool]: On list_7shifts_nyc_data_main_main: Close
[0m18:25:14.988578 [debug] [ThreadPool]: Re-using an available connection from the pool (formerly list_7shifts_nyc_data_main_main, now list_7shifts_nyc_data_main)
[0m18:25:14.990563 [debug] [ThreadPool]: Using sqlite connection "list_7shifts_nyc_data_main"
[0m18:25:14.990766 [debug] [ThreadPool]: On list_7shifts_nyc_data_main: BEGIN
[0m18:25:14.990946 [debug] [ThreadPool]: Opening a new connection, currently in state closed
[0m18:25:14.991416 [debug] [ThreadPool]: SQL status: OK in 0.000 seconds
[0m18:25:14.991594 [debug] [ThreadPool]: Using sqlite connection "list_7shifts_nyc_data_main"
[0m18:25:14.991772 [debug] [ThreadPool]: On list_7shifts_nyc_data_main: /* {"app": "dbt", "dbt_version": "1.10.22", "profile_name": "seven_shifts_project", "target_name": "dev", "connection_name": "list_7shifts_nyc_data_main"} */

        pragma database_list
    
[0m18:25:14.991950 [debug] [ThreadPool]: SQL status: OK in 0.000 seconds
[0m18:25:14.992713 [debug] [ThreadPool]: Using sqlite connection "list_7shifts_nyc_data_main"
[0m18:25:14.992905 [debug] [ThreadPool]: On list_7shifts_nyc_data_main: /* {"app": "dbt", "dbt_version": "1.10.22", "profile_name": "seven_shifts_project", "target_name": "dev", "connection_name": "list_7shifts_nyc_data_main"} */

            SELECT
                '7shifts_nyc_data' as database
                ,name
                ,'main' AS schema
                ,type as data_type
            FROM
                main.sqlite_master
            WHERE
                name NOT LIKE 'sqlite_%'
        
[0m18:25:14.993109 [debug] [ThreadPool]: SQL status: OK in 0.000 seconds
[0m18:25:14.993756 [debug] [ThreadPool]: On list_7shifts_nyc_data_main: ROLLBACK
[0m18:25:14.993938 [debug] [ThreadPool]: On list_7shifts_nyc_data_main: Close
[0m18:25:14.994787 [debug] [MainThread]: Sending event: {'category': 'dbt', 'action': 'runnable_timing', 'label': '3782c774-221b-4246-98d6-6f60edb0c1f0', 'context': [<snowplow_tracker.self_describing_json.SelfDescribingJson object at 0x110bc35e0>]}
[0m18:25:14.995040 [debug] [MainThread]: Using sqlite connection "master"
[0m18:25:14.995212 [debug] [MainThread]: On master: BEGIN
[0m18:25:14.995375 [debug] [MainThread]: Opening a new connection, currently in state init
[0m18:25:14.995816 [debug] [MainThread]: SQL status: OK in 0.000 seconds
[0m18:25:14.995999 [debug] [MainThread]: On master: COMMIT
[0m18:25:14.996170 [debug] [MainThread]: Using sqlite connection "master"
[0m18:25:14.996335 [debug] [MainThread]: On master: COMMIT
[0m18:25:14.996506 [debug] [MainThread]: SQL status: OK in 0.000 seconds
[0m18:25:14.996673 [debug] [MainThread]: On master: Close
[0m18:25:14.997968 [debug] [Thread-1  ]: Began running node model.seven_shifts_project.stg_companies
[0m18:25:14.998256 [info ] [Thread-1  ]: 1 of 4 START sql view model main.stg_companies ................................. [RUN]
[0m18:25:14.998521 [debug] [Thread-1  ]: Re-using an available connection from the pool (formerly list_7shifts_nyc_data_main, now model.seven_shifts_project.stg_companies)
[0m18:25:14.998731 [debug] [Thread-1  ]: Began compiling node model.seven_shifts_project.stg_companies
[0m18:25:15.004773 [debug] [Thread-1  ]: Writing injected SQL for node "model.seven_shifts_project.stg_companies"
[0m18:25:15.005435 [debug] [Thread-1  ]: Began executing node model.seven_shifts_project.stg_companies
[0m18:25:15.015712 [debug] [Thread-1  ]: Using sqlite connection "model.seven_shifts_project.stg_companies"
[0m18:25:15.015953 [debug] [Thread-1  ]: On model.seven_shifts_project.stg_companies: /* {"app": "dbt", "dbt_version": "1.10.22", "profile_name": "seven_shifts_project", "target_name": "dev", "node_id": "model.seven_shifts_project.stg_companies"} */
drop view if exists "main"."stg_companies"
[0m18:25:15.016159 [debug] [Thread-1  ]: Opening a new connection, currently in state closed
[0m18:25:15.017152 [debug] [Thread-1  ]: SQL status: OK in 0.001 seconds
[0m18:25:15.019548 [debug] [Thread-1  ]: Writing runtime sql for node "model.seven_shifts_project.stg_companies"
[0m18:25:15.020108 [debug] [Thread-1  ]: Using sqlite connection "model.seven_shifts_project.stg_companies"
[0m18:25:15.020321 [debug] [Thread-1  ]: On model.seven_shifts_project.stg_companies: BEGIN
[0m18:25:15.020532 [debug] [Thread-1  ]: SQL status: OK in 0.000 seconds
[0m18:25:15.020729 [debug] [Thread-1  ]: Using sqlite connection "model.seven_shifts_project.stg_companies"
[0m18:25:15.020927 [debug] [Thread-1  ]: On model.seven_shifts_project.stg_companies: /* {"app": "dbt", "dbt_version": "1.10.22", "profile_name": "seven_shifts_project", "target_name": "dev", "node_id": "model.seven_shifts_project.stg_companies"} */

    
    create view main."stg_companies" as
    SELECT * FROM main."companies";
[0m18:25:15.021293 [debug] [Thread-1  ]: SQL status: OK in 0.000 seconds
[0m18:25:15.024510 [debug] [Thread-1  ]: On model.seven_shifts_project.stg_companies: COMMIT
[0m18:25:15.024742 [debug] [Thread-1  ]: Using sqlite connection "model.seven_shifts_project.stg_companies"
[0m18:25:15.024965 [debug] [Thread-1  ]: On model.seven_shifts_project.stg_companies: COMMIT
[0m18:25:15.025505 [debug] [Thread-1  ]: SQL status: OK in 0.000 seconds
[0m18:25:15.027087 [debug] [Thread-1  ]: On model.seven_shifts_project.stg_companies: Close
[0m18:25:15.028273 [debug] [Thread-1  ]: Sending event: {'category': 'dbt', 'action': 'run_model', 'label': '3782c774-221b-4246-98d6-6f60edb0c1f0', 'context': [<snowplow_tracker.self_describing_json.SelfDescribingJson object at 0x107d23b50>]}
[0m18:25:15.028649 [info ] [Thread-1  ]: 1 of 4 OK created sql view model main.stg_companies ............................ [[32mOK[0m in 0.03s]
[0m18:25:15.028987 [debug] [Thread-1  ]: Finished running node model.seven_shifts_project.stg_companies
[0m18:25:15.029220 [debug] [Thread-1  ]: Began running node model.seven_shifts_project.stg_crm_accounts
[0m18:25:15.029526 [info ] [Thread-1  ]: 2 of 4 START sql view model main.stg_crm_accounts .............................. [RUN]
[0m18:25:15.029787 [debug] [Thread-1  ]: Re-using an available connection from the pool (formerly model.seven_shifts_project.stg_companies, now model.seven_shifts_project.stg_crm_accounts)
[0m18:25:15.029995 [debug] [Thread-1  ]: Began compiling node model.seven_shifts_project.stg_crm_accounts
[0m18:25:15.031665 [debug] [Thread-1  ]: Writing injected SQL for node "model.seven_shifts_project.stg_crm_accounts"
[0m18:25:15.032210 [debug] [Thread-1  ]: Began executing node model.seven_shifts_project.stg_crm_accounts
[0m18:25:15.035791 [debug] [Thread-1  ]: Using sqlite connection "model.seven_shifts_project.stg_crm_accounts"
[0m18:25:15.036037 [debug] [Thread-1  ]: On model.seven_shifts_project.stg_crm_accounts: /* {"app": "dbt", "dbt_version": "1.10.22", "profile_name": "seven_shifts_project", "target_name": "dev", "node_id": "model.seven_shifts_project.stg_crm_accounts"} */
drop view if exists "main"."stg_crm_accounts"
[0m18:25:15.036250 [debug] [Thread-1  ]: Opening a new connection, currently in state closed
[0m18:25:15.037366 [debug] [Thread-1  ]: SQL status: OK in 0.001 seconds
[0m18:25:15.038117 [debug] [Thread-1  ]: Writing runtime sql for node "model.seven_shifts_project.stg_crm_accounts"
[0m18:25:15.038626 [debug] [Thread-1  ]: Using sqlite connection "model.seven_shifts_project.stg_crm_accounts"
[0m18:25:15.038840 [debug] [Thread-1  ]: On model.seven_shifts_project.stg_crm_accounts: BEGIN
[0m18:25:15.039044 [debug] [Thread-1  ]: SQL status: OK in 0.000 seconds
[0m18:25:15.039236 [debug] [Thread-1  ]: Using sqlite connection "model.seven_shifts_project.stg_crm_accounts"
[0m18:25:15.039434 [debug] [Thread-1  ]: On model.seven_shifts_project.stg_crm_accounts: /* {"app": "dbt", "dbt_version": "1.10.22", "profile_name": "seven_shifts_project", "target_name": "dev", "node_id": "model.seven_shifts_project.stg_crm_accounts"} */

    
    create view main."stg_crm_accounts" as
    SELECT * FROM main."crm_accounts";
[0m18:25:15.039812 [debug] [Thread-1  ]: SQL status: OK in 0.000 seconds
[0m18:25:15.040850 [debug] [Thread-1  ]: On model.seven_shifts_project.stg_crm_accounts: COMMIT
[0m18:25:15.041080 [debug] [Thread-1  ]: Using sqlite connection "model.seven_shifts_project.stg_crm_accounts"
[0m18:25:15.041279 [debug] [Thread-1  ]: On model.seven_shifts_project.stg_crm_accounts: COMMIT
[0m18:25:15.041688 [debug] [Thread-1  ]: SQL status: OK in 0.000 seconds
[0m18:25:15.042097 [debug] [Thread-1  ]: On model.seven_shifts_project.stg_crm_accounts: Close
[0m18:25:15.042453 [debug] [Thread-1  ]: Sending event: {'category': 'dbt', 'action': 'run_model', 'label': '3782c774-221b-4246-98d6-6f60edb0c1f0', 'context': [<snowplow_tracker.self_describing_json.SelfDescribingJson object at 0x107ddce50>]}
[0m18:25:15.042869 [info ] [Thread-1  ]: 2 of 4 OK created sql view model main.stg_crm_accounts ......................... [[32mOK[0m in 0.01s]
[0m18:25:15.043346 [debug] [Thread-1  ]: Finished running node model.seven_shifts_project.stg_crm_accounts
[0m18:25:15.043582 [debug] [Thread-1  ]: Began running node model.seven_shifts_project.stg_locations
[0m18:25:15.043883 [info ] [Thread-1  ]: 3 of 4 START sql view model main.stg_locations ................................. [RUN]
[0m18:25:15.044157 [debug] [Thread-1  ]: Re-using an available connection from the pool (formerly model.seven_shifts_project.stg_crm_accounts, now model.seven_shifts_project.stg_locations)
[0m18:25:15.044374 [debug] [Thread-1  ]: Began compiling node model.seven_shifts_project.stg_locations
[0m18:25:15.046153 [debug] [Thread-1  ]: Writing injected SQL for node "model.seven_shifts_project.stg_locations"
[0m18:25:15.046646 [debug] [Thread-1  ]: Began executing node model.seven_shifts_project.stg_locations
[0m18:25:15.049469 [debug] [Thread-1  ]: Using sqlite connection "model.seven_shifts_project.stg_locations"
[0m18:25:15.049694 [debug] [Thread-1  ]: On model.seven_shifts_project.stg_locations: /* {"app": "dbt", "dbt_version": "1.10.22", "profile_name": "seven_shifts_project", "target_name": "dev", "node_id": "model.seven_shifts_project.stg_locations"} */
drop view if exists "main"."stg_locations"
[0m18:25:15.049896 [debug] [Thread-1  ]: Opening a new connection, currently in state closed
[0m18:25:15.051016 [debug] [Thread-1  ]: SQL status: OK in 0.001 seconds
[0m18:25:15.051731 [debug] [Thread-1  ]: Writing runtime sql for node "model.seven_shifts_project.stg_locations"
[0m18:25:15.052081 [debug] [Thread-1  ]: Using sqlite connection "model.seven_shifts_project.stg_locations"
[0m18:25:15.052289 [debug] [Thread-1  ]: On model.seven_shifts_project.stg_locations: BEGIN
[0m18:25:15.052492 [debug] [Thread-1  ]: SQL status: OK in 0.000 seconds
[0m18:25:15.052694 [debug] [Thread-1  ]: Using sqlite connection "model.seven_shifts_project.stg_locations"
[0m18:25:15.052892 [debug] [Thread-1  ]: On model.seven_shifts_project.stg_locations: /* {"app": "dbt", "dbt_version": "1.10.22", "profile_name": "seven_shifts_project", "target_name": "dev", "node_id": "model.seven_shifts_project.stg_locations"} */

    
    create view main."stg_locations" as
    SELECT * FROM main."locations";
[0m18:25:15.053251 [debug] [Thread-1  ]: SQL status: OK in 0.000 seconds
[0m18:25:15.053897 [debug] [Thread-1  ]: On model.seven_shifts_project.stg_locations: COMMIT
[0m18:25:15.054104 [debug] [Thread-1  ]: Using sqlite connection "model.seven_shifts_project.stg_locations"
[0m18:25:15.054305 [debug] [Thread-1  ]: On model.seven_shifts_project.stg_locations: COMMIT
[0m18:25:15.054760 [debug] [Thread-1  ]: SQL status: OK in 0.000 seconds
[0m18:25:15.055162 [debug] [Thread-1  ]: On model.seven_shifts_project.stg_locations: Close
[0m18:25:15.055521 [debug] [Thread-1  ]: Sending event: {'category': 'dbt', 'action': 'run_model', 'label': '3782c774-221b-4246-98d6-6f60edb0c1f0', 'context': [<snowplow_tracker.self_describing_json.SelfDescribingJson object at 0x100f5a070>]}
[0m18:25:15.055862 [info ] [Thread-1  ]: 3 of 4 OK created sql view model main.stg_locations ............................ [[32mOK[0m in 0.01s]
[0m18:25:15.056187 [debug] [Thread-1  ]: Finished running node model.seven_shifts_project.stg_locations
[0m18:25:15.056562 [debug] [Thread-1  ]: Began running node model.seven_shifts_project.fct_vendor_signals
[0m18:25:15.056887 [info ] [Thread-1  ]: 4 of 4 START sql table model main_main.fct_vendor_signals ...................... [RUN]
[0m18:25:15.057173 [debug] [Thread-1  ]: Re-using an available connection from the pool (formerly model.seven_shifts_project.stg_locations, now model.seven_shifts_project.fct_vendor_signals)
[0m18:25:15.057408 [debug] [Thread-1  ]: Began compiling node model.seven_shifts_project.fct_vendor_signals
[0m18:25:15.060880 [debug] [Thread-1  ]: Writing injected SQL for node "model.seven_shifts_project.fct_vendor_signals"
[0m18:25:15.061586 [debug] [Thread-1  ]: Began executing node model.seven_shifts_project.fct_vendor_signals
[0m18:25:15.069548 [debug] [Thread-1  ]: Writing runtime sql for node "model.seven_shifts_project.fct_vendor_signals"
[0m18:25:15.070014 [debug] [Thread-1  ]: Using sqlite connection "model.seven_shifts_project.fct_vendor_signals"
[0m18:25:15.070240 [debug] [Thread-1  ]: On model.seven_shifts_project.fct_vendor_signals: BEGIN
[0m18:25:15.070442 [debug] [Thread-1  ]: Opening a new connection, currently in state closed
[0m18:25:15.071030 [debug] [Thread-1  ]: SQL status: OK in 0.001 seconds
[0m18:25:15.071230 [debug] [Thread-1  ]: Using sqlite connection "model.seven_shifts_project.fct_vendor_signals"
[0m18:25:15.071506 [debug] [Thread-1  ]: On model.seven_shifts_project.fct_vendor_signals: /* {"app": "dbt", "dbt_version": "1.10.22", "profile_name": "seven_shifts_project", "target_name": "dev", "node_id": "model.seven_shifts_project.fct_vendor_signals"} */

  
    
    
    create  table main_main."fct_vendor_signals"
    as
        

WITH crm AS (
    SELECT 
        company_id,
        company_name,
        LOWER(REPLACE(REPLACE(domain, 'www.', ''), 'https://', '')) AS clean_domain,
        plan_name AS crm_plan,
        locations_in_7shifts AS crm_location_count
    FROM main."stg_crm_accounts"
),

vendor_signals AS (
    SELECT 
        account_id AS vendor_id,
        company_name AS vendor_name,
        website AS vendor_website,
        LOWER(REPLACE(REPLACE(website, 'www.', ''), 'https://', '')) AS clean_domain,
        num_locations AS global_location_count,
        pos_vendor AS vendor_pos,
        SUM(CASE WHEN l.city IN ('New York', 'Brooklyn', 'Queens', 'Bronx', 'Staten Island') THEN 1 ELSE 0 END) AS total_nyc_locations,
        ROUND(AVG(CASE WHEN l.city IN ('New York', 'Brooklyn', 'Queens', 'Bronx', 'Staten Island') THEN l.review_rating ELSE NULL END), 1) AS avg_nyc_rating,
        GROUP_CONCAT(DISTINCT LOWER(l.cuisine_type)) AS cuisines
    FROM main."stg_companies" c
    LEFT JOIN main."stg_locations" l ON c.account_id = l.account_id
    GROUP BY 1, 2, 3, 4, 5
),

master_join AS (
    SELECT 
        COALESCE(c.clean_domain, v.clean_domain) AS primary_domain,
        c.company_id,
        c.company_name AS crm_name,
        c.crm_plan,
        c.crm_location_count,
        v.vendor_id,
        v.vendor_name,
        v.vendor_website,
        v.global_location_count,
        v.total_nyc_locations,
        v.avg_nyc_rating,
        v.vendor_pos,
        v.cuisines,
        (COALESCE(v.global_location_count, 0) - COALESCE(c.crm_location_count, 0)) AS location_whitespace
    FROM crm c
    LEFT JOIN vendor_signals v ON c.clean_domain = v.clean_domain
    UNION
    SELECT 
        v.clean_domain,
        c.company_id,
        c.company_name,
        c.crm_plan,
        c.crm_location_count,
        v.vendor_id,
        v.vendor_name,
        v.vendor_website,
        v.global_location_count,
        v.total_nyc_locations,
        v.avg_nyc_rating,
        v.vendor_pos,
        v.cuisines,
        (COALESCE(v.global_location_count, 0) - COALESCE(c.crm_location_count, 0))
    FROM vendor_signals v
    LEFT JOIN crm c ON v.clean_domain = c.clean_domain
),

filtered_and_segmented AS (
    SELECT 
        *,
        CASE 
            WHEN company_id IS NOT NULL AND total_nyc_locations >= 3 AND avg_nyc_rating >= 4.0 THEN 'CREDIBLE_PARTNER'
            WHEN company_id IS NOT NULL AND (location_whitespace >= 2 OR crm_plan IN ('Essentials', 'Comp')) THEN 'EXPANSION_OPPORTUNITY'
            WHEN company_id IS NULL AND total_nyc_locations >= 1 THEN 'NET_NEW_TARGET'
            ELSE 'UNCLASSIFIED'
        END AS gtm_segment
    FROM master_join
    WHERE (global_location_count <= 50 OR global_location_count IS NULL)
        AND (cuisines NOT LIKE '%pharmacy%' AND cuisines NOT LIKE '%cvs%' AND cuisines NOT LIKE '%apparel%'
             AND cuisines NOT LIKE '%convenience%' AND cuisines NOT LIKE '%grocery%' AND cuisines NOT LIKE '%supermarket%'
             AND cuisines NOT LIKE '%department store%')
)

SELECT * FROM filtered_and_segmented WHERE gtm_segment != 'UNCLASSIFIED'

  
[0m18:25:15.072447 [debug] [Thread-1  ]: On model.seven_shifts_project.fct_vendor_signals: ROLLBACK
[0m18:25:15.072678 [debug] [Thread-1  ]: On model.seven_shifts_project.fct_vendor_signals: Close
[0m18:25:15.072953 [debug] [Thread-1  ]: SQLite adapter: sqlite3 error: ambiguous column name: account_id
[0m18:25:15.087095 [debug] [Thread-1  ]: Database Error in model fct_vendor_signals (models/marts/fct_vendor_signals.sql)
  ambiguous column name: account_id
  compiled code at target/run/seven_shifts_project/models/marts/fct_vendor_signals.sql
[0m18:25:15.087463 [debug] [Thread-1  ]: Sending event: {'category': 'dbt', 'action': 'run_model', 'label': '3782c774-221b-4246-98d6-6f60edb0c1f0', 'context': [<snowplow_tracker.self_describing_json.SelfDescribingJson object at 0x1108da6a0>]}
[0m18:25:15.087853 [error] [Thread-1  ]: 4 of 4 ERROR creating sql table model main_main.fct_vendor_signals ............. [[31mERROR[0m in 0.03s]
[0m18:25:15.088205 [debug] [Thread-1  ]: Finished running node model.seven_shifts_project.fct_vendor_signals
[0m18:25:15.088502 [debug] [Thread-4  ]: Marking all children of 'model.seven_shifts_project.fct_vendor_signals' to be skipped because of status 'error'.  Reason: Database Error in model fct_vendor_signals (models/marts/fct_vendor_signals.sql)
  ambiguous column name: account_id
  compiled code at target/run/seven_shifts_project/models/marts/fct_vendor_signals.sql.
[0m18:25:15.089097 [debug] [MainThread]: Using sqlite connection "master"
[0m18:25:15.089297 [debug] [MainThread]: On master: BEGIN
[0m18:25:15.089464 [debug] [MainThread]: Opening a new connection, currently in state closed
[0m18:25:15.089957 [debug] [MainThread]: SQL status: OK in 0.000 seconds
[0m18:25:15.090132 [debug] [MainThread]: On master: COMMIT
[0m18:25:15.090301 [debug] [MainThread]: Using sqlite connection "master"
[0m18:25:15.090464 [debug] [MainThread]: On master: COMMIT
[0m18:25:15.090629 [debug] [MainThread]: SQL status: OK in 0.000 seconds
[0m18:25:15.090793 [debug] [MainThread]: On master: Close
[0m18:25:15.091042 [debug] [MainThread]: Connection 'master' was properly closed.
[0m18:25:15.091200 [debug] [MainThread]: Connection 'model.seven_shifts_project.fct_vendor_signals' was properly closed.
[0m18:25:15.091402 [info ] [MainThread]: 
[0m18:25:15.091607 [info ] [MainThread]: Finished running 1 table model, 3 view models in 0 hours 0 minutes and 0.19 seconds (0.19s).
[0m18:25:15.092194 [debug] [MainThread]: Command end result
[0m18:25:15.106093 [debug] [MainThread]: Wrote artifact WritableManifest to /Users/nicholaschong/Projects/7shifts_summit_project/seven_shifts_project/target/manifest.json
[0m18:25:15.107245 [debug] [MainThread]: Wrote artifact SemanticManifest to /Users/nicholaschong/Projects/7shifts_summit_project/seven_shifts_project/target/semantic_manifest.json
[0m18:25:15.112192 [debug] [MainThread]: Wrote artifact RunExecutionResult to /Users/nicholaschong/Projects/7shifts_summit_project/seven_shifts_project/target/run_results.json
[0m18:25:15.112437 [info ] [MainThread]: 
[0m18:25:15.112695 [info ] [MainThread]: [31mCompleted with 1 error, 0 partial successes, and 0 warnings:[0m
[0m18:25:15.112917 [info ] [MainThread]: 
[0m18:25:15.113165 [error] [MainThread]: [31mFailure in model fct_vendor_signals (models/marts/fct_vendor_signals.sql)[0m
[0m18:25:15.113403 [error] [MainThread]:   Database Error in model fct_vendor_signals (models/marts/fct_vendor_signals.sql)
  ambiguous column name: account_id
  compiled code at target/run/seven_shifts_project/models/marts/fct_vendor_signals.sql
[0m18:25:15.113596 [info ] [MainThread]: 
[0m18:25:15.113819 [info ] [MainThread]:   compiled code at target/compiled/seven_shifts_project/models/marts/fct_vendor_signals.sql
[0m18:25:15.114012 [info ] [MainThread]: 
[0m18:25:15.114217 [info ] [MainThread]: Done. PASS=3 WARN=0 ERROR=1 SKIP=0 NO-OP=0 TOTAL=4
[0m18:25:15.115952 [debug] [MainThread]: Resource report: {"command_name": "run", "command_success": false, "command_wall_clock_time": 1.236652, "process_in_blocks": "0", "process_kernel_time": 0.170625, "process_mem_max_rss": "124010496", "process_out_blocks": "0", "process_user_time": 1.818801}
[0m18:25:15.116191 [debug] [MainThread]: Command `dbt run` failed at 18:25:15.116146 after 1.24 seconds
[0m18:25:15.116411 [debug] [MainThread]: Sending event: {'category': 'dbt', 'action': 'invocation', 'label': 'end', 'context': [<snowplow_tracker.self_describing_json.SelfDescribingJson object at 0x105d8de50>, <snowplow_tracker.self_describing_json.SelfDescribingJson object at 0x10794adc0>, <snowplow_tracker.self_describing_json.SelfDescribingJson object at 0x110be2940>]}
[0m18:25:15.116633 [debug] [MainThread]: Flushing usage events
[0m18:25:15.349475 [debug] [MainThread]: An error was encountered while trying to flush usage events
[0m11:24:27.093428 [debug] [MainThread]: Sending event: {'category': 'dbt', 'action': 'invocation', 'label': 'start', 'context': [<snowplow_tracker.self_describing_json.SelfDescribingJson object at 0x104175dc0>, <snowplow_tracker.self_describing_json.SelfDescribingJson object at 0x10550a1f0>, <snowplow_tracker.self_describing_json.SelfDescribingJson object at 0x10550a4f0>]}


============================== 11:24:27.096148 | 09f70e27-3875-4011-bae1-9a5f72ad1426 ==============================
[0m11:24:27.096148 [info ] [MainThread]: Running with dbt=1.10.22
[0m11:24:27.096513 [debug] [MainThread]: running dbt with arguments {'printer_width': '80', 'indirect_selection': 'eager', 'log_cache_events': 'False', 'write_json': 'True', 'partial_parse': 'True', 'cache_selected_only': 'False', 'profiles_dir': '/Users/nicholaschong/.dbt', 'debug': 'False', 'fail_fast': 'False', 'log_path': '/Users/nicholaschong/Projects/7shifts_summit_project/seven_shifts_project/logs', 'warn_error': 'None', 'version_check': 'True', 'use_colors': 'True', 'use_experimental_parser': 'False', 'empty': 'False', 'quiet': 'False', 'no_print': 'None', 'warn_error_options': 'WarnErrorOptionsV2(error=[], warn=[], silence=[])', 'introspect': 'True', 'static_parser': 'True', 'log_format': 'default', 'target_path': 'None', 'invocation_command': 'dbt run --full-refresh', 'send_anonymous_usage_stats': 'True'}
[0m11:24:27.182549 [debug] [MainThread]: Sending event: {'category': 'dbt', 'action': 'project_id', 'label': '09f70e27-3875-4011-bae1-9a5f72ad1426', 'context': [<snowplow_tracker.self_describing_json.SelfDescribingJson object at 0x10550ae80>]}
[0m11:24:27.216581 [debug] [MainThread]: Sending event: {'category': 'dbt', 'action': 'adapter_info', 'label': '09f70e27-3875-4011-bae1-9a5f72ad1426', 'context': [<snowplow_tracker.self_describing_json.SelfDescribingJson object at 0x104cba370>]}
[0m11:24:27.217264 [info ] [MainThread]: Registered adapter: sqlite=1.10.0
[0m11:24:27.289846 [debug] [MainThread]: checksum: 04c83ee057a648a2f8e380c895ffead170732fa039f068d62b9d36aaeefaf7cc, vars: {}, profile: , target: , version: 1.10.22
[0m11:24:27.375007 [debug] [MainThread]: Partial parsing enabled: 0 files deleted, 0 files added, 1 files changed.
[0m11:24:27.375436 [debug] [MainThread]: Partial parsing: updated file: seven_shifts_project://models/marts/fct_vendor_signals.sql
[0m11:24:27.558062 [debug] [MainThread]: Sending event: {'category': 'dbt', 'action': 'load_project', 'label': '09f70e27-3875-4011-bae1-9a5f72ad1426', 'context': [<snowplow_tracker.self_describing_json.SelfDescribingJson object at 0x1055487f0>]}
[0m11:24:27.607522 [debug] [MainThread]: Wrote artifact WritableManifest to /Users/nicholaschong/Projects/7shifts_summit_project/seven_shifts_project/target/manifest.json
[0m11:24:27.608859 [debug] [MainThread]: Wrote artifact SemanticManifest to /Users/nicholaschong/Projects/7shifts_summit_project/seven_shifts_project/target/semantic_manifest.json
[0m11:24:27.621552 [debug] [MainThread]: Sending event: {'category': 'dbt', 'action': 'resource_counts', 'label': '09f70e27-3875-4011-bae1-9a5f72ad1426', 'context': [<snowplow_tracker.self_describing_json.SelfDescribingJson object at 0x105576eb0>]}
[0m11:24:27.621857 [info ] [MainThread]: Found 4 models, 3 sources, 416 macros
[0m11:24:27.622085 [debug] [MainThread]: Sending event: {'category': 'dbt', 'action': 'runnable_timing', 'label': '09f70e27-3875-4011-bae1-9a5f72ad1426', 'context': [<snowplow_tracker.self_describing_json.SelfDescribingJson object at 0x106b5c460>]}
[0m11:24:27.622872 [info ] [MainThread]: 
[0m11:24:27.623094 [info ] [MainThread]: Concurrency: 1 threads (target='dev')
[0m11:24:27.623283 [info ] [MainThread]: 
[0m11:24:27.623571 [debug] [MainThread]: Acquiring new sqlite connection 'master'
[0m11:24:27.626757 [debug] [ThreadPool]: Acquiring new sqlite connection 'list_7shifts_nyc_data'
[0m11:24:27.666698 [debug] [ThreadPool]: Using sqlite connection "list_7shifts_nyc_data"
[0m11:24:27.666954 [debug] [ThreadPool]: On list_7shifts_nyc_data: BEGIN
[0m11:24:27.667134 [debug] [ThreadPool]: Opening a new connection, currently in state init
[0m11:24:27.669069 [debug] [ThreadPool]: SQL status: OK in 0.002 seconds
[0m11:24:27.669286 [debug] [ThreadPool]: Using sqlite connection "list_7shifts_nyc_data"
[0m11:24:27.669467 [debug] [ThreadPool]: On list_7shifts_nyc_data: /* {"app": "dbt", "dbt_version": "1.10.22", "profile_name": "seven_shifts_project", "target_name": "dev", "connection_name": "list_7shifts_nyc_data"} */

        pragma database_list
    
[0m11:24:27.669653 [debug] [ThreadPool]: SQL status: OK in 0.000 seconds
[0m11:24:27.670341 [debug] [ThreadPool]: On list_7shifts_nyc_data: ROLLBACK
[0m11:24:27.670525 [debug] [ThreadPool]: On list_7shifts_nyc_data: Close
[0m11:24:27.672106 [debug] [ThreadPool]: Using sqlite connection "list_7shifts_nyc_data"
[0m11:24:27.672558 [debug] [ThreadPool]: On list_7shifts_nyc_data: BEGIN
[0m11:24:27.672733 [debug] [ThreadPool]: Opening a new connection, currently in state closed
[0m11:24:27.673099 [debug] [ThreadPool]: SQL status: OK in 0.000 seconds
[0m11:24:27.673270 [debug] [ThreadPool]: Using sqlite connection "list_7shifts_nyc_data"
[0m11:24:27.673436 [debug] [ThreadPool]: On list_7shifts_nyc_data: /* {"app": "dbt", "dbt_version": "1.10.22", "profile_name": "seven_shifts_project", "target_name": "dev", "connection_name": "list_7shifts_nyc_data"} */

        pragma database_list
    
[0m11:24:27.673607 [debug] [ThreadPool]: SQL status: OK in 0.000 seconds
[0m11:24:27.674210 [debug] [ThreadPool]: On list_7shifts_nyc_data: ROLLBACK
[0m11:24:27.674383 [debug] [ThreadPool]: On list_7shifts_nyc_data: Close
[0m11:24:27.675030 [debug] [ThreadPool]: Re-using an available connection from the pool (formerly list_7shifts_nyc_data, now list_7shifts_nyc_data_main)
[0m11:24:27.679914 [debug] [ThreadPool]: Using sqlite connection "list_7shifts_nyc_data_main"
[0m11:24:27.680132 [debug] [ThreadPool]: On list_7shifts_nyc_data_main: BEGIN
[0m11:24:27.680305 [debug] [ThreadPool]: Opening a new connection, currently in state closed
[0m11:24:27.680725 [debug] [ThreadPool]: SQL status: OK in 0.000 seconds
[0m11:24:27.680907 [debug] [ThreadPool]: Using sqlite connection "list_7shifts_nyc_data_main"
[0m11:24:27.681081 [debug] [ThreadPool]: On list_7shifts_nyc_data_main: /* {"app": "dbt", "dbt_version": "1.10.22", "profile_name": "seven_shifts_project", "target_name": "dev", "connection_name": "list_7shifts_nyc_data_main"} */

        pragma database_list
    
[0m11:24:27.681263 [debug] [ThreadPool]: SQL status: OK in 0.000 seconds
[0m11:24:27.681964 [debug] [ThreadPool]: Using sqlite connection "list_7shifts_nyc_data_main"
[0m11:24:27.682154 [debug] [ThreadPool]: On list_7shifts_nyc_data_main: /* {"app": "dbt", "dbt_version": "1.10.22", "profile_name": "seven_shifts_project", "target_name": "dev", "connection_name": "list_7shifts_nyc_data_main"} */

            SELECT
                '7shifts_nyc_data' as database
                ,name
                ,'main' AS schema
                ,type as data_type
            FROM
                main.sqlite_master
            WHERE
                name NOT LIKE 'sqlite_%'
        
[0m11:24:27.682358 [debug] [ThreadPool]: SQL status: OK in 0.000 seconds
[0m11:24:27.682982 [debug] [ThreadPool]: On list_7shifts_nyc_data_main: ROLLBACK
[0m11:24:27.683173 [debug] [ThreadPool]: On list_7shifts_nyc_data_main: Close
[0m11:24:27.683519 [debug] [ThreadPool]: Re-using an available connection from the pool (formerly list_7shifts_nyc_data_main, now list_7shifts_nyc_data_main_main)
[0m11:24:27.685393 [debug] [ThreadPool]: Using sqlite connection "list_7shifts_nyc_data_main_main"
[0m11:24:27.685587 [debug] [ThreadPool]: On list_7shifts_nyc_data_main_main: BEGIN
[0m11:24:27.685781 [debug] [ThreadPool]: Opening a new connection, currently in state closed
[0m11:24:27.686184 [debug] [ThreadPool]: SQL status: OK in 0.000 seconds
[0m11:24:27.686363 [debug] [ThreadPool]: Using sqlite connection "list_7shifts_nyc_data_main_main"
[0m11:24:27.686534 [debug] [ThreadPool]: On list_7shifts_nyc_data_main_main: /* {"app": "dbt", "dbt_version": "1.10.22", "profile_name": "seven_shifts_project", "target_name": "dev", "connection_name": "list_7shifts_nyc_data_main_main"} */

        pragma database_list
    
[0m11:24:27.686711 [debug] [ThreadPool]: SQL status: OK in 0.000 seconds
[0m11:24:27.687385 [debug] [ThreadPool]: Using sqlite connection "list_7shifts_nyc_data_main_main"
[0m11:24:27.687576 [debug] [ThreadPool]: On list_7shifts_nyc_data_main_main: /* {"app": "dbt", "dbt_version": "1.10.22", "profile_name": "seven_shifts_project", "target_name": "dev", "connection_name": "list_7shifts_nyc_data_main_main"} */

            SELECT
                '7shifts_nyc_data' as database
                ,name
                ,'main_main' AS schema
                ,type as data_type
            FROM
                main_main.sqlite_master
            WHERE
                name NOT LIKE 'sqlite_%'
        
[0m11:24:27.687775 [debug] [ThreadPool]: SQL status: OK in 0.000 seconds
[0m11:24:27.688306 [debug] [ThreadPool]: On list_7shifts_nyc_data_main_main: ROLLBACK
[0m11:24:27.688481 [debug] [ThreadPool]: On list_7shifts_nyc_data_main_main: Close
[0m11:24:27.688798 [debug] [MainThread]: Sending event: {'category': 'dbt', 'action': 'runnable_timing', 'label': '09f70e27-3875-4011-bae1-9a5f72ad1426', 'context': [<snowplow_tracker.self_describing_json.SelfDescribingJson object at 0x1053a83a0>]}
[0m11:24:27.689078 [debug] [MainThread]: Using sqlite connection "master"
[0m11:24:27.689250 [debug] [MainThread]: On master: BEGIN
[0m11:24:27.689407 [debug] [MainThread]: Opening a new connection, currently in state init
[0m11:24:27.689753 [debug] [MainThread]: SQL status: OK in 0.000 seconds
[0m11:24:27.689920 [debug] [MainThread]: On master: COMMIT
[0m11:24:27.690083 [debug] [MainThread]: Using sqlite connection "master"
[0m11:24:27.690240 [debug] [MainThread]: On master: COMMIT
[0m11:24:27.690401 [debug] [MainThread]: SQL status: OK in 0.000 seconds
[0m11:24:27.690588 [debug] [MainThread]: On master: Close
[0m11:24:27.691860 [debug] [Thread-1  ]: Began running node model.seven_shifts_project.stg_companies
[0m11:24:27.692158 [info ] [Thread-1  ]: 1 of 4 START sql view model main.stg_companies ................................. [RUN]
[0m11:24:27.692424 [debug] [Thread-1  ]: Re-using an available connection from the pool (formerly list_7shifts_nyc_data_main_main, now model.seven_shifts_project.stg_companies)
[0m11:24:27.692650 [debug] [Thread-1  ]: Began compiling node model.seven_shifts_project.stg_companies
[0m11:24:27.698570 [debug] [Thread-1  ]: Writing injected SQL for node "model.seven_shifts_project.stg_companies"
[0m11:24:27.699228 [debug] [Thread-1  ]: Began executing node model.seven_shifts_project.stg_companies
[0m11:24:27.708193 [debug] [Thread-1  ]: Writing runtime sql for node "model.seven_shifts_project.stg_companies"
[0m11:24:27.708643 [debug] [Thread-1  ]: Using sqlite connection "model.seven_shifts_project.stg_companies"
[0m11:24:27.708871 [debug] [Thread-1  ]: On model.seven_shifts_project.stg_companies: BEGIN
[0m11:24:27.709072 [debug] [Thread-1  ]: Opening a new connection, currently in state closed
[0m11:24:27.709577 [debug] [Thread-1  ]: SQL status: OK in 0.000 seconds
[0m11:24:27.709782 [debug] [Thread-1  ]: Using sqlite connection "model.seven_shifts_project.stg_companies"
[0m11:24:27.709995 [debug] [Thread-1  ]: On model.seven_shifts_project.stg_companies: /* {"app": "dbt", "dbt_version": "1.10.22", "profile_name": "seven_shifts_project", "target_name": "dev", "node_id": "model.seven_shifts_project.stg_companies"} */

    
    create view main."stg_companies" as
    SELECT * FROM main."companies";
[0m11:24:27.710365 [debug] [Thread-1  ]: SQL status: OK in 0.000 seconds
[0m11:24:27.714034 [debug] [Thread-1  ]: On model.seven_shifts_project.stg_companies: COMMIT
[0m11:24:27.714272 [debug] [Thread-1  ]: Using sqlite connection "model.seven_shifts_project.stg_companies"
[0m11:24:27.714475 [debug] [Thread-1  ]: On model.seven_shifts_project.stg_companies: COMMIT
[0m11:24:27.714925 [debug] [Thread-1  ]: SQL status: OK in 0.000 seconds
[0m11:24:27.716541 [debug] [Thread-1  ]: On model.seven_shifts_project.stg_companies: Close
[0m11:24:27.717646 [debug] [Thread-1  ]: Sending event: {'category': 'dbt', 'action': 'run_model', 'label': '09f70e27-3875-4011-bae1-9a5f72ad1426', 'context': [<snowplow_tracker.self_describing_json.SelfDescribingJson object at 0x10722afd0>]}
[0m11:24:27.718023 [info ] [Thread-1  ]: 1 of 4 OK created sql view model main.stg_companies ............................ [[32mOK[0m in 0.02s]
[0m11:24:27.718368 [debug] [Thread-1  ]: Finished running node model.seven_shifts_project.stg_companies
[0m11:24:27.718612 [debug] [Thread-1  ]: Began running node model.seven_shifts_project.stg_crm_accounts
[0m11:24:27.718926 [info ] [Thread-1  ]: 2 of 4 START sql view model main.stg_crm_accounts .............................. [RUN]
[0m11:24:27.719190 [debug] [Thread-1  ]: Re-using an available connection from the pool (formerly model.seven_shifts_project.stg_companies, now model.seven_shifts_project.stg_crm_accounts)
[0m11:24:27.719411 [debug] [Thread-1  ]: Began compiling node model.seven_shifts_project.stg_crm_accounts
[0m11:24:27.721204 [debug] [Thread-1  ]: Writing injected SQL for node "model.seven_shifts_project.stg_crm_accounts"
[0m11:24:27.721715 [debug] [Thread-1  ]: Began executing node model.seven_shifts_project.stg_crm_accounts
[0m11:24:27.724055 [debug] [Thread-1  ]: Writing runtime sql for node "model.seven_shifts_project.stg_crm_accounts"
[0m11:24:27.724483 [debug] [Thread-1  ]: Using sqlite connection "model.seven_shifts_project.stg_crm_accounts"
[0m11:24:27.724711 [debug] [Thread-1  ]: On model.seven_shifts_project.stg_crm_accounts: BEGIN
[0m11:24:27.724923 [debug] [Thread-1  ]: Opening a new connection, currently in state closed
[0m11:24:27.725383 [debug] [Thread-1  ]: SQL status: OK in 0.000 seconds
[0m11:24:27.725605 [debug] [Thread-1  ]: Using sqlite connection "model.seven_shifts_project.stg_crm_accounts"
[0m11:24:27.725821 [debug] [Thread-1  ]: On model.seven_shifts_project.stg_crm_accounts: /* {"app": "dbt", "dbt_version": "1.10.22", "profile_name": "seven_shifts_project", "target_name": "dev", "node_id": "model.seven_shifts_project.stg_crm_accounts"} */

    
    create view main."stg_crm_accounts" as
    SELECT * FROM main."crm_accounts";
[0m11:24:27.726174 [debug] [Thread-1  ]: SQL status: OK in 0.000 seconds
[0m11:24:27.726820 [debug] [Thread-1  ]: On model.seven_shifts_project.stg_crm_accounts: COMMIT
[0m11:24:27.727022 [debug] [Thread-1  ]: Using sqlite connection "model.seven_shifts_project.stg_crm_accounts"
[0m11:24:27.727212 [debug] [Thread-1  ]: On model.seven_shifts_project.stg_crm_accounts: COMMIT
[0m11:24:27.727600 [debug] [Thread-1  ]: SQL status: OK in 0.000 seconds
[0m11:24:27.728000 [debug] [Thread-1  ]: On model.seven_shifts_project.stg_crm_accounts: Close
[0m11:24:27.728351 [debug] [Thread-1  ]: Sending event: {'category': 'dbt', 'action': 'run_model', 'label': '09f70e27-3875-4011-bae1-9a5f72ad1426', 'context': [<snowplow_tracker.self_describing_json.SelfDescribingJson object at 0x10405e190>]}
[0m11:24:27.728709 [info ] [Thread-1  ]: 2 of 4 OK created sql view model main.stg_crm_accounts ......................... [[32mOK[0m in 0.01s]
[0m11:24:27.729038 [debug] [Thread-1  ]: Finished running node model.seven_shifts_project.stg_crm_accounts
[0m11:24:27.729387 [debug] [Thread-1  ]: Began running node model.seven_shifts_project.stg_locations
[0m11:24:27.729823 [info ] [Thread-1  ]: 3 of 4 START sql view model main.stg_locations ................................. [RUN]
[0m11:24:27.730102 [debug] [Thread-1  ]: Re-using an available connection from the pool (formerly model.seven_shifts_project.stg_crm_accounts, now model.seven_shifts_project.stg_locations)
[0m11:24:27.730328 [debug] [Thread-1  ]: Began compiling node model.seven_shifts_project.stg_locations
[0m11:24:27.732111 [debug] [Thread-1  ]: Writing injected SQL for node "model.seven_shifts_project.stg_locations"
[0m11:24:27.732598 [debug] [Thread-1  ]: Began executing node model.seven_shifts_project.stg_locations
[0m11:24:27.734291 [debug] [Thread-1  ]: Writing runtime sql for node "model.seven_shifts_project.stg_locations"
[0m11:24:27.734788 [debug] [Thread-1  ]: Using sqlite connection "model.seven_shifts_project.stg_locations"
[0m11:24:27.735003 [debug] [Thread-1  ]: On model.seven_shifts_project.stg_locations: BEGIN
[0m11:24:27.735207 [debug] [Thread-1  ]: Opening a new connection, currently in state closed
[0m11:24:27.735668 [debug] [Thread-1  ]: SQL status: OK in 0.000 seconds
[0m11:24:27.735875 [debug] [Thread-1  ]: Using sqlite connection "model.seven_shifts_project.stg_locations"
[0m11:24:27.736081 [debug] [Thread-1  ]: On model.seven_shifts_project.stg_locations: /* {"app": "dbt", "dbt_version": "1.10.22", "profile_name": "seven_shifts_project", "target_name": "dev", "node_id": "model.seven_shifts_project.stg_locations"} */

    
    create view main."stg_locations" as
    SELECT * FROM main."locations";
[0m11:24:27.736453 [debug] [Thread-1  ]: SQL status: OK in 0.000 seconds
[0m11:24:27.737137 [debug] [Thread-1  ]: On model.seven_shifts_project.stg_locations: COMMIT
[0m11:24:27.737346 [debug] [Thread-1  ]: Using sqlite connection "model.seven_shifts_project.stg_locations"
[0m11:24:27.737537 [debug] [Thread-1  ]: On model.seven_shifts_project.stg_locations: COMMIT
[0m11:24:27.737948 [debug] [Thread-1  ]: SQL status: OK in 0.000 seconds
[0m11:24:27.738352 [debug] [Thread-1  ]: On model.seven_shifts_project.stg_locations: Close
[0m11:24:27.738666 [debug] [Thread-1  ]: Sending event: {'category': 'dbt', 'action': 'run_model', 'label': '09f70e27-3875-4011-bae1-9a5f72ad1426', 'context': [<snowplow_tracker.self_describing_json.SelfDescribingJson object at 0x107368130>]}
[0m11:24:27.738995 [info ] [Thread-1  ]: 3 of 4 OK created sql view model main.stg_locations ............................ [[32mOK[0m in 0.01s]
[0m11:24:27.739320 [debug] [Thread-1  ]: Finished running node model.seven_shifts_project.stg_locations
[0m11:24:27.739704 [debug] [Thread-1  ]: Began running node model.seven_shifts_project.fct_vendor_signals
[0m11:24:27.740057 [info ] [Thread-1  ]: 4 of 4 START sql table model main_main.fct_vendor_signals ...................... [RUN]
[0m11:24:27.740339 [debug] [Thread-1  ]: Re-using an available connection from the pool (formerly model.seven_shifts_project.stg_locations, now model.seven_shifts_project.fct_vendor_signals)
[0m11:24:27.740565 [debug] [Thread-1  ]: Began compiling node model.seven_shifts_project.fct_vendor_signals
[0m11:24:27.743862 [debug] [Thread-1  ]: Writing injected SQL for node "model.seven_shifts_project.fct_vendor_signals"
[0m11:24:27.744241 [debug] [Thread-1  ]: Began executing node model.seven_shifts_project.fct_vendor_signals
[0m11:24:27.752261 [debug] [Thread-1  ]: Writing runtime sql for node "model.seven_shifts_project.fct_vendor_signals"
[0m11:24:27.752884 [debug] [Thread-1  ]: Using sqlite connection "model.seven_shifts_project.fct_vendor_signals"
[0m11:24:27.753128 [debug] [Thread-1  ]: On model.seven_shifts_project.fct_vendor_signals: BEGIN
[0m11:24:27.753328 [debug] [Thread-1  ]: Opening a new connection, currently in state closed
[0m11:24:27.753801 [debug] [Thread-1  ]: SQL status: OK in 0.000 seconds
[0m11:24:27.754002 [debug] [Thread-1  ]: Using sqlite connection "model.seven_shifts_project.fct_vendor_signals"
[0m11:24:27.754293 [debug] [Thread-1  ]: On model.seven_shifts_project.fct_vendor_signals: /* {"app": "dbt", "dbt_version": "1.10.22", "profile_name": "seven_shifts_project", "target_name": "dev", "node_id": "model.seven_shifts_project.fct_vendor_signals"} */

  
    
    
    create  table main_main."fct_vendor_signals"
    as
        

WITH crm AS (
    SELECT 
        company_id,
        company_name,
        LOWER(REPLACE(REPLACE(domain, 'www.', ''), 'https://', '')) AS clean_domain,
        plan_name AS crm_plan,
        locations_in_7shifts AS crm_location_count
    FROM main."stg_crm_accounts"
),

vendor_signals AS (
    SELECT 
        c.account_id AS vendor_id,
        c.company_name AS vendor_name,
        c.website AS vendor_website,
        LOWER(REPLACE(REPLACE(c.website, 'www.', ''), 'https://', '')) AS clean_domain,
        c.num_locations AS global_location_count,
        c.pos_vendor AS vendor_pos,
        SUM(CASE WHEN l.city IN ('New York', 'Brooklyn', 'Queens', 'Bronx', 'Staten Island') THEN 1 ELSE 0 END) AS total_nyc_locations,
        ROUND(AVG(CASE WHEN l.city IN ('New York', 'Brooklyn', 'Queens', 'Bronx', 'Staten Island') THEN l.review_rating ELSE NULL END), 1) AS avg_nyc_rating,
        GROUP_CONCAT(DISTINCT LOWER(l.cuisine_type)) AS cuisines
    FROM main."stg_companies" c
    LEFT JOIN main."stg_locations" l ON c.account_id = l.account_id
    GROUP BY c.account_id, c.company_name, c.website, c.num_locations, c.pos_vendor
),

master_join AS (
    SELECT 
        COALESCE(c.clean_domain, v.clean_domain) AS primary_domain,
        c.company_id,
        c.company_name AS crm_name,
        c.crm_plan,
        c.crm_location_count,
        v.vendor_id,
        v.vendor_name,
        v.vendor_website,
        v.global_location_count,
        v.total_nyc_locations,
        v.avg_nyc_rating,
        v.vendor_pos,
        v.cuisines,
        (COALESCE(v.global_location_count, 0) - COALESCE(c.crm_location_count, 0)) AS location_whitespace
    FROM crm c
    LEFT JOIN vendor_signals v ON c.clean_domain = v.clean_domain
    UNION
    SELECT 
        v.clean_domain,
        c.company_id,
        c.company_name,
        c.crm_plan,
        c.crm_location_count,
        v.vendor_id,
        v.vendor_name,
        v.vendor_website,
        v.global_location_count,
        v.total_nyc_locations,
        v.avg_nyc_rating,
        v.vendor_pos,
        v.cuisines,
        (COALESCE(v.global_location_count, 0) - COALESCE(c.crm_location_count, 0))
    FROM vendor_signals v
    LEFT JOIN crm c ON v.clean_domain = c.clean_domain
)

SELECT 
    primary_domain, 
    company_id, 
    crm_name, 
    crm_plan, 
    crm_location_count, 
    vendor_id, 
    vendor_name, 
    vendor_website, 
    global_location_count, 
    total_nyc_locations, 
    avg_nyc_rating, 
    vendor_pos, 
    cuisines, 
    location_whitespace,
    CASE 
        WHEN company_id IS NOT NULL AND total_nyc_locations >= 3 AND avg_nyc_rating >= 4.0 THEN 'CREDIBLE_PARTNER'
        WHEN company_id IS NOT NULL AND (location_whitespace >= 2 OR crm_plan IN ('Essentials', 'Comp')) THEN 'EXPANSION_OPPORTUNITY'
        WHEN company_id IS NULL AND total_nyc_locations >= 1 THEN 'NET_NEW_TARGET'
        ELSE 'UNCLASSIFIED'
    END AS gtm_segment
FROM master_join
WHERE (global_location_count <= 50 OR global_location_count IS NULL)
  AND (cuisines NOT LIKE '%pharmacy%' AND cuisines NOT LIKE '%cvs%' AND cuisines NOT LIKE '%apparel%'
       AND cuisines NOT LIKE '%convenience%' AND cuisines NOT LIKE '%grocery%' AND cuisines NOT LIKE '%supermarket%'
       AND cuisines NOT LIKE '%department store%')
  AND CASE 
        WHEN company_id IS NOT NULL AND total_nyc_locations >= 3 AND avg_nyc_rating >= 4.0 THEN 'CREDIBLE_PARTNER'
        WHEN company_id IS NOT NULL AND (location_whitespace >= 2 OR crm_plan IN ('Essentials', 'Comp')) THEN 'EXPANSION_OPPORTUNITY'
        WHEN company_id IS NULL AND total_nyc_locations >= 1 THEN 'NET_NEW_TARGET'
        ELSE 'UNCLASSIFIED'
      END != 'UNCLASSIFIED'

  
[0m11:24:27.790225 [debug] [Thread-1  ]: SQL status: OK in 0.036 seconds
[0m11:24:27.791138 [debug] [Thread-1  ]: On model.seven_shifts_project.fct_vendor_signals: COMMIT
[0m11:24:27.791378 [debug] [Thread-1  ]: Using sqlite connection "model.seven_shifts_project.fct_vendor_signals"
[0m11:24:27.791586 [debug] [Thread-1  ]: On model.seven_shifts_project.fct_vendor_signals: COMMIT
[0m11:24:27.792494 [debug] [Thread-1  ]: SQL status: OK in 0.001 seconds
[0m11:24:27.792931 [debug] [Thread-1  ]: On model.seven_shifts_project.fct_vendor_signals: Close
[0m11:24:27.793665 [debug] [Thread-1  ]: Sending event: {'category': 'dbt', 'action': 'run_model', 'label': '09f70e27-3875-4011-bae1-9a5f72ad1426', 'context': [<snowplow_tracker.self_describing_json.SelfDescribingJson object at 0x1057e1130>]}
[0m11:24:27.794067 [info ] [Thread-1  ]: 4 of 4 OK created sql table model main_main.fct_vendor_signals ................. [[32mOK[0m in 0.05s]
[0m11:24:27.794449 [debug] [Thread-1  ]: Finished running node model.seven_shifts_project.fct_vendor_signals
[0m11:24:27.795054 [debug] [MainThread]: Using sqlite connection "master"
[0m11:24:27.795270 [debug] [MainThread]: On master: BEGIN
[0m11:24:27.795448 [debug] [MainThread]: Opening a new connection, currently in state closed
[0m11:24:27.795896 [debug] [MainThread]: SQL status: OK in 0.000 seconds
[0m11:24:27.796077 [debug] [MainThread]: On master: COMMIT
[0m11:24:27.796248 [debug] [MainThread]: Using sqlite connection "master"
[0m11:24:27.796410 [debug] [MainThread]: On master: COMMIT
[0m11:24:27.796723 [debug] [MainThread]: SQL status: OK in 0.000 seconds
[0m11:24:27.796953 [debug] [MainThread]: On master: Close
[0m11:24:27.797227 [debug] [MainThread]: Connection 'master' was properly closed.
[0m11:24:27.797397 [debug] [MainThread]: Connection 'model.seven_shifts_project.fct_vendor_signals' was properly closed.
[0m11:24:27.797607 [info ] [MainThread]: 
[0m11:24:27.797813 [info ] [MainThread]: Finished running 1 table model, 3 view models in 0 hours 0 minutes and 0.17 seconds (0.17s).
[0m11:24:27.798402 [debug] [MainThread]: Command end result
[0m11:24:27.811515 [debug] [MainThread]: Wrote artifact WritableManifest to /Users/nicholaschong/Projects/7shifts_summit_project/seven_shifts_project/target/manifest.json
[0m11:24:27.812569 [debug] [MainThread]: Wrote artifact SemanticManifest to /Users/nicholaschong/Projects/7shifts_summit_project/seven_shifts_project/target/semantic_manifest.json
[0m11:24:27.817099 [debug] [MainThread]: Wrote artifact RunExecutionResult to /Users/nicholaschong/Projects/7shifts_summit_project/seven_shifts_project/target/run_results.json
[0m11:24:27.817334 [info ] [MainThread]: 
[0m11:24:27.817574 [info ] [MainThread]: [32mCompleted successfully[0m
[0m11:24:27.817771 [info ] [MainThread]: 
[0m11:24:27.817980 [info ] [MainThread]: Done. PASS=4 WARN=0 ERROR=0 SKIP=0 NO-OP=0 TOTAL=4
[0m11:24:27.819832 [debug] [MainThread]: Resource report: {"command_name": "run", "command_success": true, "command_wall_clock_time": 0.7720582, "process_in_blocks": "0", "process_kernel_time": 0.184609, "process_mem_max_rss": "130187264", "process_out_blocks": "0", "process_user_time": 1.356391}
[0m11:24:27.820084 [debug] [MainThread]: Command `dbt run` succeeded at 11:24:27.820040 after 0.77 seconds
[0m11:24:27.820306 [debug] [MainThread]: Sending event: {'category': 'dbt', 'action': 'invocation', 'label': 'end', 'context': [<snowplow_tracker.self_describing_json.SelfDescribingJson object at 0x104175dc0>, <snowplow_tracker.self_describing_json.SelfDescribingJson object at 0x10550ae80>, <snowplow_tracker.self_describing_json.SelfDescribingJson object at 0x106b2da00>]}
[0m11:24:27.820522 [debug] [MainThread]: Flushing usage events
[0m11:24:27.981198 [debug] [MainThread]: An error was encountered while trying to flush usage events
[0m11:30:23.926911 [debug] [MainThread]: Sending event: {'category': 'dbt', 'action': 'invocation', 'label': 'start', 'context': [<snowplow_tracker.self_describing_json.SelfDescribingJson object at 0x103f09df0>, <snowplow_tracker.self_describing_json.SelfDescribingJson object at 0x104f9a190>, <snowplow_tracker.self_describing_json.SelfDescribingJson object at 0x104f9a490>]}


============================== 11:30:23.929595 | 272a1948-7bb2-479a-9857-fdf437e12126 ==============================
[0m11:30:23.929595 [info ] [MainThread]: Running with dbt=1.10.22
[0m11:30:23.929945 [debug] [MainThread]: running dbt with arguments {'printer_width': '80', 'indirect_selection': 'eager', 'write_json': 'True', 'log_cache_events': 'False', 'partial_parse': 'True', 'cache_selected_only': 'False', 'warn_error': 'None', 'debug': 'False', 'version_check': 'True', 'log_path': '/Users/nicholaschong/Projects/7shifts_summit_project/seven_shifts_project/logs', 'fail_fast': 'False', 'profiles_dir': '/Users/nicholaschong/.dbt', 'use_colors': 'True', 'use_experimental_parser': 'False', 'no_print': 'None', 'quiet': 'False', 'empty': 'False', 'warn_error_options': 'WarnErrorOptionsV2(error=[], warn=[], silence=[])', 'invocation_command': 'dbt run --full-refresh', 'introspect': 'True', 'log_format': 'default', 'target_path': 'None', 'static_parser': 'True', 'send_anonymous_usage_stats': 'True'}
[0m11:30:24.016425 [debug] [MainThread]: Sending event: {'category': 'dbt', 'action': 'project_id', 'label': '272a1948-7bb2-479a-9857-fdf437e12126', 'context': [<snowplow_tracker.self_describing_json.SelfDescribingJson object at 0x104877ac0>]}
[0m11:30:24.050740 [debug] [MainThread]: Sending event: {'category': 'dbt', 'action': 'adapter_info', 'label': '272a1948-7bb2-479a-9857-fdf437e12126', 'context': [<snowplow_tracker.self_describing_json.SelfDescribingJson object at 0x104fe5f10>]}
[0m11:30:24.051424 [info ] [MainThread]: Registered adapter: sqlite=1.10.0
[0m11:30:24.122802 [debug] [MainThread]: checksum: 04c83ee057a648a2f8e380c895ffead170732fa039f068d62b9d36aaeefaf7cc, vars: {}, profile: , target: , version: 1.10.22
[0m11:30:24.181404 [info ] [MainThread]: Unable to do partial parsing because a project config has changed
[0m11:30:24.181721 [debug] [MainThread]: Sending event: {'category': 'dbt', 'action': 'partial_parser', 'label': '272a1948-7bb2-479a-9857-fdf437e12126', 'context': [<snowplow_tracker.self_describing_json.SelfDescribingJson object at 0x1041fbf10>]}
[0m11:30:24.833950 [debug] [MainThread]: Sending event: {'category': 'dbt', 'action': 'load_project', 'label': '272a1948-7bb2-479a-9857-fdf437e12126', 'context': [<snowplow_tracker.self_describing_json.SelfDescribingJson object at 0x1057a5fa0>]}
[0m11:30:24.878825 [debug] [MainThread]: Wrote artifact WritableManifest to /Users/nicholaschong/Projects/7shifts_summit_project/seven_shifts_project/target/manifest.json
[0m11:30:24.880197 [debug] [MainThread]: Wrote artifact SemanticManifest to /Users/nicholaschong/Projects/7shifts_summit_project/seven_shifts_project/target/semantic_manifest.json
[0m11:30:24.891660 [debug] [MainThread]: Sending event: {'category': 'dbt', 'action': 'resource_counts', 'label': '272a1948-7bb2-479a-9857-fdf437e12126', 'context': [<snowplow_tracker.self_describing_json.SelfDescribingJson object at 0x105813ca0>]}
[0m11:30:24.891965 [info ] [MainThread]: Found 4 models, 3 sources, 416 macros
[0m11:30:24.892194 [debug] [MainThread]: Sending event: {'category': 'dbt', 'action': 'runnable_timing', 'label': '272a1948-7bb2-479a-9857-fdf437e12126', 'context': [<snowplow_tracker.self_describing_json.SelfDescribingJson object at 0x1050cc400>]}
[0m11:30:24.893023 [info ] [MainThread]: 
[0m11:30:24.893245 [info ] [MainThread]: Concurrency: 1 threads (target='dev')
[0m11:30:24.893431 [info ] [MainThread]: 
[0m11:30:24.893718 [debug] [MainThread]: Acquiring new sqlite connection 'master'
[0m11:30:24.896840 [debug] [ThreadPool]: Acquiring new sqlite connection 'list_7shifts_nyc_data'
[0m11:30:24.958768 [debug] [ThreadPool]: Using sqlite connection "list_7shifts_nyc_data"
[0m11:30:24.959072 [debug] [ThreadPool]: On list_7shifts_nyc_data: BEGIN
[0m11:30:24.959272 [debug] [ThreadPool]: Opening a new connection, currently in state init
[0m11:30:24.961486 [debug] [ThreadPool]: SQL status: OK in 0.002 seconds
[0m11:30:24.961929 [debug] [ThreadPool]: Using sqlite connection "list_7shifts_nyc_data"
[0m11:30:24.962297 [debug] [ThreadPool]: On list_7shifts_nyc_data: /* {"app": "dbt", "dbt_version": "1.10.22", "profile_name": "seven_shifts_project", "target_name": "dev", "connection_name": "list_7shifts_nyc_data"} */

        pragma database_list
    
[0m11:30:24.962585 [debug] [ThreadPool]: SQL status: OK in 0.000 seconds
[0m11:30:24.963364 [debug] [ThreadPool]: On list_7shifts_nyc_data: ROLLBACK
[0m11:30:24.963575 [debug] [ThreadPool]: On list_7shifts_nyc_data: Close
[0m11:30:24.965259 [debug] [ThreadPool]: Using sqlite connection "list_7shifts_nyc_data"
[0m11:30:24.965469 [debug] [ThreadPool]: On list_7shifts_nyc_data: BEGIN
[0m11:30:24.965646 [debug] [ThreadPool]: Opening a new connection, currently in state closed
[0m11:30:24.965948 [debug] [ThreadPool]: SQL status: OK in 0.000 seconds
[0m11:30:24.966116 [debug] [ThreadPool]: Using sqlite connection "list_7shifts_nyc_data"
[0m11:30:24.966284 [debug] [ThreadPool]: On list_7shifts_nyc_data: /* {"app": "dbt", "dbt_version": "1.10.22", "profile_name": "seven_shifts_project", "target_name": "dev", "connection_name": "list_7shifts_nyc_data"} */

        pragma database_list
    
[0m11:30:24.966459 [debug] [ThreadPool]: SQL status: OK in 0.000 seconds
[0m11:30:24.967065 [debug] [ThreadPool]: On list_7shifts_nyc_data: ROLLBACK
[0m11:30:24.967250 [debug] [ThreadPool]: On list_7shifts_nyc_data: Close
[0m11:30:24.967602 [debug] [ThreadPool]: Re-using an available connection from the pool (formerly list_7shifts_nyc_data, now create_7shifts_nyc_data_main_main)
[0m11:30:24.967894 [debug] [ThreadPool]: Creating schema "database: "7shifts_nyc_data"
schema: "main_main"
"
[0m11:30:24.971731 [debug] [ThreadPool]: Using sqlite connection "create_7shifts_nyc_data_main_main"
[0m11:30:24.971931 [debug] [ThreadPool]: On create_7shifts_nyc_data_main_main: BEGIN
[0m11:30:24.972100 [debug] [ThreadPool]: Opening a new connection, currently in state closed
[0m11:30:24.972372 [debug] [ThreadPool]: SQL status: OK in 0.000 seconds
[0m11:30:24.972543 [debug] [ThreadPool]: Using sqlite connection "create_7shifts_nyc_data_main_main"
[0m11:30:24.972713 [debug] [ThreadPool]: On create_7shifts_nyc_data_main_main: /* {"app": "dbt", "dbt_version": "1.10.22", "profile_name": "seven_shifts_project", "target_name": "dev", "connection_name": "create_7shifts_nyc_data_main_main"} */
attach database '/Users/nicholaschong/Projects/7shifts_summit_project/data/main_main.db' as main_main
[0m11:30:24.973077 [debug] [ThreadPool]: SQL status: OK in 0.000 seconds
[0m11:30:24.973555 [debug] [ThreadPool]: On create_7shifts_nyc_data_main_main: COMMIT
[0m11:30:24.973735 [debug] [ThreadPool]: Using sqlite connection "create_7shifts_nyc_data_main_main"
[0m11:30:24.973902 [debug] [ThreadPool]: On create_7shifts_nyc_data_main_main: COMMIT
[0m11:30:24.974069 [debug] [ThreadPool]: SQL status: OK in 0.000 seconds
[0m11:30:24.974233 [debug] [ThreadPool]: On create_7shifts_nyc_data_main_main: Close
[0m11:30:24.974893 [debug] [ThreadPool]: Re-using an available connection from the pool (formerly create_7shifts_nyc_data_main_main, now list_7shifts_nyc_data_main_main)
[0m11:30:24.979438 [debug] [ThreadPool]: Using sqlite connection "list_7shifts_nyc_data_main_main"
[0m11:30:24.979628 [debug] [ThreadPool]: On list_7shifts_nyc_data_main_main: BEGIN
[0m11:30:24.979795 [debug] [ThreadPool]: Opening a new connection, currently in state closed
[0m11:30:24.980183 [debug] [ThreadPool]: SQL status: OK in 0.000 seconds
[0m11:30:24.980360 [debug] [ThreadPool]: Using sqlite connection "list_7shifts_nyc_data_main_main"
[0m11:30:24.980535 [debug] [ThreadPool]: On list_7shifts_nyc_data_main_main: /* {"app": "dbt", "dbt_version": "1.10.22", "profile_name": "seven_shifts_project", "target_name": "dev", "connection_name": "list_7shifts_nyc_data_main_main"} */

        pragma database_list
    
[0m11:30:24.980714 [debug] [ThreadPool]: SQL status: OK in 0.000 seconds
[0m11:30:24.981435 [debug] [ThreadPool]: Using sqlite connection "list_7shifts_nyc_data_main_main"
[0m11:30:24.981628 [debug] [ThreadPool]: On list_7shifts_nyc_data_main_main: /* {"app": "dbt", "dbt_version": "1.10.22", "profile_name": "seven_shifts_project", "target_name": "dev", "connection_name": "list_7shifts_nyc_data_main_main"} */

            SELECT
                '7shifts_nyc_data' as database
                ,name
                ,'main_main' AS schema
                ,type as data_type
            FROM
                main_main.sqlite_master
            WHERE
                name NOT LIKE 'sqlite_%'
        
[0m11:30:24.981833 [debug] [ThreadPool]: SQL status: OK in 0.000 seconds
[0m11:30:24.982381 [debug] [ThreadPool]: On list_7shifts_nyc_data_main_main: ROLLBACK
[0m11:30:24.982568 [debug] [ThreadPool]: On list_7shifts_nyc_data_main_main: Close
[0m11:30:24.982885 [debug] [ThreadPool]: Re-using an available connection from the pool (formerly list_7shifts_nyc_data_main_main, now list_7shifts_nyc_data_main)
[0m11:30:24.984831 [debug] [ThreadPool]: Using sqlite connection "list_7shifts_nyc_data_main"
[0m11:30:24.985066 [debug] [ThreadPool]: On list_7shifts_nyc_data_main: BEGIN
[0m11:30:24.985234 [debug] [ThreadPool]: Opening a new connection, currently in state closed
[0m11:30:24.985584 [debug] [ThreadPool]: SQL status: OK in 0.000 seconds
[0m11:30:24.985754 [debug] [ThreadPool]: Using sqlite connection "list_7shifts_nyc_data_main"
[0m11:30:24.985920 [debug] [ThreadPool]: On list_7shifts_nyc_data_main: /* {"app": "dbt", "dbt_version": "1.10.22", "profile_name": "seven_shifts_project", "target_name": "dev", "connection_name": "list_7shifts_nyc_data_main"} */

        pragma database_list
    
[0m11:30:24.986094 [debug] [ThreadPool]: SQL status: OK in 0.000 seconds
[0m11:30:24.986797 [debug] [ThreadPool]: Using sqlite connection "list_7shifts_nyc_data_main"
[0m11:30:24.986986 [debug] [ThreadPool]: On list_7shifts_nyc_data_main: /* {"app": "dbt", "dbt_version": "1.10.22", "profile_name": "seven_shifts_project", "target_name": "dev", "connection_name": "list_7shifts_nyc_data_main"} */

            SELECT
                '7shifts_nyc_data' as database
                ,name
                ,'main' AS schema
                ,type as data_type
            FROM
                main.sqlite_master
            WHERE
                name NOT LIKE 'sqlite_%'
        
[0m11:30:24.987185 [debug] [ThreadPool]: SQL status: OK in 0.000 seconds
[0m11:30:24.987786 [debug] [ThreadPool]: On list_7shifts_nyc_data_main: ROLLBACK
[0m11:30:24.987964 [debug] [ThreadPool]: On list_7shifts_nyc_data_main: Close
[0m11:30:24.988515 [debug] [MainThread]: Sending event: {'category': 'dbt', 'action': 'runnable_timing', 'label': '272a1948-7bb2-479a-9857-fdf437e12126', 'context': [<snowplow_tracker.self_describing_json.SelfDescribingJson object at 0x105831d30>]}
[0m11:30:24.988773 [debug] [MainThread]: Using sqlite connection "master"
[0m11:30:24.988942 [debug] [MainThread]: On master: BEGIN
[0m11:30:24.989105 [debug] [MainThread]: Opening a new connection, currently in state init
[0m11:30:24.989438 [debug] [MainThread]: SQL status: OK in 0.000 seconds
[0m11:30:24.989613 [debug] [MainThread]: On master: COMMIT
[0m11:30:24.989787 [debug] [MainThread]: Using sqlite connection "master"
[0m11:30:24.989951 [debug] [MainThread]: On master: COMMIT
[0m11:30:24.990117 [debug] [MainThread]: SQL status: OK in 0.000 seconds
[0m11:30:24.990285 [debug] [MainThread]: On master: Close
[0m11:30:24.991623 [debug] [Thread-1  ]: Began running node model.seven_shifts_project.stg_companies
[0m11:30:24.991914 [info ] [Thread-1  ]: 1 of 4 START sql view model main.stg_companies ................................. [RUN]
[0m11:30:24.992208 [debug] [Thread-1  ]: Re-using an available connection from the pool (formerly list_7shifts_nyc_data_main, now model.seven_shifts_project.stg_companies)
[0m11:30:24.992460 [debug] [Thread-1  ]: Began compiling node model.seven_shifts_project.stg_companies
[0m11:30:24.998228 [debug] [Thread-1  ]: Writing injected SQL for node "model.seven_shifts_project.stg_companies"
[0m11:30:24.999022 [debug] [Thread-1  ]: Began executing node model.seven_shifts_project.stg_companies
[0m11:30:25.008318 [debug] [Thread-1  ]: Writing runtime sql for node "model.seven_shifts_project.stg_companies"
[0m11:30:25.008793 [debug] [Thread-1  ]: Using sqlite connection "model.seven_shifts_project.stg_companies"
[0m11:30:25.009040 [debug] [Thread-1  ]: On model.seven_shifts_project.stg_companies: BEGIN
[0m11:30:25.009260 [debug] [Thread-1  ]: Opening a new connection, currently in state closed
[0m11:30:25.009769 [debug] [Thread-1  ]: SQL status: OK in 0.001 seconds
[0m11:30:25.009982 [debug] [Thread-1  ]: Using sqlite connection "model.seven_shifts_project.stg_companies"
[0m11:30:25.010186 [debug] [Thread-1  ]: On model.seven_shifts_project.stg_companies: /* {"app": "dbt", "dbt_version": "1.10.22", "profile_name": "seven_shifts_project", "target_name": "dev", "node_id": "model.seven_shifts_project.stg_companies"} */

    
    create view main."stg_companies" as
    SELECT * FROM main."companies";
[0m11:30:25.010556 [debug] [Thread-1  ]: SQL status: OK in 0.000 seconds
[0m11:30:25.013800 [debug] [Thread-1  ]: On model.seven_shifts_project.stg_companies: COMMIT
[0m11:30:25.014030 [debug] [Thread-1  ]: Using sqlite connection "model.seven_shifts_project.stg_companies"
[0m11:30:25.014232 [debug] [Thread-1  ]: On model.seven_shifts_project.stg_companies: COMMIT
[0m11:30:25.014692 [debug] [Thread-1  ]: SQL status: OK in 0.000 seconds
[0m11:30:25.016225 [debug] [Thread-1  ]: On model.seven_shifts_project.stg_companies: Close
[0m11:30:25.017429 [debug] [Thread-1  ]: Sending event: {'category': 'dbt', 'action': 'run_model', 'label': '272a1948-7bb2-479a-9857-fdf437e12126', 'context': [<snowplow_tracker.self_describing_json.SelfDescribingJson object at 0x10547f490>]}
[0m11:30:25.017791 [info ] [Thread-1  ]: 1 of 4 OK created sql view model main.stg_companies ............................ [[32mOK[0m in 0.02s]
[0m11:30:25.018132 [debug] [Thread-1  ]: Finished running node model.seven_shifts_project.stg_companies
[0m11:30:25.018372 [debug] [Thread-1  ]: Began running node model.seven_shifts_project.stg_crm_accounts
[0m11:30:25.018669 [info ] [Thread-1  ]: 2 of 4 START sql view model main.stg_crm_accounts .............................. [RUN]
[0m11:30:25.018932 [debug] [Thread-1  ]: Re-using an available connection from the pool (formerly model.seven_shifts_project.stg_companies, now model.seven_shifts_project.stg_crm_accounts)
[0m11:30:25.019146 [debug] [Thread-1  ]: Began compiling node model.seven_shifts_project.stg_crm_accounts
[0m11:30:25.020877 [debug] [Thread-1  ]: Writing injected SQL for node "model.seven_shifts_project.stg_crm_accounts"
[0m11:30:25.021420 [debug] [Thread-1  ]: Began executing node model.seven_shifts_project.stg_crm_accounts
[0m11:30:25.022983 [debug] [Thread-1  ]: Writing runtime sql for node "model.seven_shifts_project.stg_crm_accounts"
[0m11:30:25.023357 [debug] [Thread-1  ]: Using sqlite connection "model.seven_shifts_project.stg_crm_accounts"
[0m11:30:25.023585 [debug] [Thread-1  ]: On model.seven_shifts_project.stg_crm_accounts: BEGIN
[0m11:30:25.023792 [debug] [Thread-1  ]: Opening a new connection, currently in state closed
[0m11:30:25.024264 [debug] [Thread-1  ]: SQL status: OK in 0.000 seconds
[0m11:30:25.024467 [debug] [Thread-1  ]: Using sqlite connection "model.seven_shifts_project.stg_crm_accounts"
[0m11:30:25.024668 [debug] [Thread-1  ]: On model.seven_shifts_project.stg_crm_accounts: /* {"app": "dbt", "dbt_version": "1.10.22", "profile_name": "seven_shifts_project", "target_name": "dev", "node_id": "model.seven_shifts_project.stg_crm_accounts"} */

    
    create view main."stg_crm_accounts" as
    SELECT * FROM main."crm_accounts";
[0m11:30:25.025053 [debug] [Thread-1  ]: SQL status: OK in 0.000 seconds
[0m11:30:25.025754 [debug] [Thread-1  ]: On model.seven_shifts_project.stg_crm_accounts: COMMIT
[0m11:30:25.025969 [debug] [Thread-1  ]: Using sqlite connection "model.seven_shifts_project.stg_crm_accounts"
[0m11:30:25.026162 [debug] [Thread-1  ]: On model.seven_shifts_project.stg_crm_accounts: COMMIT
[0m11:30:25.026544 [debug] [Thread-1  ]: SQL status: OK in 0.000 seconds
[0m11:30:25.027005 [debug] [Thread-1  ]: On model.seven_shifts_project.stg_crm_accounts: Close
[0m11:30:25.027421 [debug] [Thread-1  ]: Sending event: {'category': 'dbt', 'action': 'run_model', 'label': '272a1948-7bb2-479a-9857-fdf437e12126', 'context': [<snowplow_tracker.self_describing_json.SelfDescribingJson object at 0x105775880>]}
[0m11:30:25.027813 [info ] [Thread-1  ]: 2 of 4 OK created sql view model main.stg_crm_accounts ......................... [[32mOK[0m in 0.01s]
[0m11:30:25.028153 [debug] [Thread-1  ]: Finished running node model.seven_shifts_project.stg_crm_accounts
[0m11:30:25.028398 [debug] [Thread-1  ]: Began running node model.seven_shifts_project.stg_locations
[0m11:30:25.028707 [info ] [Thread-1  ]: 3 of 4 START sql view model main.stg_locations ................................. [RUN]
[0m11:30:25.028977 [debug] [Thread-1  ]: Re-using an available connection from the pool (formerly model.seven_shifts_project.stg_crm_accounts, now model.seven_shifts_project.stg_locations)
[0m11:30:25.029329 [debug] [Thread-1  ]: Began compiling node model.seven_shifts_project.stg_locations
[0m11:30:25.031874 [debug] [Thread-1  ]: Writing injected SQL for node "model.seven_shifts_project.stg_locations"
[0m11:30:25.032310 [debug] [Thread-1  ]: Began executing node model.seven_shifts_project.stg_locations
[0m11:30:25.034892 [debug] [Thread-1  ]: Writing runtime sql for node "model.seven_shifts_project.stg_locations"
[0m11:30:25.035463 [debug] [Thread-1  ]: Using sqlite connection "model.seven_shifts_project.stg_locations"
[0m11:30:25.035716 [debug] [Thread-1  ]: On model.seven_shifts_project.stg_locations: BEGIN
[0m11:30:25.035917 [debug] [Thread-1  ]: Opening a new connection, currently in state closed
[0m11:30:25.036456 [debug] [Thread-1  ]: SQL status: OK in 0.001 seconds
[0m11:30:25.036681 [debug] [Thread-1  ]: Using sqlite connection "model.seven_shifts_project.stg_locations"
[0m11:30:25.036901 [debug] [Thread-1  ]: On model.seven_shifts_project.stg_locations: /* {"app": "dbt", "dbt_version": "1.10.22", "profile_name": "seven_shifts_project", "target_name": "dev", "node_id": "model.seven_shifts_project.stg_locations"} */

    
    create view main."stg_locations" as
    SELECT * FROM main."locations";
[0m11:30:25.037279 [debug] [Thread-1  ]: SQL status: OK in 0.000 seconds
[0m11:30:25.037976 [debug] [Thread-1  ]: On model.seven_shifts_project.stg_locations: COMMIT
[0m11:30:25.038183 [debug] [Thread-1  ]: Using sqlite connection "model.seven_shifts_project.stg_locations"
[0m11:30:25.038376 [debug] [Thread-1  ]: On model.seven_shifts_project.stg_locations: COMMIT
[0m11:30:25.038783 [debug] [Thread-1  ]: SQL status: OK in 0.000 seconds
[0m11:30:25.039183 [debug] [Thread-1  ]: On model.seven_shifts_project.stg_locations: Close
[0m11:30:25.039527 [debug] [Thread-1  ]: Sending event: {'category': 'dbt', 'action': 'run_model', 'label': '272a1948-7bb2-479a-9857-fdf437e12126', 'context': [<snowplow_tracker.self_describing_json.SelfDescribingJson object at 0x105775880>]}
[0m11:30:25.039891 [info ] [Thread-1  ]: 3 of 4 OK created sql view model main.stg_locations ............................ [[32mOK[0m in 0.01s]
[0m11:30:25.040222 [debug] [Thread-1  ]: Finished running node model.seven_shifts_project.stg_locations
[0m11:30:25.040605 [debug] [Thread-1  ]: Began running node model.seven_shifts_project.fct_vendor_signals
[0m11:30:25.040942 [info ] [Thread-1  ]: 4 of 4 START sql table model main_main.fct_vendor_signals ...................... [RUN]
[0m11:30:25.041231 [debug] [Thread-1  ]: Re-using an available connection from the pool (formerly model.seven_shifts_project.stg_locations, now model.seven_shifts_project.fct_vendor_signals)
[0m11:30:25.041455 [debug] [Thread-1  ]: Began compiling node model.seven_shifts_project.fct_vendor_signals
[0m11:30:25.045234 [debug] [Thread-1  ]: Writing injected SQL for node "model.seven_shifts_project.fct_vendor_signals"
[0m11:30:25.045804 [debug] [Thread-1  ]: Began executing node model.seven_shifts_project.fct_vendor_signals
[0m11:30:25.053498 [debug] [Thread-1  ]: Writing runtime sql for node "model.seven_shifts_project.fct_vendor_signals"
[0m11:30:25.054155 [debug] [Thread-1  ]: Using sqlite connection "model.seven_shifts_project.fct_vendor_signals"
[0m11:30:25.054399 [debug] [Thread-1  ]: On model.seven_shifts_project.fct_vendor_signals: BEGIN
[0m11:30:25.054607 [debug] [Thread-1  ]: Opening a new connection, currently in state closed
[0m11:30:25.055126 [debug] [Thread-1  ]: SQL status: OK in 0.001 seconds
[0m11:30:25.055331 [debug] [Thread-1  ]: Using sqlite connection "model.seven_shifts_project.fct_vendor_signals"
[0m11:30:25.055622 [debug] [Thread-1  ]: On model.seven_shifts_project.fct_vendor_signals: /* {"app": "dbt", "dbt_version": "1.10.22", "profile_name": "seven_shifts_project", "target_name": "dev", "node_id": "model.seven_shifts_project.fct_vendor_signals"} */

  
    
    
    create  table main_main."fct_vendor_signals"
    as
        

WITH crm AS (
    SELECT 
        company_id,
        company_name,
        LOWER(REPLACE(REPLACE(domain, 'www.', ''), 'https://', '')) AS clean_domain,
        plan_name AS crm_plan,
        locations_in_7shifts AS crm_location_count
    FROM main."stg_crm_accounts"
),

vendor_signals AS (
    SELECT 
        c.account_id AS vendor_id,
        c.company_name AS vendor_name,
        c.website AS vendor_website,
        LOWER(REPLACE(REPLACE(c.website, 'www.', ''), 'https://', '')) AS clean_domain,
        c.num_locations AS global_location_count,
        c.pos_vendor AS vendor_pos,
        SUM(CASE WHEN l.city IN ('New York', 'Brooklyn', 'Queens', 'Bronx', 'Staten Island') THEN 1 ELSE 0 END) AS total_nyc_locations,
        ROUND(AVG(CASE WHEN l.city IN ('New York', 'Brooklyn', 'Queens', 'Bronx', 'Staten Island') THEN l.review_rating ELSE NULL END), 1) AS avg_nyc_rating,
        GROUP_CONCAT(DISTINCT LOWER(l.cuisine_type)) AS cuisines
    FROM main."stg_companies" c
    LEFT JOIN main."stg_locations" l ON c.account_id = l.account_id
    GROUP BY c.account_id, c.company_name, c.website, c.num_locations, c.pos_vendor
),

master_join AS (
    SELECT 
        COALESCE(c.clean_domain, v.clean_domain) AS primary_domain,
        c.company_id,
        c.company_name AS crm_name,
        c.crm_plan,
        c.crm_location_count,
        v.vendor_id,
        v.vendor_name,
        v.vendor_website,
        v.global_location_count,
        v.total_nyc_locations,
        v.avg_nyc_rating,
        v.vendor_pos,
        v.cuisines,
        (COALESCE(v.global_location_count, 0) - COALESCE(c.crm_location_count, 0)) AS location_whitespace
    FROM crm c
    LEFT JOIN vendor_signals v ON c.clean_domain = v.clean_domain
    UNION
    SELECT 
        v.clean_domain,
        c.company_id,
        c.company_name,
        c.crm_plan,
        c.crm_location_count,
        v.vendor_id,
        v.vendor_name,
        v.vendor_website,
        v.global_location_count,
        v.total_nyc_locations,
        v.avg_nyc_rating,
        v.vendor_pos,
        v.cuisines,
        (COALESCE(v.global_location_count, 0) - COALESCE(c.crm_location_count, 0))
    FROM vendor_signals v
    LEFT JOIN crm c ON v.clean_domain = c.clean_domain
)

SELECT 
    primary_domain, 
    company_id, 
    crm_name, 
    crm_plan, 
    crm_location_count, 
    vendor_id, 
    vendor_name, 
    vendor_website, 
    global_location_count, 
    total_nyc_locations, 
    avg_nyc_rating, 
    vendor_pos, 
    cuisines, 
    location_whitespace,
    CASE 
        WHEN company_id IS NOT NULL AND total_nyc_locations >= 3 AND avg_nyc_rating >= 4.0 THEN 'CREDIBLE_PARTNER'
        WHEN company_id IS NOT NULL AND (location_whitespace >= 2 OR crm_plan IN ('Essentials', 'Comp')) THEN 'EXPANSION_OPPORTUNITY'
        WHEN company_id IS NULL AND total_nyc_locations >= 1 THEN 'NET_NEW_TARGET'
        ELSE 'UNCLASSIFIED'
    END AS gtm_segment
FROM master_join
WHERE (global_location_count <= 50 OR global_location_count IS NULL)
  AND (cuisines NOT LIKE '%pharmacy%' AND cuisines NOT LIKE '%cvs%' AND cuisines NOT LIKE '%apparel%'
       AND cuisines NOT LIKE '%convenience%' AND cuisines NOT LIKE '%grocery%' AND cuisines NOT LIKE '%supermarket%'
       AND cuisines NOT LIKE '%department store%')
  AND CASE 
        WHEN company_id IS NOT NULL AND total_nyc_locations >= 3 AND avg_nyc_rating >= 4.0 THEN 'CREDIBLE_PARTNER'
        WHEN company_id IS NOT NULL AND (location_whitespace >= 2 OR crm_plan IN ('Essentials', 'Comp')) THEN 'EXPANSION_OPPORTUNITY'
        WHEN company_id IS NULL AND total_nyc_locations >= 1 THEN 'NET_NEW_TARGET'
        ELSE 'UNCLASSIFIED'
      END != 'UNCLASSIFIED'

  
[0m11:30:25.095104 [debug] [Thread-1  ]: SQL status: OK in 0.039 seconds
[0m11:30:25.096027 [debug] [Thread-1  ]: On model.seven_shifts_project.fct_vendor_signals: COMMIT
[0m11:30:25.096267 [debug] [Thread-1  ]: Using sqlite connection "model.seven_shifts_project.fct_vendor_signals"
[0m11:30:25.096473 [debug] [Thread-1  ]: On model.seven_shifts_project.fct_vendor_signals: COMMIT
[0m11:30:25.097146 [debug] [Thread-1  ]: SQL status: OK in 0.000 seconds
[0m11:30:25.097612 [debug] [Thread-1  ]: On model.seven_shifts_project.fct_vendor_signals: Close
[0m11:30:25.098508 [debug] [Thread-1  ]: Sending event: {'category': 'dbt', 'action': 'run_model', 'label': '272a1948-7bb2-479a-9857-fdf437e12126', 'context': [<snowplow_tracker.self_describing_json.SelfDescribingJson object at 0x105582c70>]}
[0m11:30:25.098920 [info ] [Thread-1  ]: 4 of 4 OK created sql table model main_main.fct_vendor_signals ................. [[32mOK[0m in 0.06s]
[0m11:30:25.099256 [debug] [Thread-1  ]: Finished running node model.seven_shifts_project.fct_vendor_signals
[0m11:30:25.099923 [debug] [MainThread]: Using sqlite connection "master"
[0m11:30:25.100146 [debug] [MainThread]: On master: BEGIN
[0m11:30:25.100332 [debug] [MainThread]: Opening a new connection, currently in state closed
[0m11:30:25.100833 [debug] [MainThread]: SQL status: OK in 0.000 seconds
[0m11:30:25.101024 [debug] [MainThread]: On master: COMMIT
[0m11:30:25.101401 [debug] [MainThread]: Using sqlite connection "master"
[0m11:30:25.101575 [debug] [MainThread]: On master: COMMIT
[0m11:30:25.101749 [debug] [MainThread]: SQL status: OK in 0.000 seconds
[0m11:30:25.101923 [debug] [MainThread]: On master: Close
[0m11:30:25.102178 [debug] [MainThread]: Connection 'master' was properly closed.
[0m11:30:25.102345 [debug] [MainThread]: Connection 'model.seven_shifts_project.fct_vendor_signals' was properly closed.
[0m11:30:25.105055 [info ] [MainThread]: 
[0m11:30:25.105321 [info ] [MainThread]: Finished running 1 table model, 3 view models in 0 hours 0 minutes and 0.21 seconds (0.21s).
[0m11:30:25.105935 [debug] [MainThread]: Command end result
[0m11:30:25.119911 [debug] [MainThread]: Wrote artifact WritableManifest to /Users/nicholaschong/Projects/7shifts_summit_project/seven_shifts_project/target/manifest.json
[0m11:30:25.120958 [debug] [MainThread]: Wrote artifact SemanticManifest to /Users/nicholaschong/Projects/7shifts_summit_project/seven_shifts_project/target/semantic_manifest.json
[0m11:30:25.125054 [debug] [MainThread]: Wrote artifact RunExecutionResult to /Users/nicholaschong/Projects/7shifts_summit_project/seven_shifts_project/target/run_results.json
[0m11:30:25.125263 [info ] [MainThread]: 
[0m11:30:25.125503 [info ] [MainThread]: [32mCompleted successfully[0m
[0m11:30:25.125789 [info ] [MainThread]: 
[0m11:30:25.126001 [info ] [MainThread]: Done. PASS=4 WARN=0 ERROR=0 SKIP=0 NO-OP=0 TOTAL=4
[0m11:30:25.127894 [debug] [MainThread]: Resource report: {"command_name": "run", "command_success": true, "command_wall_clock_time": 1.244465, "process_in_blocks": "0", "process_kernel_time": 0.18999, "process_mem_max_rss": "133988352", "process_out_blocks": "0", "process_user_time": 1.823282}
[0m11:30:25.128261 [debug] [MainThread]: Command `dbt run` succeeded at 11:30:25.128207 after 1.24 seconds
[0m11:30:25.128506 [debug] [MainThread]: Sending event: {'category': 'dbt', 'action': 'invocation', 'label': 'end', 'context': [<snowplow_tracker.self_describing_json.SelfDescribingJson object at 0x103f09df0>, <snowplow_tracker.self_describing_json.SelfDescribingJson object at 0x104fe5f10>, <snowplow_tracker.self_describing_json.SelfDescribingJson object at 0x10578a2e0>]}
[0m11:30:25.128750 [debug] [MainThread]: Flushing usage events
[0m11:30:25.349978 [debug] [MainThread]: An error was encountered while trying to flush usage events
[0m11:31:51.954039 [debug] [MainThread]: Sending event: {'category': 'dbt', 'action': 'invocation', 'label': 'start', 'context': [<snowplow_tracker.self_describing_json.SelfDescribingJson object at 0x107771e20>, <snowplow_tracker.self_describing_json.SelfDescribingJson object at 0x108802280>, <snowplow_tracker.self_describing_json.SelfDescribingJson object at 0x108802580>]}


============================== 11:31:51.957017 | 507b19c1-c5ae-41a4-a89a-478d89edc90d ==============================
[0m11:31:51.957017 [info ] [MainThread]: Running with dbt=1.10.22
[0m11:31:51.957381 [debug] [MainThread]: running dbt with arguments {'printer_width': '80', 'indirect_selection': 'eager', 'log_cache_events': 'False', 'write_json': 'True', 'partial_parse': 'True', 'cache_selected_only': 'False', 'profiles_dir': '/Users/nicholaschong/.dbt', 'fail_fast': 'False', 'debug': 'False', 'log_path': '/Users/nicholaschong/Projects/7shifts_summit_project/seven_shifts_project/logs', 'warn_error': 'None', 'version_check': 'True', 'use_colors': 'True', 'use_experimental_parser': 'False', 'no_print': 'None', 'quiet': 'False', 'empty': 'False', 'log_format': 'default', 'introspect': 'True', 'static_parser': 'True', 'invocation_command': 'dbt run --full-refresh', 'target_path': 'None', 'warn_error_options': 'WarnErrorOptionsV2(error=[], warn=[], silence=[])', 'send_anonymous_usage_stats': 'True'}
[0m11:31:52.047518 [debug] [MainThread]: Sending event: {'category': 'dbt', 'action': 'project_id', 'label': '507b19c1-c5ae-41a4-a89a-478d89edc90d', 'context': [<snowplow_tracker.self_describing_json.SelfDescribingJson object at 0x1088e5eb0>]}
[0m11:31:52.082644 [debug] [MainThread]: Sending event: {'category': 'dbt', 'action': 'adapter_info', 'label': '507b19c1-c5ae-41a4-a89a-478d89edc90d', 'context': [<snowplow_tracker.self_describing_json.SelfDescribingJson object at 0x108779580>]}
[0m11:31:52.083292 [info ] [MainThread]: Registered adapter: sqlite=1.10.0
[0m11:31:52.158952 [debug] [MainThread]: checksum: 04c83ee057a648a2f8e380c895ffead170732fa039f068d62b9d36aaeefaf7cc, vars: {}, profile: , target: , version: 1.10.22
[0m11:31:52.241902 [debug] [MainThread]: Partial parsing enabled: 0 files deleted, 0 files added, 1 files changed.
[0m11:31:52.242314 [debug] [MainThread]: Partial parsing: updated file: seven_shifts_project://models/marts/fct_vendor_signals.sql
[0m11:31:52.419870 [debug] [MainThread]: Sending event: {'category': 'dbt', 'action': 'load_project', 'label': '507b19c1-c5ae-41a4-a89a-478d89edc90d', 'context': [<snowplow_tracker.self_describing_json.SelfDescribingJson object at 0x106014970>]}
[0m11:31:52.468929 [debug] [MainThread]: Wrote artifact WritableManifest to /Users/nicholaschong/Projects/7shifts_summit_project/seven_shifts_project/target/manifest.json
[0m11:31:52.470282 [debug] [MainThread]: Wrote artifact SemanticManifest to /Users/nicholaschong/Projects/7shifts_summit_project/seven_shifts_project/target/semantic_manifest.json
[0m11:31:52.481848 [debug] [MainThread]: Sending event: {'category': 'dbt', 'action': 'resource_counts', 'label': '507b19c1-c5ae-41a4-a89a-478d89edc90d', 'context': [<snowplow_tracker.self_describing_json.SelfDescribingJson object at 0x108ce7250>]}
[0m11:31:52.482155 [info ] [MainThread]: Found 4 models, 3 sources, 416 macros
[0m11:31:52.482391 [debug] [MainThread]: Sending event: {'category': 'dbt', 'action': 'runnable_timing', 'label': '507b19c1-c5ae-41a4-a89a-478d89edc90d', 'context': [<snowplow_tracker.self_describing_json.SelfDescribingJson object at 0x108b43a30>]}
[0m11:31:52.483201 [info ] [MainThread]: 
[0m11:31:52.483424 [info ] [MainThread]: Concurrency: 1 threads (target='dev')
[0m11:31:52.483613 [info ] [MainThread]: 
[0m11:31:52.483900 [debug] [MainThread]: Acquiring new sqlite connection 'master'
[0m11:31:52.487171 [debug] [ThreadPool]: Acquiring new sqlite connection 'list_7shifts_nyc_data'
[0m11:31:52.524820 [debug] [ThreadPool]: Using sqlite connection "list_7shifts_nyc_data"
[0m11:31:52.525109 [debug] [ThreadPool]: On list_7shifts_nyc_data: BEGIN
[0m11:31:52.525363 [debug] [ThreadPool]: Opening a new connection, currently in state init
[0m11:31:52.527049 [debug] [ThreadPool]: SQL status: OK in 0.002 seconds
[0m11:31:52.527260 [debug] [ThreadPool]: Using sqlite connection "list_7shifts_nyc_data"
[0m11:31:52.527445 [debug] [ThreadPool]: On list_7shifts_nyc_data: /* {"app": "dbt", "dbt_version": "1.10.22", "profile_name": "seven_shifts_project", "target_name": "dev", "connection_name": "list_7shifts_nyc_data"} */

        pragma database_list
    
[0m11:31:52.527635 [debug] [ThreadPool]: SQL status: OK in 0.000 seconds
[0m11:31:52.528348 [debug] [ThreadPool]: On list_7shifts_nyc_data: ROLLBACK
[0m11:31:52.528541 [debug] [ThreadPool]: On list_7shifts_nyc_data: Close
[0m11:31:52.529246 [debug] [ThreadPool]: Re-using an available connection from the pool (formerly list_7shifts_nyc_data, now list_7shifts_nyc_data_main)
[0m11:31:52.534419 [debug] [ThreadPool]: Using sqlite connection "list_7shifts_nyc_data_main"
[0m11:31:52.534626 [debug] [ThreadPool]: On list_7shifts_nyc_data_main: BEGIN
[0m11:31:52.534800 [debug] [ThreadPool]: Opening a new connection, currently in state closed
[0m11:31:52.535089 [debug] [ThreadPool]: SQL status: OK in 0.000 seconds
[0m11:31:52.535262 [debug] [ThreadPool]: Using sqlite connection "list_7shifts_nyc_data_main"
[0m11:31:52.535435 [debug] [ThreadPool]: On list_7shifts_nyc_data_main: /* {"app": "dbt", "dbt_version": "1.10.22", "profile_name": "seven_shifts_project", "target_name": "dev", "connection_name": "list_7shifts_nyc_data_main"} */

        pragma database_list
    
[0m11:31:52.535615 [debug] [ThreadPool]: SQL status: OK in 0.000 seconds
[0m11:31:52.536305 [debug] [ThreadPool]: Using sqlite connection "list_7shifts_nyc_data_main"
[0m11:31:52.536507 [debug] [ThreadPool]: On list_7shifts_nyc_data_main: /* {"app": "dbt", "dbt_version": "1.10.22", "profile_name": "seven_shifts_project", "target_name": "dev", "connection_name": "list_7shifts_nyc_data_main"} */

            SELECT
                '7shifts_nyc_data' as database
                ,name
                ,'main' AS schema
                ,type as data_type
            FROM
                main.sqlite_master
            WHERE
                name NOT LIKE 'sqlite_%'
        
[0m11:31:52.536784 [debug] [ThreadPool]: SQL status: OK in 0.000 seconds
[0m11:31:52.537394 [debug] [ThreadPool]: On list_7shifts_nyc_data_main: ROLLBACK
[0m11:31:52.537576 [debug] [ThreadPool]: On list_7shifts_nyc_data_main: Close
[0m11:31:52.538165 [debug] [MainThread]: Sending event: {'category': 'dbt', 'action': 'runnable_timing', 'label': '507b19c1-c5ae-41a4-a89a-478d89edc90d', 'context': [<snowplow_tracker.self_describing_json.SelfDescribingJson object at 0x108cec910>]}
[0m11:31:52.538483 [debug] [MainThread]: Using sqlite connection "master"
[0m11:31:52.538675 [debug] [MainThread]: On master: BEGIN
[0m11:31:52.538847 [debug] [MainThread]: Opening a new connection, currently in state init
[0m11:31:52.539138 [debug] [MainThread]: SQL status: OK in 0.000 seconds
[0m11:31:52.539343 [debug] [MainThread]: On master: COMMIT
[0m11:31:52.539662 [debug] [MainThread]: Using sqlite connection "master"
[0m11:31:52.539834 [debug] [MainThread]: On master: COMMIT
[0m11:31:52.540017 [debug] [MainThread]: SQL status: OK in 0.000 seconds
[0m11:31:52.540189 [debug] [MainThread]: On master: Close
[0m11:31:52.541505 [debug] [Thread-1  ]: Began running node model.seven_shifts_project.stg_companies
[0m11:31:52.541892 [info ] [Thread-1  ]: 1 of 4 START sql view model main.stg_companies ................................. [RUN]
[0m11:31:52.542170 [debug] [Thread-1  ]: Re-using an available connection from the pool (formerly list_7shifts_nyc_data_main, now model.seven_shifts_project.stg_companies)
[0m11:31:52.542417 [debug] [Thread-1  ]: Began compiling node model.seven_shifts_project.stg_companies
[0m11:31:52.548502 [debug] [Thread-1  ]: Writing injected SQL for node "model.seven_shifts_project.stg_companies"
[0m11:31:52.549154 [debug] [Thread-1  ]: Began executing node model.seven_shifts_project.stg_companies
[0m11:31:52.558642 [debug] [Thread-1  ]: Writing runtime sql for node "model.seven_shifts_project.stg_companies"
[0m11:31:52.559271 [debug] [Thread-1  ]: Using sqlite connection "model.seven_shifts_project.stg_companies"
[0m11:31:52.559490 [debug] [Thread-1  ]: On model.seven_shifts_project.stg_companies: BEGIN
[0m11:31:52.559689 [debug] [Thread-1  ]: Opening a new connection, currently in state closed
[0m11:31:52.560027 [debug] [Thread-1  ]: SQL status: OK in 0.000 seconds
[0m11:31:52.560237 [debug] [Thread-1  ]: Using sqlite connection "model.seven_shifts_project.stg_companies"
[0m11:31:52.560436 [debug] [Thread-1  ]: On model.seven_shifts_project.stg_companies: /* {"app": "dbt", "dbt_version": "1.10.22", "profile_name": "seven_shifts_project", "target_name": "dev", "node_id": "model.seven_shifts_project.stg_companies"} */

    
    create view main."stg_companies" as
    SELECT * FROM main."companies";
[0m11:31:52.560895 [debug] [Thread-1  ]: SQL status: OK in 0.000 seconds
[0m11:31:52.564203 [debug] [Thread-1  ]: On model.seven_shifts_project.stg_companies: COMMIT
[0m11:31:52.564440 [debug] [Thread-1  ]: Using sqlite connection "model.seven_shifts_project.stg_companies"
[0m11:31:52.564648 [debug] [Thread-1  ]: On model.seven_shifts_project.stg_companies: COMMIT
[0m11:31:52.565091 [debug] [Thread-1  ]: SQL status: OK in 0.000 seconds
[0m11:31:52.566681 [debug] [Thread-1  ]: On model.seven_shifts_project.stg_companies: Close
[0m11:31:52.567913 [debug] [Thread-1  ]: Sending event: {'category': 'dbt', 'action': 'run_model', 'label': '507b19c1-c5ae-41a4-a89a-478d89edc90d', 'context': [<snowplow_tracker.self_describing_json.SelfDescribingJson object at 0x108cec250>]}
[0m11:31:52.568296 [info ] [Thread-1  ]: 1 of 4 OK created sql view model main.stg_companies ............................ [[32mOK[0m in 0.02s]
[0m11:31:52.568647 [debug] [Thread-1  ]: Finished running node model.seven_shifts_project.stg_companies
[0m11:31:52.568894 [debug] [Thread-1  ]: Began running node model.seven_shifts_project.stg_crm_accounts
[0m11:31:52.569218 [info ] [Thread-1  ]: 2 of 4 START sql view model main.stg_crm_accounts .............................. [RUN]
[0m11:31:52.569510 [debug] [Thread-1  ]: Re-using an available connection from the pool (formerly model.seven_shifts_project.stg_companies, now model.seven_shifts_project.stg_crm_accounts)
[0m11:31:52.569740 [debug] [Thread-1  ]: Began compiling node model.seven_shifts_project.stg_crm_accounts
[0m11:31:52.571525 [debug] [Thread-1  ]: Writing injected SQL for node "model.seven_shifts_project.stg_crm_accounts"
[0m11:31:52.571905 [debug] [Thread-1  ]: Began executing node model.seven_shifts_project.stg_crm_accounts
[0m11:31:52.573541 [debug] [Thread-1  ]: Writing runtime sql for node "model.seven_shifts_project.stg_crm_accounts"
[0m11:31:52.574050 [debug] [Thread-1  ]: Using sqlite connection "model.seven_shifts_project.stg_crm_accounts"
[0m11:31:52.574266 [debug] [Thread-1  ]: On model.seven_shifts_project.stg_crm_accounts: BEGIN
[0m11:31:52.574523 [debug] [Thread-1  ]: Opening a new connection, currently in state closed
[0m11:31:52.574962 [debug] [Thread-1  ]: SQL status: OK in 0.000 seconds
[0m11:31:52.575203 [debug] [Thread-1  ]: Using sqlite connection "model.seven_shifts_project.stg_crm_accounts"
[0m11:31:52.575425 [debug] [Thread-1  ]: On model.seven_shifts_project.stg_crm_accounts: /* {"app": "dbt", "dbt_version": "1.10.22", "profile_name": "seven_shifts_project", "target_name": "dev", "node_id": "model.seven_shifts_project.stg_crm_accounts"} */

    
    create view main."stg_crm_accounts" as
    SELECT * FROM main."crm_accounts";
[0m11:31:52.575882 [debug] [Thread-1  ]: SQL status: OK in 0.000 seconds
[0m11:31:52.576656 [debug] [Thread-1  ]: On model.seven_shifts_project.stg_crm_accounts: COMMIT
[0m11:31:52.576896 [debug] [Thread-1  ]: Using sqlite connection "model.seven_shifts_project.stg_crm_accounts"
[0m11:31:52.577111 [debug] [Thread-1  ]: On model.seven_shifts_project.stg_crm_accounts: COMMIT
[0m11:31:52.577518 [debug] [Thread-1  ]: SQL status: OK in 0.000 seconds
[0m11:31:52.577919 [debug] [Thread-1  ]: On model.seven_shifts_project.stg_crm_accounts: Close
[0m11:31:52.578270 [debug] [Thread-1  ]: Sending event: {'category': 'dbt', 'action': 'run_model', 'label': '507b19c1-c5ae-41a4-a89a-478d89edc90d', 'context': [<snowplow_tracker.self_describing_json.SelfDescribingJson object at 0x108cec250>]}
[0m11:31:52.578772 [info ] [Thread-1  ]: 2 of 4 OK created sql view model main.stg_crm_accounts ......................... [[32mOK[0m in 0.01s]
[0m11:31:52.579121 [debug] [Thread-1  ]: Finished running node model.seven_shifts_project.stg_crm_accounts
[0m11:31:52.579363 [debug] [Thread-1  ]: Began running node model.seven_shifts_project.stg_locations
[0m11:31:52.579681 [info ] [Thread-1  ]: 3 of 4 START sql view model main.stg_locations ................................. [RUN]
[0m11:31:52.579944 [debug] [Thread-1  ]: Re-using an available connection from the pool (formerly model.seven_shifts_project.stg_crm_accounts, now model.seven_shifts_project.stg_locations)
[0m11:31:52.580169 [debug] [Thread-1  ]: Began compiling node model.seven_shifts_project.stg_locations
[0m11:31:52.582120 [debug] [Thread-1  ]: Writing injected SQL for node "model.seven_shifts_project.stg_locations"
[0m11:31:52.582646 [debug] [Thread-1  ]: Began executing node model.seven_shifts_project.stg_locations
[0m11:31:52.584954 [debug] [Thread-1  ]: Writing runtime sql for node "model.seven_shifts_project.stg_locations"
[0m11:31:52.585336 [debug] [Thread-1  ]: Using sqlite connection "model.seven_shifts_project.stg_locations"
[0m11:31:52.585547 [debug] [Thread-1  ]: On model.seven_shifts_project.stg_locations: BEGIN
[0m11:31:52.585751 [debug] [Thread-1  ]: Opening a new connection, currently in state closed
[0m11:31:52.586069 [debug] [Thread-1  ]: SQL status: OK in 0.000 seconds
[0m11:31:52.586280 [debug] [Thread-1  ]: Using sqlite connection "model.seven_shifts_project.stg_locations"
[0m11:31:52.586494 [debug] [Thread-1  ]: On model.seven_shifts_project.stg_locations: /* {"app": "dbt", "dbt_version": "1.10.22", "profile_name": "seven_shifts_project", "target_name": "dev", "node_id": "model.seven_shifts_project.stg_locations"} */

    
    create view main."stg_locations" as
    SELECT * FROM main."locations";
[0m11:31:52.586887 [debug] [Thread-1  ]: SQL status: OK in 0.000 seconds
[0m11:31:52.587554 [debug] [Thread-1  ]: On model.seven_shifts_project.stg_locations: COMMIT
[0m11:31:52.587755 [debug] [Thread-1  ]: Using sqlite connection "model.seven_shifts_project.stg_locations"
[0m11:31:52.587944 [debug] [Thread-1  ]: On model.seven_shifts_project.stg_locations: COMMIT
[0m11:31:52.588353 [debug] [Thread-1  ]: SQL status: OK in 0.000 seconds
[0m11:31:52.588768 [debug] [Thread-1  ]: On model.seven_shifts_project.stg_locations: Close
[0m11:31:52.589086 [debug] [Thread-1  ]: Sending event: {'category': 'dbt', 'action': 'run_model', 'label': '507b19c1-c5ae-41a4-a89a-478d89edc90d', 'context': [<snowplow_tracker.self_describing_json.SelfDescribingJson object at 0x107a1d970>]}
[0m11:31:52.589412 [info ] [Thread-1  ]: 3 of 4 OK created sql view model main.stg_locations ............................ [[32mOK[0m in 0.01s]
[0m11:31:52.589738 [debug] [Thread-1  ]: Finished running node model.seven_shifts_project.stg_locations
[0m11:31:52.590100 [debug] [Thread-1  ]: Began running node model.seven_shifts_project.fct_vendor_signals
[0m11:31:52.590413 [info ] [Thread-1  ]: 4 of 4 START sql table model main.fct_vendor_signals ........................... [RUN]
[0m11:31:52.590696 [debug] [Thread-1  ]: Re-using an available connection from the pool (formerly model.seven_shifts_project.stg_locations, now model.seven_shifts_project.fct_vendor_signals)
[0m11:31:52.590923 [debug] [Thread-1  ]: Began compiling node model.seven_shifts_project.fct_vendor_signals
[0m11:31:52.594685 [debug] [Thread-1  ]: Writing injected SQL for node "model.seven_shifts_project.fct_vendor_signals"
[0m11:31:52.595369 [debug] [Thread-1  ]: Began executing node model.seven_shifts_project.fct_vendor_signals
[0m11:31:52.603009 [debug] [Thread-1  ]: Writing runtime sql for node "model.seven_shifts_project.fct_vendor_signals"
[0m11:31:52.603573 [debug] [Thread-1  ]: Using sqlite connection "model.seven_shifts_project.fct_vendor_signals"
[0m11:31:52.603807 [debug] [Thread-1  ]: On model.seven_shifts_project.fct_vendor_signals: BEGIN
[0m11:31:52.604013 [debug] [Thread-1  ]: Opening a new connection, currently in state closed
[0m11:31:52.604373 [debug] [Thread-1  ]: SQL status: OK in 0.000 seconds
[0m11:31:52.604575 [debug] [Thread-1  ]: Using sqlite connection "model.seven_shifts_project.fct_vendor_signals"
[0m11:31:52.604866 [debug] [Thread-1  ]: On model.seven_shifts_project.fct_vendor_signals: /* {"app": "dbt", "dbt_version": "1.10.22", "profile_name": "seven_shifts_project", "target_name": "dev", "node_id": "model.seven_shifts_project.fct_vendor_signals"} */

  
    
    
    create  table main."fct_vendor_signals"
    as
        

WITH crm AS (
    SELECT 
        company_id,
        company_name,
        LOWER(REPLACE(REPLACE(domain, 'www.', ''), 'https://', '')) AS clean_domain,
        plan_name AS crm_plan,
        locations_in_7shifts AS crm_location_count
    FROM main."stg_crm_accounts"
),

vendor_signals AS (
    SELECT 
        c.account_id AS vendor_id,
        c.company_name AS vendor_name,
        c.website AS vendor_website,
        LOWER(REPLACE(REPLACE(c.website, 'www.', ''), 'https://', '')) AS clean_domain,
        c.num_locations AS global_location_count,
        c.pos_vendor AS vendor_pos,
        SUM(CASE WHEN l.city IN ('New York', 'Brooklyn', 'Queens', 'Bronx', 'Staten Island') THEN 1 ELSE 0 END) AS total_nyc_locations,
        ROUND(AVG(CASE WHEN l.city IN ('New York', 'Brooklyn', 'Queens', 'Bronx', 'Staten Island') THEN l.review_rating ELSE NULL END), 1) AS avg_nyc_rating,
        GROUP_CONCAT(DISTINCT LOWER(l.cuisine_type)) AS cuisines
    FROM main."stg_companies" c
    LEFT JOIN main."stg_locations" l ON c.account_id = l.account_id
    GROUP BY c.account_id, c.company_name, c.website, c.num_locations, c.pos_vendor
),

master_join AS (
    SELECT 
        COALESCE(c.clean_domain, v.clean_domain) AS primary_domain,
        c.company_id,
        c.company_name AS crm_name,
        c.crm_plan,
        c.crm_location_count,
        v.vendor_id,
        v.vendor_name,
        v.vendor_website,
        v.global_location_count,
        v.total_nyc_locations,
        v.avg_nyc_rating,
        v.vendor_pos,
        v.cuisines,
        (COALESCE(v.global_location_count, 0) - COALESCE(c.crm_location_count, 0)) AS location_whitespace
    FROM crm c
    LEFT JOIN vendor_signals v ON c.clean_domain = v.clean_domain
    UNION
    SELECT 
        v.clean_domain,
        c.company_id,
        c.company_name,
        c.crm_plan,
        c.crm_location_count,
        v.vendor_id,
        v.vendor_name,
        v.vendor_website,
        v.global_location_count,
        v.total_nyc_locations,
        v.avg_nyc_rating,
        v.vendor_pos,
        v.cuisines,
        (COALESCE(v.global_location_count, 0) - COALESCE(c.crm_location_count, 0))
    FROM vendor_signals v
    LEFT JOIN crm c ON v.clean_domain = c.clean_domain
)

SELECT 
    primary_domain, 
    company_id, 
    crm_name, 
    crm_plan, 
    crm_location_count, 
    vendor_id, 
    vendor_name, 
    vendor_website, 
    global_location_count, 
    total_nyc_locations, 
    avg_nyc_rating, 
    vendor_pos, 
    cuisines, 
    location_whitespace,
    CASE 
        WHEN company_id IS NOT NULL AND total_nyc_locations >= 3 AND avg_nyc_rating >= 4.0 THEN 'CREDIBLE_PARTNER'
        WHEN company_id IS NOT NULL AND (location_whitespace >= 2 OR crm_plan IN ('Essentials', 'Comp')) THEN 'EXPANSION_OPPORTUNITY'
        WHEN company_id IS NULL AND total_nyc_locations >= 1 THEN 'NET_NEW_TARGET'
        ELSE 'UNCLASSIFIED'
    END AS gtm_segment
FROM master_join
WHERE (global_location_count <= 50 OR global_location_count IS NULL)
  AND (cuisines NOT LIKE '%pharmacy%' AND cuisines NOT LIKE '%cvs%' AND cuisines NOT LIKE '%apparel%'
       AND cuisines NOT LIKE '%convenience%' AND cuisines NOT LIKE '%grocery%' AND cuisines NOT LIKE '%supermarket%'
       AND cuisines NOT LIKE '%department store%')
  AND CASE 
        WHEN company_id IS NOT NULL AND total_nyc_locations >= 3 AND avg_nyc_rating >= 4.0 THEN 'CREDIBLE_PARTNER'
        WHEN company_id IS NOT NULL AND (location_whitespace >= 2 OR crm_plan IN ('Essentials', 'Comp')) THEN 'EXPANSION_OPPORTUNITY'
        WHEN company_id IS NULL AND total_nyc_locations >= 1 THEN 'NET_NEW_TARGET'
        ELSE 'UNCLASSIFIED'
      END != 'UNCLASSIFIED'

  
[0m11:31:52.643489 [debug] [Thread-1  ]: SQL status: OK in 0.038 seconds
[0m11:31:52.644378 [debug] [Thread-1  ]: On model.seven_shifts_project.fct_vendor_signals: COMMIT
[0m11:31:52.644618 [debug] [Thread-1  ]: Using sqlite connection "model.seven_shifts_project.fct_vendor_signals"
[0m11:31:52.644828 [debug] [Thread-1  ]: On model.seven_shifts_project.fct_vendor_signals: COMMIT
[0m11:31:52.645498 [debug] [Thread-1  ]: SQL status: OK in 0.000 seconds
[0m11:31:52.645963 [debug] [Thread-1  ]: On model.seven_shifts_project.fct_vendor_signals: Close
[0m11:31:52.646868 [debug] [Thread-1  ]: Sending event: {'category': 'dbt', 'action': 'run_model', 'label': '507b19c1-c5ae-41a4-a89a-478d89edc90d', 'context': [<snowplow_tracker.self_describing_json.SelfDescribingJson object at 0x109200c40>]}
[0m11:31:52.647292 [info ] [Thread-1  ]: 4 of 4 OK created sql table model main.fct_vendor_signals ...................... [[32mOK[0m in 0.06s]
[0m11:31:52.647655 [debug] [Thread-1  ]: Finished running node model.seven_shifts_project.fct_vendor_signals
[0m11:31:52.648239 [debug] [MainThread]: Using sqlite connection "master"
[0m11:31:52.648422 [debug] [MainThread]: On master: BEGIN
[0m11:31:52.648586 [debug] [MainThread]: Opening a new connection, currently in state closed
[0m11:31:52.648907 [debug] [MainThread]: SQL status: OK in 0.000 seconds
[0m11:31:52.649078 [debug] [MainThread]: On master: COMMIT
[0m11:31:52.649244 [debug] [MainThread]: Using sqlite connection "master"
[0m11:31:52.649407 [debug] [MainThread]: On master: COMMIT
[0m11:31:52.649574 [debug] [MainThread]: SQL status: OK in 0.000 seconds
[0m11:31:52.649738 [debug] [MainThread]: On master: Close
[0m11:31:52.649952 [debug] [MainThread]: Connection 'master' was properly closed.
[0m11:31:52.650112 [debug] [MainThread]: Connection 'model.seven_shifts_project.fct_vendor_signals' was properly closed.
[0m11:31:52.650321 [info ] [MainThread]: 
[0m11:31:52.650523 [info ] [MainThread]: Finished running 1 table model, 3 view models in 0 hours 0 minutes and 0.17 seconds (0.17s).
[0m11:31:52.651111 [debug] [MainThread]: Command end result
[0m11:31:52.665379 [debug] [MainThread]: Wrote artifact WritableManifest to /Users/nicholaschong/Projects/7shifts_summit_project/seven_shifts_project/target/manifest.json
[0m11:31:52.666359 [debug] [MainThread]: Wrote artifact SemanticManifest to /Users/nicholaschong/Projects/7shifts_summit_project/seven_shifts_project/target/semantic_manifest.json
[0m11:31:52.670408 [debug] [MainThread]: Wrote artifact RunExecutionResult to /Users/nicholaschong/Projects/7shifts_summit_project/seven_shifts_project/target/run_results.json
[0m11:31:52.670616 [info ] [MainThread]: 
[0m11:31:52.670862 [info ] [MainThread]: [32mCompleted successfully[0m
[0m11:31:52.671060 [info ] [MainThread]: 
[0m11:31:52.671269 [info ] [MainThread]: Done. PASS=4 WARN=0 ERROR=0 SKIP=0 NO-OP=0 TOTAL=4
[0m11:31:52.673007 [debug] [MainThread]: Resource report: {"command_name": "run", "command_success": true, "command_wall_clock_time": 0.76424664, "process_in_blocks": "0", "process_kernel_time": 0.176616, "process_mem_max_rss": "130007040", "process_out_blocks": "0", "process_user_time": 1.379241}
[0m11:31:52.673254 [debug] [MainThread]: Command `dbt run` succeeded at 11:31:52.673209 after 0.76 seconds
[0m11:31:52.673475 [debug] [MainThread]: Sending event: {'category': 'dbt', 'action': 'invocation', 'label': 'end', 'context': [<snowplow_tracker.self_describing_json.SelfDescribingJson object at 0x107771e20>, <snowplow_tracker.self_describing_json.SelfDescribingJson object at 0x1088e5dc0>, <snowplow_tracker.self_describing_json.SelfDescribingJson object at 0x1071a97c0>]}
[0m11:31:52.673697 [debug] [MainThread]: Flushing usage events
[0m11:31:52.854319 [debug] [MainThread]: An error was encountered while trying to flush usage events
[0m12:19:08.137529 [debug] [MainThread]: Sending event: {'category': 'dbt', 'action': 'invocation', 'label': 'start', 'context': [<snowplow_tracker.self_describing_json.SelfDescribingJson object at 0x1061b6d90>, <snowplow_tracker.self_describing_json.SelfDescribingJson object at 0x1072461f0>, <snowplow_tracker.self_describing_json.SelfDescribingJson object at 0x1072464f0>]}


============================== 12:19:08.140308 | e1f6d12b-42e3-47ca-881b-b40239f7bcd7 ==============================
[0m12:19:08.140308 [info ] [MainThread]: Running with dbt=1.10.22
[0m12:19:08.140666 [debug] [MainThread]: running dbt with arguments {'printer_width': '80', 'indirect_selection': 'eager', 'log_cache_events': 'False', 'write_json': 'True', 'partial_parse': 'True', 'cache_selected_only': 'False', 'profiles_dir': '/Users/nicholaschong/.dbt', 'debug': 'False', 'warn_error': 'None', 'log_path': '/Users/nicholaschong/Projects/7shifts_summit_project/seven_shifts_project/logs', 'version_check': 'True', 'fail_fast': 'False', 'use_colors': 'True', 'use_experimental_parser': 'False', 'no_print': 'None', 'quiet': 'False', 'empty': 'False', 'log_format': 'default', 'invocation_command': 'dbt run --full-refresh', 'introspect': 'True', 'static_parser': 'True', 'target_path': 'None', 'warn_error_options': 'WarnErrorOptionsV2(error=[], warn=[], silence=[])', 'send_anonymous_usage_stats': 'True'}
[0m12:19:08.231960 [debug] [MainThread]: Sending event: {'category': 'dbt', 'action': 'project_id', 'label': 'e1f6d12b-42e3-47ca-881b-b40239f7bcd7', 'context': [<snowplow_tracker.self_describing_json.SelfDescribingJson object at 0x1072a49d0>]}
[0m12:19:08.289918 [debug] [MainThread]: Sending event: {'category': 'dbt', 'action': 'adapter_info', 'label': 'e1f6d12b-42e3-47ca-881b-b40239f7bcd7', 'context': [<snowplow_tracker.self_describing_json.SelfDescribingJson object at 0x106b07880>]}
[0m12:19:08.295061 [info ] [MainThread]: Registered adapter: sqlite=1.10.0
[0m12:19:08.428903 [debug] [MainThread]: checksum: 04c83ee057a648a2f8e380c895ffead170732fa039f068d62b9d36aaeefaf7cc, vars: {}, profile: , target: , version: 1.10.22
[0m12:19:08.512820 [debug] [MainThread]: Partial parsing enabled: 0 files deleted, 0 files added, 3 files changed.
[0m12:19:08.513248 [debug] [MainThread]: Partial parsing: updated file: seven_shifts_project://models/staging/stg_companies.sql
[0m12:19:08.513509 [debug] [MainThread]: Partial parsing: updated file: seven_shifts_project://models/marts/fct_vendor_signals.sql
[0m12:19:08.513745 [debug] [MainThread]: Partial parsing: updated file: seven_shifts_project://models/staging/stg_locations.sql
[0m12:19:08.697924 [debug] [MainThread]: Sending event: {'category': 'dbt', 'action': 'load_project', 'label': 'e1f6d12b-42e3-47ca-881b-b40239f7bcd7', 'context': [<snowplow_tracker.self_describing_json.SelfDescribingJson object at 0x107366280>]}
[0m12:19:08.746543 [debug] [MainThread]: Wrote artifact WritableManifest to /Users/nicholaschong/Projects/7shifts_summit_project/seven_shifts_project/target/manifest.json
[0m12:19:08.747965 [debug] [MainThread]: Wrote artifact SemanticManifest to /Users/nicholaschong/Projects/7shifts_summit_project/seven_shifts_project/target/semantic_manifest.json
[0m12:19:08.759653 [debug] [MainThread]: Sending event: {'category': 'dbt', 'action': 'resource_counts', 'label': 'e1f6d12b-42e3-47ca-881b-b40239f7bcd7', 'context': [<snowplow_tracker.self_describing_json.SelfDescribingJson object at 0x107779bb0>]}
[0m12:19:08.759978 [info ] [MainThread]: Found 4 models, 3 sources, 416 macros
[0m12:19:08.760216 [debug] [MainThread]: Sending event: {'category': 'dbt', 'action': 'runnable_timing', 'label': 'e1f6d12b-42e3-47ca-881b-b40239f7bcd7', 'context': [<snowplow_tracker.self_describing_json.SelfDescribingJson object at 0x105bd6340>]}
[0m12:19:08.761070 [info ] [MainThread]: 
[0m12:19:08.761295 [info ] [MainThread]: Concurrency: 1 threads (target='dev')
[0m12:19:08.761519 [info ] [MainThread]: 
[0m12:19:08.761941 [debug] [MainThread]: Acquiring new sqlite connection 'master'
[0m12:19:08.765350 [debug] [ThreadPool]: Acquiring new sqlite connection 'list_7shifts_nyc_data'
[0m12:19:08.798976 [debug] [ThreadPool]: Using sqlite connection "list_7shifts_nyc_data"
[0m12:19:08.799254 [debug] [ThreadPool]: On list_7shifts_nyc_data: BEGIN
[0m12:19:08.799451 [debug] [ThreadPool]: Opening a new connection, currently in state init
[0m12:19:08.801430 [debug] [ThreadPool]: SQL status: OK in 0.002 seconds
[0m12:19:08.801658 [debug] [ThreadPool]: Using sqlite connection "list_7shifts_nyc_data"
[0m12:19:08.801846 [debug] [ThreadPool]: On list_7shifts_nyc_data: /* {"app": "dbt", "dbt_version": "1.10.22", "profile_name": "seven_shifts_project", "target_name": "dev", "connection_name": "list_7shifts_nyc_data"} */

        pragma database_list
    
[0m12:19:08.802032 [debug] [ThreadPool]: SQL status: OK in 0.000 seconds
[0m12:19:08.802728 [debug] [ThreadPool]: On list_7shifts_nyc_data: ROLLBACK
[0m12:19:08.802916 [debug] [ThreadPool]: On list_7shifts_nyc_data: Close
[0m12:19:08.803641 [debug] [ThreadPool]: Re-using an available connection from the pool (formerly list_7shifts_nyc_data, now list_7shifts_nyc_data_main)
[0m12:19:08.808643 [debug] [ThreadPool]: Using sqlite connection "list_7shifts_nyc_data_main"
[0m12:19:08.808845 [debug] [ThreadPool]: On list_7shifts_nyc_data_main: BEGIN
[0m12:19:08.809018 [debug] [ThreadPool]: Opening a new connection, currently in state closed
[0m12:19:08.809328 [debug] [ThreadPool]: SQL status: OK in 0.000 seconds
[0m12:19:08.809512 [debug] [ThreadPool]: Using sqlite connection "list_7shifts_nyc_data_main"
[0m12:19:08.809692 [debug] [ThreadPool]: On list_7shifts_nyc_data_main: /* {"app": "dbt", "dbt_version": "1.10.22", "profile_name": "seven_shifts_project", "target_name": "dev", "connection_name": "list_7shifts_nyc_data_main"} */

        pragma database_list
    
[0m12:19:08.809873 [debug] [ThreadPool]: SQL status: OK in 0.000 seconds
[0m12:19:08.810571 [debug] [ThreadPool]: Using sqlite connection "list_7shifts_nyc_data_main"
[0m12:19:08.810776 [debug] [ThreadPool]: On list_7shifts_nyc_data_main: /* {"app": "dbt", "dbt_version": "1.10.22", "profile_name": "seven_shifts_project", "target_name": "dev", "connection_name": "list_7shifts_nyc_data_main"} */

            SELECT
                '7shifts_nyc_data' as database
                ,name
                ,'main' AS schema
                ,type as data_type
            FROM
                main.sqlite_master
            WHERE
                name NOT LIKE 'sqlite_%'
        
[0m12:19:08.811077 [debug] [ThreadPool]: SQL status: OK in 0.000 seconds
[0m12:19:08.811725 [debug] [ThreadPool]: On list_7shifts_nyc_data_main: ROLLBACK
[0m12:19:08.811921 [debug] [ThreadPool]: On list_7shifts_nyc_data_main: Close
[0m12:19:08.812508 [debug] [MainThread]: Sending event: {'category': 'dbt', 'action': 'runnable_timing', 'label': 'e1f6d12b-42e3-47ca-881b-b40239f7bcd7', 'context': [<snowplow_tracker.self_describing_json.SelfDescribingJson object at 0x1071e4490>]}
[0m12:19:08.812786 [debug] [MainThread]: Using sqlite connection "master"
[0m12:19:08.812970 [debug] [MainThread]: On master: BEGIN
[0m12:19:08.813141 [debug] [MainThread]: Opening a new connection, currently in state init
[0m12:19:08.813409 [debug] [MainThread]: SQL status: OK in 0.000 seconds
[0m12:19:08.813583 [debug] [MainThread]: On master: COMMIT
[0m12:19:08.813752 [debug] [MainThread]: Using sqlite connection "master"
[0m12:19:08.813915 [debug] [MainThread]: On master: COMMIT
[0m12:19:08.814081 [debug] [MainThread]: SQL status: OK in 0.000 seconds
[0m12:19:08.814247 [debug] [MainThread]: On master: Close
[0m12:19:08.815504 [debug] [Thread-1  ]: Began running node model.seven_shifts_project.stg_companies
[0m12:19:08.815857 [info ] [Thread-1  ]: 1 of 4 START sql view model main.stg_companies ................................. [RUN]
[0m12:19:08.816129 [debug] [Thread-1  ]: Re-using an available connection from the pool (formerly list_7shifts_nyc_data_main, now model.seven_shifts_project.stg_companies)
[0m12:19:08.816337 [debug] [Thread-1  ]: Began compiling node model.seven_shifts_project.stg_companies
[0m12:19:08.822585 [debug] [Thread-1  ]: Writing injected SQL for node "model.seven_shifts_project.stg_companies"
[0m12:19:08.823149 [debug] [Thread-1  ]: Began executing node model.seven_shifts_project.stg_companies
[0m12:19:08.832829 [debug] [Thread-1  ]: Writing runtime sql for node "model.seven_shifts_project.stg_companies"
[0m12:19:08.833292 [debug] [Thread-1  ]: Using sqlite connection "model.seven_shifts_project.stg_companies"
[0m12:19:08.833519 [debug] [Thread-1  ]: On model.seven_shifts_project.stg_companies: BEGIN
[0m12:19:08.833718 [debug] [Thread-1  ]: Opening a new connection, currently in state closed
[0m12:19:08.834067 [debug] [Thread-1  ]: SQL status: OK in 0.000 seconds
[0m12:19:08.834265 [debug] [Thread-1  ]: Using sqlite connection "model.seven_shifts_project.stg_companies"
[0m12:19:08.834468 [debug] [Thread-1  ]: On model.seven_shifts_project.stg_companies: /* {"app": "dbt", "dbt_version": "1.10.22", "profile_name": "seven_shifts_project", "target_name": "dev", "node_id": "model.seven_shifts_project.stg_companies"} */

    
    create view main."stg_companies" as
    SELECT * FROM main."companies"
WHERE num_locations <= 50 OR num_locations IS NULL;
[0m12:19:08.834881 [debug] [Thread-1  ]: SQL status: OK in 0.000 seconds
[0m12:19:08.838121 [debug] [Thread-1  ]: On model.seven_shifts_project.stg_companies: COMMIT
[0m12:19:08.838350 [debug] [Thread-1  ]: Using sqlite connection "model.seven_shifts_project.stg_companies"
[0m12:19:08.838552 [debug] [Thread-1  ]: On model.seven_shifts_project.stg_companies: COMMIT
[0m12:19:08.838977 [debug] [Thread-1  ]: SQL status: OK in 0.000 seconds
[0m12:19:08.840525 [debug] [Thread-1  ]: On model.seven_shifts_project.stg_companies: Close
[0m12:19:08.841689 [debug] [Thread-1  ]: Sending event: {'category': 'dbt', 'action': 'run_model', 'label': 'e1f6d12b-42e3-47ca-881b-b40239f7bcd7', 'context': [<snowplow_tracker.self_describing_json.SelfDescribingJson object at 0x107bb21c0>]}
[0m12:19:08.842061 [info ] [Thread-1  ]: 1 of 4 OK created sql view model main.stg_companies ............................ [[32mOK[0m in 0.02s]
[0m12:19:08.842406 [debug] [Thread-1  ]: Finished running node model.seven_shifts_project.stg_companies
[0m12:19:08.842653 [debug] [Thread-1  ]: Began running node model.seven_shifts_project.stg_crm_accounts
[0m12:19:08.842956 [info ] [Thread-1  ]: 2 of 4 START sql view model main.stg_crm_accounts .............................. [RUN]
[0m12:19:08.843221 [debug] [Thread-1  ]: Re-using an available connection from the pool (formerly model.seven_shifts_project.stg_companies, now model.seven_shifts_project.stg_crm_accounts)
[0m12:19:08.843440 [debug] [Thread-1  ]: Began compiling node model.seven_shifts_project.stg_crm_accounts
[0m12:19:08.845180 [debug] [Thread-1  ]: Writing injected SQL for node "model.seven_shifts_project.stg_crm_accounts"
[0m12:19:08.845718 [debug] [Thread-1  ]: Began executing node model.seven_shifts_project.stg_crm_accounts
[0m12:19:08.847287 [debug] [Thread-1  ]: Writing runtime sql for node "model.seven_shifts_project.stg_crm_accounts"
[0m12:19:08.847748 [debug] [Thread-1  ]: Using sqlite connection "model.seven_shifts_project.stg_crm_accounts"
[0m12:19:08.847958 [debug] [Thread-1  ]: On model.seven_shifts_project.stg_crm_accounts: BEGIN
[0m12:19:08.848166 [debug] [Thread-1  ]: Opening a new connection, currently in state closed
[0m12:19:08.848580 [debug] [Thread-1  ]: SQL status: OK in 0.000 seconds
[0m12:19:08.848800 [debug] [Thread-1  ]: Using sqlite connection "model.seven_shifts_project.stg_crm_accounts"
[0m12:19:08.849008 [debug] [Thread-1  ]: On model.seven_shifts_project.stg_crm_accounts: /* {"app": "dbt", "dbt_version": "1.10.22", "profile_name": "seven_shifts_project", "target_name": "dev", "node_id": "model.seven_shifts_project.stg_crm_accounts"} */

    
    create view main."stg_crm_accounts" as
    SELECT * FROM main."crm_accounts";
[0m12:19:08.849401 [debug] [Thread-1  ]: SQL status: OK in 0.000 seconds
[0m12:19:08.850109 [debug] [Thread-1  ]: On model.seven_shifts_project.stg_crm_accounts: COMMIT
[0m12:19:08.850325 [debug] [Thread-1  ]: Using sqlite connection "model.seven_shifts_project.stg_crm_accounts"
[0m12:19:08.850521 [debug] [Thread-1  ]: On model.seven_shifts_project.stg_crm_accounts: COMMIT
[0m12:19:08.850891 [debug] [Thread-1  ]: SQL status: OK in 0.000 seconds
[0m12:19:08.851269 [debug] [Thread-1  ]: On model.seven_shifts_project.stg_crm_accounts: Close
[0m12:19:08.851586 [debug] [Thread-1  ]: Sending event: {'category': 'dbt', 'action': 'run_model', 'label': 'e1f6d12b-42e3-47ca-881b-b40239f7bcd7', 'context': [<snowplow_tracker.self_describing_json.SelfDescribingJson object at 0x107bb21c0>]}
[0m12:19:08.851937 [info ] [Thread-1  ]: 2 of 4 OK created sql view model main.stg_crm_accounts ......................... [[32mOK[0m in 0.01s]
[0m12:19:08.852259 [debug] [Thread-1  ]: Finished running node model.seven_shifts_project.stg_crm_accounts
[0m12:19:08.852493 [debug] [Thread-1  ]: Began running node model.seven_shifts_project.stg_locations
[0m12:19:08.852778 [info ] [Thread-1  ]: 3 of 4 START sql view model main.stg_locations ................................. [RUN]
[0m12:19:08.853032 [debug] [Thread-1  ]: Re-using an available connection from the pool (formerly model.seven_shifts_project.stg_crm_accounts, now model.seven_shifts_project.stg_locations)
[0m12:19:08.853247 [debug] [Thread-1  ]: Began compiling node model.seven_shifts_project.stg_locations
[0m12:19:08.855670 [debug] [Thread-1  ]: Writing injected SQL for node "model.seven_shifts_project.stg_locations"
[0m12:19:08.856019 [debug] [Thread-1  ]: Began executing node model.seven_shifts_project.stg_locations
[0m12:19:08.857573 [debug] [Thread-1  ]: Writing runtime sql for node "model.seven_shifts_project.stg_locations"
[0m12:19:08.857919 [debug] [Thread-1  ]: Using sqlite connection "model.seven_shifts_project.stg_locations"
[0m12:19:08.858164 [debug] [Thread-1  ]: On model.seven_shifts_project.stg_locations: BEGIN
[0m12:19:08.858377 [debug] [Thread-1  ]: Opening a new connection, currently in state closed
[0m12:19:08.858719 [debug] [Thread-1  ]: SQL status: OK in 0.000 seconds
[0m12:19:08.858932 [debug] [Thread-1  ]: Using sqlite connection "model.seven_shifts_project.stg_locations"
[0m12:19:08.859152 [debug] [Thread-1  ]: On model.seven_shifts_project.stg_locations: /* {"app": "dbt", "dbt_version": "1.10.22", "profile_name": "seven_shifts_project", "target_name": "dev", "node_id": "model.seven_shifts_project.stg_locations"} */

    
    create view main."stg_locations" as
    SELECT * FROM main."locations"
WHERE LOWER(cuisine_type) NOT LIKE '%pharmacy%'
  AND LOWER(cuisine_type) NOT LIKE '%cvs%'
  AND LOWER(cuisine_type) NOT LIKE '%apparel%'
  AND LOWER(cuisine_type) NOT LIKE '%convenience%'
  AND LOWER(cuisine_type) NOT LIKE '%grocery%'
  AND LOWER(cuisine_type) NOT LIKE '%supermarket%'
  AND LOWER(cuisine_type) NOT LIKE '%department store%';
[0m12:19:08.859587 [debug] [Thread-1  ]: SQL status: OK in 0.000 seconds
[0m12:19:08.860226 [debug] [Thread-1  ]: On model.seven_shifts_project.stg_locations: COMMIT
[0m12:19:08.860432 [debug] [Thread-1  ]: Using sqlite connection "model.seven_shifts_project.stg_locations"
[0m12:19:08.860626 [debug] [Thread-1  ]: On model.seven_shifts_project.stg_locations: COMMIT
[0m12:19:08.860995 [debug] [Thread-1  ]: SQL status: OK in 0.000 seconds
[0m12:19:08.861370 [debug] [Thread-1  ]: On model.seven_shifts_project.stg_locations: Close
[0m12:19:08.861805 [debug] [Thread-1  ]: Sending event: {'category': 'dbt', 'action': 'run_model', 'label': 'e1f6d12b-42e3-47ca-881b-b40239f7bcd7', 'context': [<snowplow_tracker.self_describing_json.SelfDescribingJson object at 0x105c35400>]}
[0m12:19:08.862229 [info ] [Thread-1  ]: 3 of 4 OK created sql view model main.stg_locations ............................ [[32mOK[0m in 0.01s]
[0m12:19:08.862573 [debug] [Thread-1  ]: Finished running node model.seven_shifts_project.stg_locations
[0m12:19:08.862936 [debug] [Thread-1  ]: Began running node model.seven_shifts_project.fct_vendor_signals
[0m12:19:08.863247 [info ] [Thread-1  ]: 4 of 4 START sql table model main.fct_vendor_signals ........................... [RUN]
[0m12:19:08.863533 [debug] [Thread-1  ]: Re-using an available connection from the pool (formerly model.seven_shifts_project.stg_locations, now model.seven_shifts_project.fct_vendor_signals)
[0m12:19:08.863756 [debug] [Thread-1  ]: Began compiling node model.seven_shifts_project.fct_vendor_signals
[0m12:19:08.867052 [debug] [Thread-1  ]: Writing injected SQL for node "model.seven_shifts_project.fct_vendor_signals"
[0m12:19:08.867403 [debug] [Thread-1  ]: Began executing node model.seven_shifts_project.fct_vendor_signals
[0m12:19:08.874913 [debug] [Thread-1  ]: Writing runtime sql for node "model.seven_shifts_project.fct_vendor_signals"
[0m12:19:08.875486 [debug] [Thread-1  ]: Using sqlite connection "model.seven_shifts_project.fct_vendor_signals"
[0m12:19:08.875716 [debug] [Thread-1  ]: On model.seven_shifts_project.fct_vendor_signals: BEGIN
[0m12:19:08.875916 [debug] [Thread-1  ]: Opening a new connection, currently in state closed
[0m12:19:08.876252 [debug] [Thread-1  ]: SQL status: OK in 0.000 seconds
[0m12:19:08.876447 [debug] [Thread-1  ]: Using sqlite connection "model.seven_shifts_project.fct_vendor_signals"
[0m12:19:08.876745 [debug] [Thread-1  ]: On model.seven_shifts_project.fct_vendor_signals: /* {"app": "dbt", "dbt_version": "1.10.22", "profile_name": "seven_shifts_project", "target_name": "dev", "node_id": "model.seven_shifts_project.fct_vendor_signals"} */

  
    
    
    create  table main."fct_vendor_signals"
    as
        

WITH crm AS (
    SELECT 
        company_id,
        company_name,
        LOWER(REPLACE(REPLACE(domain, 'www.', ''), 'https://', '')) AS clean_domain,
        plan_name AS crm_plan,
        locations_in_7shifts AS crm_location_count
    FROM main."stg_crm_accounts"
),

vendor_signals_agg AS (
    SELECT 
        c.account_id AS vendor_id,
        c.company_name AS vendor_name,
        c.website AS vendor_website,
        LOWER(REPLACE(REPLACE(c.website, 'www.', ''), 'https://', '')) AS clean_domain,
        c.num_locations AS global_location_count,
        c.pos_vendor AS vendor_pos,
        SUM(CASE WHEN l.city IN ('New York', 'Brooklyn', 'Queens', 'Bronx', 'Staten Island') THEN 1 ELSE 0 END) AS total_nyc_locations,
        ROUND(AVG(CASE WHEN l.city IN ('New York', 'Brooklyn', 'Queens', 'Bronx', 'Staten Island') THEN l.review_rating ELSE NULL END), 1) AS avg_nyc_rating,
        GROUP_CONCAT(DISTINCT LOWER(l.cuisine_type)) AS cuisines
    FROM main."stg_companies" c
    LEFT JOIN main."stg_locations" l ON c.account_id = l.account_id
    GROUP BY c.account_id, c.company_name, c.website, c.num_locations, c.pos_vendor
),

master_join AS (
    -- Simulating FULL OUTER JOIN
    SELECT 
        COALESCE(c.clean_domain, v.clean_domain) AS primary_domain,
        c.company_id,
        c.company_name AS crm_name,
        c.crm_plan,
        c.crm_location_count,
        v.vendor_id,
        v.vendor_name,
        v.vendor_website,
        v.global_location_count,
        v.total_nyc_locations,
        v.avg_nyc_rating,
        v.vendor_pos,
        v.cuisines
    FROM crm c
    LEFT JOIN vendor_signals_agg v ON c.clean_domain = v.clean_domain
    
    UNION
    
    SELECT 
        COALESCE(c.clean_domain, v.clean_domain) AS primary_domain,
        c.company_id,
        c.company_name AS crm_name,
        c.crm_plan,
        c.crm_location_count,
        v.vendor_id,
        v.vendor_name,
        v.vendor_website,
        v.global_location_count,
        v.total_nyc_locations,
        v.avg_nyc_rating,
        v.vendor_pos,
        v.cuisines
    FROM vendor_signals_agg v
    LEFT JOIN crm c ON v.clean_domain = c.clean_domain
),

segmentation_layer AS (
    SELECT 
        primary_domain, 
        company_id, 
        crm_name, 
        crm_plan, 
        crm_location_count, 
        vendor_id, 
        vendor_name, 
        vendor_website, 
        global_location_count, 
        total_nyc_locations, 
        avg_nyc_rating, 
        vendor_pos, 
        cuisines, 
        (COALESCE(global_location_count, 0) - COALESCE(crm_location_count, 0)) AS location_whitespace,
        CASE 
            -- Tier 1 & 2: Successfully Joined Records
            WHEN company_id IS NOT NULL AND vendor_id IS NOT NULL AND total_nyc_locations >= 3 AND avg_nyc_rating >= 4.0 THEN 'CREDIBLE_PARTNER'
            WHEN company_id IS NOT NULL AND vendor_id IS NOT NULL AND ((COALESCE(global_location_count, 0) - COALESCE(crm_location_count, 0)) >= 2 OR crm_plan IN ('Essentials', 'Comp')) THEN 'EXPANSION_OPPORTUNITY'
            -- Pipeline Pass-Through: Orphaned CRM Records sent to Gemini
            WHEN company_id IS NOT NULL AND vendor_id IS NULL THEN 'PENDING_RESOLUTION'
            -- Pipeline Pass-Through: Orphaned Vendor Records
            WHEN company_id IS NULL AND vendor_id IS NOT NULL AND total_nyc_locations >= 1 THEN 'NET_NEW_TARGET'
            -- Catch-All
            ELSE 'UNCLASSIFIED'
        END AS gtm_segment
    FROM master_join
)

SELECT 
    primary_domain, 
    company_id, 
    crm_name, 
    crm_plan, 
    crm_location_count, 
    vendor_id, 
    vendor_name, 
    vendor_website, 
    global_location_count, 
    total_nyc_locations, 
    avg_nyc_rating, 
    vendor_pos, 
    cuisines, 
    location_whitespace,
    gtm_segment
FROM segmentation_layer
WHERE gtm_segment != 'UNCLASSIFIED'

  
[0m12:19:08.915548 [debug] [Thread-1  ]: SQL status: OK in 0.038 seconds
[0m12:19:08.916378 [debug] [Thread-1  ]: On model.seven_shifts_project.fct_vendor_signals: COMMIT
[0m12:19:08.916604 [debug] [Thread-1  ]: Using sqlite connection "model.seven_shifts_project.fct_vendor_signals"
[0m12:19:08.916810 [debug] [Thread-1  ]: On model.seven_shifts_project.fct_vendor_signals: COMMIT
[0m12:19:08.917390 [debug] [Thread-1  ]: SQL status: OK in 0.000 seconds
[0m12:19:08.917798 [debug] [Thread-1  ]: On model.seven_shifts_project.fct_vendor_signals: Close
[0m12:19:08.918445 [debug] [Thread-1  ]: Sending event: {'category': 'dbt', 'action': 'run_model', 'label': 'e1f6d12b-42e3-47ca-881b-b40239f7bcd7', 'context': [<snowplow_tracker.self_describing_json.SelfDescribingJson object at 0x107d8fe20>]}
[0m12:19:08.918817 [info ] [Thread-1  ]: 4 of 4 OK created sql table model main.fct_vendor_signals ...................... [[32mOK[0m in 0.05s]
[0m12:19:08.919159 [debug] [Thread-1  ]: Finished running node model.seven_shifts_project.fct_vendor_signals
[0m12:19:08.919726 [debug] [MainThread]: Using sqlite connection "master"
[0m12:19:08.920013 [debug] [MainThread]: On master: BEGIN
[0m12:19:08.920292 [debug] [MainThread]: Opening a new connection, currently in state closed
[0m12:19:08.920605 [debug] [MainThread]: SQL status: OK in 0.000 seconds
[0m12:19:08.920787 [debug] [MainThread]: On master: COMMIT
[0m12:19:08.920961 [debug] [MainThread]: Using sqlite connection "master"
[0m12:19:08.921132 [debug] [MainThread]: On master: COMMIT
[0m12:19:08.921301 [debug] [MainThread]: SQL status: OK in 0.000 seconds
[0m12:19:08.921467 [debug] [MainThread]: On master: Close
[0m12:19:08.921688 [debug] [MainThread]: Connection 'master' was properly closed.
[0m12:19:08.921848 [debug] [MainThread]: Connection 'model.seven_shifts_project.fct_vendor_signals' was properly closed.
[0m12:19:08.922055 [info ] [MainThread]: 
[0m12:19:08.922265 [info ] [MainThread]: Finished running 1 table model, 3 view models in 0 hours 0 minutes and 0.16 seconds (0.16s).
[0m12:19:08.922852 [debug] [MainThread]: Command end result
[0m12:19:08.935944 [debug] [MainThread]: Wrote artifact WritableManifest to /Users/nicholaschong/Projects/7shifts_summit_project/seven_shifts_project/target/manifest.json
[0m12:19:08.936845 [debug] [MainThread]: Wrote artifact SemanticManifest to /Users/nicholaschong/Projects/7shifts_summit_project/seven_shifts_project/target/semantic_manifest.json
[0m12:19:08.940808 [debug] [MainThread]: Wrote artifact RunExecutionResult to /Users/nicholaschong/Projects/7shifts_summit_project/seven_shifts_project/target/run_results.json
[0m12:19:08.941013 [info ] [MainThread]: 
[0m12:19:08.941260 [info ] [MainThread]: [32mCompleted successfully[0m
[0m12:19:08.941456 [info ] [MainThread]: 
[0m12:19:08.941672 [info ] [MainThread]: Done. PASS=4 WARN=0 ERROR=0 SKIP=0 NO-OP=0 TOTAL=4
[0m12:19:08.943516 [debug] [MainThread]: Resource report: {"command_name": "run", "command_success": true, "command_wall_clock_time": 0.85366786, "process_in_blocks": "0", "process_kernel_time": 0.177083, "process_mem_max_rss": "129875968", "process_out_blocks": "0", "process_user_time": 1.363758}
[0m12:19:08.943751 [debug] [MainThread]: Command `dbt run` succeeded at 12:19:08.943708 after 0.85 seconds
[0m12:19:08.943959 [debug] [MainThread]: Sending event: {'category': 'dbt', 'action': 'invocation', 'label': 'end', 'context': [<snowplow_tracker.self_describing_json.SelfDescribingJson object at 0x1061b6d90>, <snowplow_tracker.self_describing_json.SelfDescribingJson object at 0x10643f430>, <snowplow_tracker.self_describing_json.SelfDescribingJson object at 0x10492df70>]}
[0m12:19:08.944173 [debug] [MainThread]: Flushing usage events
[0m12:19:09.182920 [debug] [MainThread]: An error was encountered while trying to flush usage events
